{"type":"FeatureCollection","name":"keneirin","crs":{"type":"name","properties":{"name":"urn:ogc:def:crs:OGC:1.3:CRS84"}},"features":[{"type":"Feature","properties":{"口座番号":"071"},"geometry":{"type":"MultiPolygon","coordinates":[[[[136.327810084793811,36.243278422208597,0.0],[136.328129868624387,36.243484609815091,0.0],[136.328255204431201,36.243616342827742,0.0],[136.32842234351051,36.243727016034491,0.0],[136.328761699338997,36.24363614029911,0.0],[136.329036814656291,36.243599211028283,0.0],[136.329258268698311,36.243584421627901,0.0],[136.329661416987193,36.243505041089712,0.0],[136.329812419811191,36.24340894911677,0.0],[136.32993159412149,36.243274141599763,0.0],[136.33007310974341,36.243170574589954,0.0],[136.330500375682391,36.242931950730217,0.0],[136.330726870591093,36.242792240694833,0.0],[136.330972241500092,36.242681627623433,0.0],[136.331224637450191,36.24261337717666,0.0],[136.331637034388592,36.242617985990933,0.0],[136.332015181947412,36.242704067914161,0.0],[136.332533520146512,36.242850546188443,0.0],[136.333010143140086,36.243009433865893,0.0],[136.3331619586763,36.243062763805391,0.0],[136.333227589664006,36.243042309170008,0.0],[136.333594793695312,36.242935331537858,0.0],[136.333816624360708,36.2428432669156,0.0],[136.333983750430889,36.242750076677339,0.0],[136.333997603226209,36.241760025303279,0.0],[136.33402741094821,36.241673313593722,0.0],[136.334190226087486,36.241497266461913,0.0],[136.334286607323008,36.241262723031348,0.0],[136.334343719390489,36.240949324659937,0.0],[136.334583592877408,36.240095481533992,0.0],[136.334608312744393,36.239759140530907,0.0],[136.334596759770704,36.239481306603693,0.0],[136.334642629361497,36.239081179145572,0.0],[136.3346907830867,36.238938209345001,0.0],[136.334823154669493,36.23869093390288,0.0],[136.334893573296313,36.238464648707478,0.0],[136.334961571065406,36.238160083088609,0.0],[136.334983242854292,36.237738319177843,0.0],[136.334996302929994,36.237051938812812,0.0],[136.334979313747112,36.236792212958569,0.0],[136.334941694142714,36.236618109314669,0.0],[136.334842870980907,36.236378960732651,0.0],[136.334686536205993,36.236167485462261,0.0],[136.334570003557587,36.236022705134779,0.0],[136.334466762696508,36.235923229732393,0.0],[136.334275428137687,36.2357347881876,0.0],[136.33403460846381,36.235533793491342,0.0],[136.33374761106279,36.235326482556452,0.0],[136.333652321773087,36.235261628716032,0.0],[136.333423953539693,36.235034972306991,0.0],[136.333349411277197,36.234942673363207,0.0],[136.333199405968287,36.234767629481702,0.0],[136.332959912662204,36.234419194900937,0.0],[136.332771474994786,36.234150246294988,0.0],[136.33256072800981,36.233807581045127,0.0],[136.332443830784797,36.233592466297267,0.0],[136.332353223565207,36.233364280841663,0.0],[136.332295109295188,36.233146572847517,0.0],[136.332285210745113,36.232888487577377,0.0],[136.332313936099411,36.232600690346572,0.0],[136.332314771874991,36.232374187055377,0.0],[136.332305451600206,36.232081880443992,0.0],[136.33230201599369,36.231486262481859,0.0],[136.332241109960705,36.231240275928087,0.0],[136.332154906821188,36.23099689508259,0.0],[136.332090246005293,36.230514862967318,0.0],[136.3320502845026,36.230385503940163,0.0],[136.332001896701797,36.23024734389179,0.0],[136.331897734543503,36.230104419078678,0.0],[136.331788549650099,36.230165708102383,0.0],[136.331559808561593,36.230164611043357,0.0],[136.33133632475321,36.230133077747332,0.0],[136.331081187585596,36.230062329960091,0.0],[136.330835825405103,36.230059646384603,0.0],[136.330563321294591,36.230115190509757,0.0],[136.330274246169296,36.230105676079063,0.0],[136.32972077564969,36.229991486990841,0.0],[136.329333442933603,36.230002764449438,0.0],[136.32859090403511,36.230250335586568,0.0],[136.328270429033807,36.230438668039241,0.0],[136.328021386052512,36.230664215859477,0.0],[136.327822903118005,36.230793763960143,0.0],[136.327646881493592,36.230856884171622,0.0],[136.327525176753994,36.23093948368637,0.0],[136.3274271783676,36.231166589704593,0.0],[136.327392479312493,36.231508559992598,0.0],[136.327322311594486,36.231632430769217,0.0],[136.327066130965989,36.231847193343491,0.0],[136.326859143015014,36.232104822983672,0.0],[136.326811402793908,36.232240666374558,0.0],[136.326843726135991,36.232479678353137,0.0],[136.326796126106302,36.233043823694068,0.0],[136.326533418605095,36.234069375108596,0.0],[136.326540637702408,36.234485468648309,0.0],[136.326501804166497,36.234695437161029,0.0],[136.326359103488386,36.235089346844511,0.0],[136.326357462989904,36.235242640377543,0.0],[136.326455611406487,36.235589496961303,0.0],[136.326458470611101,36.235811347503677,0.0],[136.326440609797686,36.235932027710433,0.0],[136.326425240480887,36.236160658368107,0.0],[136.326573767604287,36.23644585570797,0.0],[136.326669794323408,36.237093367897749,0.0],[136.326744690672712,36.23781623724944,0.0],[136.326749910753591,36.238698514100079,0.0],[136.326704401928794,36.239202610018381,0.0],[136.326703916086188,36.239608956075138,0.0],[136.326773919144614,36.239867212850598,0.0],[136.326864615165789,36.24003569720098,0.0],[136.327239495196494,36.240442150513367,0.0],[136.327326570240501,36.240690773317503,0.0],[136.327493621080009,36.240990518567664,0.0],[136.327566005485608,36.2411682064497,0.0],[136.327588602188086,36.241370618091658,0.0],[136.327497655105788,36.242295887657193,0.0],[136.327443216300708,36.242788257754881,0.0],[136.3274535506566,36.242924531054364,0.0],[136.327505755155613,36.243058419526029,0.0],[136.327810084793811,36.243278422208597,0.0],[136.327810084793811,36.243278422208597,0.0]]],[[[136.342346796894702,36.241485821493193,0.0],[136.3426224026569,36.241711629971363,0.0],[136.342739794099998,36.241807852135892,0.0],[136.342932452735113,36.242018488194987,0.0],[136.343219439345091,36.24229021891172,0.0],[136.343352205695908,36.242449489338661,0.0],[136.343466319015192,36.242682064049291,0.0],[136.343696257977314,36.243101766305642,0.0],[136.343998882780596,36.242994848616803,0.0],[136.344244939891809,36.242882241876359,0.0],[136.344432665937802,36.242740162703711,0.0],[136.344742938222595,36.242438071220128,0.0],[136.345075994928095,36.242138632771749,0.0],[136.345523977652789,36.241735337950963,0.0],[136.345946278253592,36.241416268156378,0.0],[136.346024675604099,36.241091654090653,0.0],[136.346186054687195,36.240920887208972,0.0],[136.346460904323294,36.240573778079437,0.0],[136.346803713482188,36.240433510782843,0.0],[136.347610010895409,36.240198331634957,0.0],[136.34807451431189,36.239169643224884,0.0],[136.348093719304899,36.239020651266308,0.0],[136.348185053108693,36.238669760446832,0.0],[136.348321783364014,36.238364493620217,0.0],[136.3484981029072,36.237895126450098,0.0],[136.3485717354869,36.237811705545788,0.0],[136.34874055361459,36.237706956363603,0.0],[136.348958807243491,36.237503384585892,0.0],[136.3490799460522,36.237275579003288,0.0],[136.34944788503239,36.236395481440553,0.0],[136.349135907454098,36.236170162761383,0.0],[136.348796058853708,36.23599272957852,0.0],[136.348672586661792,36.235920304629047,0.0],[136.348554718213308,36.235806355346398,0.0],[136.348494890124897,36.235725261776253,0.0],[136.348440498486099,36.235604706716117,0.0],[136.348294374249093,36.235413207840551,0.0],[136.348221767661499,36.235240213513848,0.0],[136.348184075594503,36.235122174430671,0.0],[136.348073637725889,36.234954485572857,0.0],[136.347955576553687,36.234822643454052,0.0],[136.347856925566902,36.234684572965079,0.0],[136.347836375748102,36.234543874428617,0.0],[136.347819474065801,36.234298602352311,0.0],[136.347720506197788,36.234088811761453,0.0],[136.347547591029212,36.233914969020013,0.0],[136.347123522503097,36.23390166705061,0.0],[136.346621940964809,36.233981893274532,0.0],[136.346225121345896,36.234063000773652,0.0],[136.345980190326202,36.23406558295958,0.0],[136.345533862237687,36.233933528493679,0.0],[136.345158889864791,36.233877320343602,0.0],[136.345035006431402,36.233795929399733,0.0],[136.344716386807306,36.233872256873852,0.0],[136.344488110458002,36.233968184015723,0.0],[136.344286861640711,36.234109400978113,0.0],[136.344143200874697,36.234234303255278,0.0],[136.344068967901308,36.234318209434448,0.0],[136.343802408954787,36.234541031743937,0.0],[136.34360060368661,36.234742400113262,0.0],[136.343422323590801,36.234936281915012,0.0],[136.343198141636492,36.235201659017612,0.0],[136.343019071741594,36.235396823557373,0.0],[136.342995681020312,36.235465189835153,0.0],[136.343051497483799,36.235630886829632,0.0],[136.343133614400102,36.235783342371327,0.0],[136.343196399901899,36.235949793851837,0.0],[136.343299126764606,36.236132769002722,0.0],[136.343378969976413,36.236336754484647,0.0],[136.343348892456703,36.236454097039953,0.0],[136.3432620843937,36.236672597713827,0.0],[136.343137431868712,36.237033530688429,0.0],[136.343043857110104,36.237371579072253,0.0],[136.342921970087389,36.237704437639003,0.0],[136.342747368619513,36.238006958933788,0.0],[136.342642632693099,36.238233032370538,0.0],[136.3425387644848,36.238393340456867,0.0],[136.342359891368091,36.238615734965812,0.0],[136.342270846818593,36.238710753151032,0.0],[136.342117850691494,36.238796727091547,0.0],[136.341863547214302,36.238910619218473,0.0],[136.341670892399492,36.239043637076577,0.0],[136.341474000066114,36.239269725488938,0.0],[136.341313315831911,36.23962255602266,0.0],[136.341207076060186,36.239773713165079,0.0],[136.341078547078013,36.239908046698872,0.0],[136.340912997710205,36.240040139992338,0.0],[136.340737832001309,36.240153619646748,0.0],[136.340559407427293,36.240243280588558,0.0],[136.340307417512292,36.24035127936282,0.0],[136.339657830330196,36.24056107305681,0.0],[136.3396221985941,36.240606784637677,0.0],[136.33929904533889,36.240821865360132,0.0],[136.339652760372587,36.241286410056773,0.0],[136.339757839087412,36.241411474115267,0.0],[136.339974850429002,36.241756315756533,0.0],[136.340309984908714,36.242234461667891,0.0],[136.340521587805711,36.242474992891069,0.0],[136.340828846070394,36.242278291249342,0.0],[136.341091650618296,36.242121804440011,0.0],[136.341250994567105,36.242062853990113,0.0],[136.341436611173208,36.241993488459592,0.0],[136.341661051465593,36.241881295780708,0.0],[136.342346796894702,36.241485821493193,0.0],[136.342346796894702,36.241485821493193,0.0]]],[[[136.33827457923951,36.237029610381498,0.0],[136.338223828296009,36.237378133814019,0.0],[136.338151615029687,36.237624205710809,0.0],[136.338014364951107,36.237965628263659,0.0],[136.338106095808513,36.23795001479418,0.0],[136.338860826423002,36.238078164032324,0.0],[136.339060619777911,36.238157765721951,0.0],[136.339235565055986,36.238184606737398,0.0],[136.339396700529505,36.237988255138212,0.0],[136.339504588944408,36.237832661446461,0.0],[136.339715922924114,36.23744936751077,0.0],[136.339907318002304,36.237142521718347,0.0],[136.340003427795494,36.236959504629731,0.0],[136.340084788262288,36.236851977808541,0.0],[136.340248798151691,36.2365973702953,0.0],[136.340316021173408,36.236507407635948,0.0],[136.340628017042008,36.236347682444382,0.0],[136.340684077514112,36.236294119187093,0.0],[136.340797912598106,36.236082597075061,0.0],[136.340971836678904,36.235786068154418,0.0],[136.341013075390208,36.235675952925313,0.0],[136.340994223285293,36.235451969677648,0.0],[136.340959637489192,36.235206399003872,0.0],[136.340942039365387,36.234931109344252,0.0],[136.340923772410889,36.234776768661668,0.0],[136.340815006827114,36.234505441622957,0.0],[136.340749932041888,36.234349923396898,0.0],[136.340685863376791,36.23418169529868,0.0],[136.340619202599612,36.234066374867112,0.0],[136.340467957497907,36.233799055905862,0.0],[136.340374263027712,36.233679017110283,0.0],[136.340261190131997,36.23370556233624,0.0],[136.339978847692294,36.233687362940408,0.0],[136.339641184756204,36.233705516750263,0.0],[136.339557119868289,36.233738846431173,0.0],[136.339445674292904,36.23380519006372,0.0],[136.339299353231496,36.233868958153337,0.0],[136.338981038170402,36.233938221863077,0.0],[136.338756927632687,36.234083418900127,0.0],[136.338637891136898,36.23415350264338,0.0],[136.338522787941599,36.234225185289652,0.0],[136.338420844804801,36.234230972278723,0.0],[136.338311635685699,36.234230156713608,0.0],[136.33815162209541,36.23425952031841,0.0],[136.338098834341395,36.234370325161898,0.0],[136.337969949153887,36.234530016284687,0.0],[136.337889082906599,36.234713788108508,0.0],[136.337833685290889,36.234879753475553,0.0],[136.337759270392809,36.235103392955573,0.0],[136.33771061495051,36.235196755315151,0.0],[136.337695226025488,36.235378840150602,0.0],[136.337760134744798,36.235467814317971,0.0],[136.337933456799789,36.235645838594131,0.0],[136.338050033316307,36.235837391370502,0.0],[136.338134928237594,36.236276543999459,0.0],[136.33820713234141,36.236484815004182,0.0],[136.338255912318203,36.236752309562533,0.0],[136.33827457923951,36.237029610381498,0.0],[136.33827457923951,36.237029610381498,0.0]]]]}},{"type":"Feature","properties":{"口座番号":"072"},"geometry":{"type":"MultiPolygon","coordinates":[[[[136.285221466795008,36.312060624077724,0.0],[136.285507133631796,36.311755193023821,0.0],[136.285681102309013,36.311817759923628,0.0],[136.285695029575294,36.310994010336202,0.0],[136.286027003486907,36.310679734622099,0.0],[136.285493352941387,36.309602603139652,0.0],[136.284564358718313,36.309606416082417,0.0],[136.283056595519213,36.308787771528593,0.0],[136.282432429707313,36.308785491437312,0.0],[136.281555445318787,36.308560378224939,0.0],[136.280482413983293,36.308678756018843,0.0],[136.280281444878909,36.308879032222592,0.0],[136.278765820143207,36.308173844083917,0.0],[136.277307821029808,36.307115864093937,0.0],[136.276877412336887,36.306795049966311,0.0],[136.275873133941388,36.307110448004337,0.0],[136.275166738126501,36.30690851884809,0.0],[136.275073537675809,36.305762311897531,0.0],[136.275448225148011,36.305371624050238,0.0],[136.273551765988202,36.30361178378562,0.0],[136.272954442283407,36.302794554498647,0.0],[136.271967116264705,36.302586734417822,0.0],[136.269974016852387,36.303147511529907,0.0],[136.269459759951388,36.302785998663481,0.0],[136.269312481274113,36.301776421777753,0.0],[136.270510234805613,36.301670783087957,0.0],[136.270388879934103,36.301537173113978,0.0],[136.270676798002597,36.30091816334177,0.0],[136.270422221638199,36.300331745292723,0.0],[136.270603182588303,36.300155094978471,0.0],[136.270784414012695,36.300148454635519,0.0],[136.270780937642797,36.299876482289093,0.0],[136.27009217782259,36.299908645000919,0.0],[136.268992157506005,36.300188333857228,0.0],[136.267652214305087,36.300708827375921,0.0],[136.26741107173919,36.299621893909183,0.0],[136.267219115446693,36.299415157060551,0.0],[136.266215673307499,36.300175452715003,0.0],[136.265856212015706,36.299927459229281,0.0],[136.265686222745813,36.300102143662947,0.0],[136.266335340380408,36.300653592942723,0.0],[136.267044316100112,36.301222905709963,0.0],[136.268857360955508,36.300896661095912,0.0],[136.269086238915207,36.300857203607492,0.0],[136.269106251440093,36.301154333055933,0.0],[136.269112779029911,36.301420604457171,0.0],[136.268554920074394,36.302634105007613,0.0],[136.269345671255508,36.303451886928372,0.0],[136.271285108111613,36.303314248671242,0.0],[136.272198323848301,36.303531710313699,0.0],[136.272605914644714,36.305049126459558,0.0],[136.27371190390781,36.304924294199218,0.0],[136.274339861414205,36.305222049888677,0.0],[136.274756655142909,36.30622496341006,0.0],[136.274071305137397,36.307398282317408,0.0],[136.27420851961881,36.307497954300338,0.0],[136.275487902279707,36.307384855546502,0.0],[136.276721779711011,36.30808724438203,0.0],[136.277466411235309,36.308492296461893,0.0],[136.278389846991189,36.308970160319092,0.0],[136.280124179912093,36.309285627008293,0.0],[136.281301725249989,36.309440991131837,0.0],[136.282456321996193,36.310006700869593,0.0],[136.283588282911296,36.310555889118007,0.0],[136.284902762406887,36.310563391502257,0.0],[136.284556061253795,36.311512645467893,0.0],[136.285221466795008,36.312060624077724,0.0],[136.285221466795008,36.312060624077724,0.0]]]]}},{"type":"Feature","properties":{"口座番号":"073"},"geometry":{"type":"MultiPolygon","coordinates":[[[[136.428323204337204,36.228777601230497,0.0],[136.428264312419088,36.229452782180907,0.0],[136.428276801276013,36.229595138598242,0.0],[136.428360028609688,36.22971440487369,0.0],[136.428498821222689,36.229968600039491,0.0],[136.428521569817406,36.230143330121962,0.0],[136.428509403720994,36.230364020280923,0.0],[136.428526282008391,36.230715713841953,0.0],[136.428513039949394,36.231050868080857,0.0],[136.4285465791028,36.231174385351693,0.0],[136.428621511836809,36.231321361959829,0.0],[136.428668174715114,36.231604923192833,0.0],[136.428646331947107,36.231902045891673,0.0],[136.428563907162186,36.232081420251717,0.0],[136.428493627266391,36.23235220559198,0.0],[136.428499053197214,36.23253890480099,0.0],[136.428624701370097,36.232684372809693,0.0],[136.428788105339493,36.23288137540986,0.0],[136.428915268720488,36.233127842020757,0.0],[136.428952881805714,36.233295083048922,0.0],[136.428886075519188,36.233696320294833,0.0],[136.429244593770505,36.233617096681009,0.0],[136.429421869849108,36.233607146883642,0.0],[136.430088452566196,36.233778150782513,0.0],[136.430769665809606,36.233769341054057,0.0],[136.430959854320093,36.233738392292153,0.0],[136.431483467419696,36.233623664950549,0.0],[136.432463591742788,36.233508690426717,0.0],[136.432755776010112,36.233406850090986,0.0],[136.432938592745103,36.233305780402013,0.0],[136.433204422308307,36.233215518129569,0.0],[136.433751127439791,36.233203817251038,0.0],[136.434479457145187,36.233262415724603,0.0],[136.434930227625614,36.233191793264439,0.0],[136.435170836471514,36.233192144304113,0.0],[136.435330718084089,36.23319038185646,0.0],[136.4358546165478,36.233212595317177,0.0],[136.436335523888289,36.23323137521232,0.0],[136.436679295911887,36.233276250892658,0.0],[136.436912270812087,36.233304430730449,0.0],[136.436864628569595,36.233544780987764,0.0],[136.436775487796808,36.233602341860561,0.0],[136.436717155459206,36.23364615435073,0.0],[136.436607930474196,36.233849762651623,0.0],[136.436556781015298,36.234037163587807,0.0],[136.436569267103408,36.234160080586342,0.0],[136.437127880789092,36.234181431440263,0.0],[136.437282341082209,36.234174877354633,0.0],[136.437510389481588,36.234046350750937,0.0],[136.437905978807493,36.233776252263489,0.0],[136.438177325459691,36.233617884891913,0.0],[136.438556474530799,36.233433239542997,0.0],[136.43886275409551,36.233303601057919,0.0],[136.439102016142186,36.23323059182119,0.0],[136.439369590342693,36.233167743851411,0.0],[136.43963407988619,36.233127899393807,0.0],[136.440161851659809,36.233029157621807,0.0],[136.440405309626186,36.233020553234347,0.0],[136.441024615830088,36.233042235331332,0.0],[136.441134942129906,36.233074472181997,0.0],[136.441540305193598,36.233228171238707,0.0],[136.441616348055305,36.233229565801103,0.0],[136.441716712008088,36.233092936271042,0.0],[136.441776056279508,36.233030745214499,0.0],[136.4420542094783,36.232858782156782,0.0],[136.442415161256008,36.232705058415597,0.0],[136.442754953498991,36.23254859998687,0.0],[136.443211288501089,36.23232785497116,0.0],[136.444075095149799,36.232154091487367,0.0],[136.444221348969791,36.232188399083917,0.0],[136.444476028235101,36.23226898225974,0.0],[136.444958674802194,36.232559816997082,0.0],[136.445254194084896,36.232707505366221,0.0],[136.445937581058814,36.23287745263535,0.0],[136.446091871231999,36.232958436120761,0.0],[136.446230375654807,36.233078978305187,0.0],[136.446298812960208,36.233257630369721,0.0],[136.446283180619702,36.233312686582408,0.0],[136.446239687809509,36.233458189326733,0.0],[136.446211188004895,36.233534044094682,0.0],[136.446335683821587,36.233857652787798,0.0],[136.446229573062311,36.233960462208273,0.0],[136.446133160300803,36.234076759715713,0.0],[136.446127300927799,36.234213029336694,0.0],[136.446335499595506,36.234882732846827,0.0],[136.446338652534905,36.235041462215356,0.0],[136.446346586670302,36.235181547920263,0.0],[136.44636583747419,36.235551168778869,0.0],[136.446297795835989,36.235656576840128,0.0],[136.446298328166193,36.235790997667422,0.0],[136.446379408086898,36.235995971528332,0.0],[136.446408102320788,36.236139141951178,0.0],[136.446399047932601,36.236356443214667,0.0],[136.446503303147892,36.236344200730038,0.0],[136.446832320246187,36.236267532640277,0.0],[136.447243589382907,36.236170872478212,0.0],[136.447589304259907,36.236116134087247,0.0],[136.448032078359489,36.236084805918978,0.0],[136.448456572668505,36.236107348651913,0.0],[136.448835519213986,36.236061972925647,0.0],[136.448817186624808,36.236274766483227,0.0],[136.4488440421147,36.236518804094729,0.0],[136.448763736926708,36.23687176570764,0.0],[136.448743141615211,36.237215661017089,0.0],[136.4485982893776,36.237629498717098,0.0],[136.448580709400886,36.23780258058261,0.0],[136.44866711204071,36.238055222157712,0.0],[136.448711503422402,36.238255696804373,0.0],[136.448711913070895,36.238404222570253,0.0],[136.448677653093512,36.23858372499113,0.0],[136.448657726757602,36.238963488292363,0.0],[136.448726462704087,36.23931878974706,0.0],[136.448807448271708,36.239459232463787,0.0],[136.449463376972005,36.239837077548799,0.0],[136.450097706418887,36.240254616633202,0.0],[136.450464316399291,36.240380423309112,0.0],[136.450769343491487,36.240413645503843,0.0],[136.451161912744794,36.2404254194524,0.0],[136.451139472029297,36.240015290167342,0.0],[136.450984085877593,36.239830569969058,0.0],[136.450769769471293,36.239630486351913,0.0],[136.45077953225811,36.239551043160454,0.0],[136.450939527129805,36.239500669718048,0.0],[136.451587571257392,36.23954229987708,0.0],[136.4520041523256,36.239748965628507,0.0],[136.452095161255301,36.239754751017237,0.0],[136.452424364953004,36.239270526841757,0.0],[136.4525020849334,36.239004927907267,0.0],[136.453656318035797,36.239159830216622,0.0],[136.453877231314806,36.239207349150583,0.0],[136.454115443338992,36.239337917885237,0.0],[136.454256832887495,36.239388310656672,0.0],[136.45448361209921,36.239399085416103,0.0],[136.454728441266894,36.23934399173568,0.0],[136.455122351289788,36.239207313903187,0.0],[136.455430779636089,36.239144693813401,0.0],[136.455561271850002,36.239143053220751,0.0],[136.455677016582996,36.239080427148693,0.0],[136.455739771138212,36.238964169846263,0.0],[136.455756868169203,36.238666030534077,0.0],[136.455779897776011,36.238621180644309,0.0],[136.455909615842387,36.238605290544193,0.0],[136.456001645407895,36.238435889862423,0.0],[136.456227855018113,36.238402863558562,0.0],[136.456612305340087,36.238647570491203,0.0],[136.456582342356796,36.238877605957697,0.0],[136.457104134726308,36.238429471735209,0.0],[136.457101853769188,36.23835994709097,0.0],[136.457105115463804,36.238183692132928,0.0],[136.457200452474893,36.237969762290547,0.0],[136.457187430984703,36.237927949196923,0.0],[136.45724445363939,36.237993340795327,0.0],[136.457310286310502,36.238027602566348,0.0],[136.457356087904913,36.238062355699988,0.0],[136.457445388079606,36.238088899283312,0.0],[136.457554658224609,36.23806716222601,0.0],[136.457727214707603,36.237923567559442,0.0],[136.457856137723894,36.237767713761862,0.0],[136.457918677547696,36.237654309211123,0.0],[136.45799727203871,36.237486300018617,0.0],[136.458163360583995,36.23729904505403,0.0],[136.458419436477698,36.23718309730949,0.0],[136.458385893844394,36.237139579327327,0.0],[136.4581750465006,36.237076626533508,0.0],[136.457960873639706,36.236988712901912,0.0],[136.457705570902789,36.236818934603782,0.0],[136.457742897124604,36.236550537586751,0.0],[136.457915307810708,36.236139207652307,0.0],[136.458118113604087,36.235904779761071,0.0],[136.458592693818588,36.235528226134733,0.0],[136.458759491042002,36.235416111317463,0.0],[136.459204443862291,36.234919064277634,0.0],[136.459639192517187,36.234449859361291,0.0],[136.460141266900905,36.233968712041829,0.0],[136.460398542518391,36.23367231606332,0.0],[136.460665329433112,36.234083885492822,0.0],[136.460693035584796,36.234237208629537,0.0],[136.460639674963403,36.234672808128522,0.0],[136.461203179710793,36.234212763319817,0.0],[136.461718034562296,36.233396985290213,0.0],[136.461650720953287,36.233119723632932,0.0],[136.461710418771702,36.233020490684147,0.0],[136.461888502405799,36.232884914810867,0.0],[136.461875555525097,36.232773861802187,0.0],[136.461932121664006,36.232722429769133,0.0],[136.462218561786813,36.232495086367202,0.0],[136.462221082933212,36.232491701627801,0.0],[136.462277906455796,36.232512234500128,0.0],[136.462349963059211,36.232651571157241,0.0],[136.462342350097089,36.232851811549317,0.0],[136.462256628673288,36.233329634185829,0.0],[136.46229524301549,36.2334596630444,0.0],[136.462282807914505,36.233699515484872,0.0],[136.462312010970493,36.233726848021668,0.0],[136.46243383302351,36.233764088123529,0.0],[136.462440121211699,36.233873692282238,0.0],[136.462499129459189,36.233942372828253,0.0],[136.462464855514412,36.234196650409189,0.0],[136.46252191247541,36.234320691553513,0.0],[136.4625774005886,36.234457683668488,0.0],[136.462592875846099,36.234581438603577,0.0],[136.462605036664598,36.234619252561167,0.0],[136.462655435924802,36.234674922131738,0.0],[136.462684907112504,36.234799096481161,0.0],[136.462596718965614,36.235227423290787,0.0],[136.462485397952207,36.235316307281579,0.0],[136.46240996313071,36.235619825716178,0.0],[136.462398343078007,36.235942568861482,0.0],[136.462658514532592,36.236120822449749,0.0],[136.462730252368004,36.236229634610403,0.0],[136.462788040985004,36.236272387364927,0.0],[136.462771767040493,36.236465508071348,0.0],[136.462668599028206,36.23661805975,0.0],[136.462740886526689,36.236665611470407,0.0],[136.462895025823599,36.23658908317659,0.0],[136.462986470587509,36.236482987583997,0.0],[136.463044672966788,36.236438014161131,0.0],[136.463124245046998,36.236485464290418,0.0],[136.463127060151606,36.236630435316748,0.0],[136.46308595837499,36.236668799407802,0.0],[136.463082437030408,36.236737111003883,0.0],[136.463100856506401,36.236791414345987,0.0],[136.463133955272014,36.236830487865809,0.0],[136.463206127150812,36.236890997952059,0.0],[136.463393025563192,36.236969854499343,0.0],[136.463718367398286,36.237014771393163,0.0],[136.463960073204788,36.237015376562873,0.0],[136.464188322261691,36.237023786520602,0.0],[136.464381439470912,36.2370579084767,0.0],[136.464440083362689,36.237071874462259,0.0],[136.464675054364392,36.237074946885549,0.0],[136.464638228734088,36.236918805196012,0.0],[136.464628107102811,36.23663286640857,0.0],[136.464473949132213,36.236145387117027,0.0],[136.464304565996798,36.235896981339302,0.0],[136.464224922721002,36.235533644422823,0.0],[136.464210750493294,36.235306457943949,0.0],[136.464205302886796,36.235102606035483,0.0],[136.464109519699008,36.234985968426699,0.0],[136.464372208908003,36.234819362942552,0.0],[136.464597795056989,36.234636895845647,0.0],[136.4646576056968,36.234453456631499,0.0],[136.464487698808199,36.23426395576525,0.0],[136.464342708895998,36.234151570116182,0.0],[136.464284278084506,36.234016268524627,0.0],[136.464186489585387,36.233912393763603,0.0],[136.464183047683008,36.233837396163842,0.0],[136.464280590380014,36.233729195701862,0.0],[136.465063445470292,36.233838643451882,0.0],[136.465124688773898,36.233820152551907,0.0],[136.465544571758301,36.233433505733167,0.0],[136.465819571198409,36.233401875459244,0.0],[136.465978864141391,36.233471205701157,0.0],[136.466150899503702,36.233585315045403,0.0],[136.466347634190697,36.234028272041257,0.0],[136.466497321398208,36.234219762736267,0.0],[136.466838158341289,36.234513334250387,0.0],[136.466996297659506,36.234693137442378,0.0],[136.467019511506805,36.234702669816429,0.0],[136.467027254535793,36.234526102597052,0.0],[136.466999650340796,36.234392649022183,0.0],[136.466939855646103,36.234179032245883,0.0],[136.466881151958887,36.234073720904682,0.0],[136.466808766481108,36.233888354567227,0.0],[136.466822953624188,36.233450239133987,0.0],[136.466812545039801,36.233233579145818,0.0],[136.466680530812909,36.232816267677642,0.0],[136.466251452769711,36.231850173565249,0.0],[136.465979019074013,36.23130123714764,0.0],[136.465959608840706,36.231075489087686,0.0],[136.46603055070031,36.230826507290807,0.0],[136.466146743796713,36.230596687287573,0.0],[136.466245354324599,36.230237021193851,0.0],[136.466258362031311,36.230115635156793,0.0],[136.466316975874008,36.230063569484507,0.0],[136.466531718359391,36.229965252290697,0.0],[136.466717356916405,36.229843257558457,0.0],[136.466943503178811,36.229468953988118,0.0],[136.467023337082708,36.229223257267442,0.0],[136.467104741787097,36.228674881183203,0.0],[136.467157421015202,36.228572166013699,0.0],[136.467270785922807,36.228225465211501,0.0],[136.467281626280709,36.227952369234792,0.0],[136.467633705638292,36.22750526207831,0.0],[136.467703883871991,36.227152607944532,0.0],[136.467796133876789,36.226927520343068,0.0],[136.468076560700297,36.226569403667312,0.0],[136.468534418160488,36.226188027053468,0.0],[136.468681459165509,36.225954971214172,0.0],[136.468742355343693,36.225733635758857,0.0],[136.468889748653908,36.225455618255573,0.0],[136.468951926300292,36.225331096413584,0.0],[136.468966257220899,36.22513054023598,0.0],[136.468705129487091,36.224397327853332,0.0],[136.468705765536498,36.224314975337649,0.0],[136.468750075545898,36.224237475844021,0.0],[136.469071837000314,36.223769001065691,0.0],[136.469300048465414,36.223542067596107,0.0],[136.469505004870314,36.22338664373855,0.0],[136.46964166211319,36.223280805216653,0.0],[136.469700714500902,36.223114534118437,0.0],[136.469702920597712,36.222878287150493,0.0],[136.469688588399407,36.222527114827727,0.0],[136.469741996057508,36.222407255056112,0.0],[136.469956532637013,36.222205506813133,0.0],[136.470235758574205,36.222056722904597,0.0],[136.470345858143503,36.221896202119609,0.0],[136.470422065684005,36.221650054426078,0.0],[136.470620926572792,36.221021403661901,0.0],[136.47078082472359,36.220612459322787,0.0],[136.471015170773512,36.220155628647063,0.0],[136.471042352041707,36.219872539870863,0.0],[136.471002389430794,36.219509085600627,0.0],[136.470856352749195,36.219321073257632,0.0],[136.470623441866991,36.219052491066947,0.0],[136.470563881389097,36.218882490321391,0.0],[136.470518250934589,36.218577683707132,0.0],[136.470393707026687,36.217888615373091,0.0],[136.470285300288111,36.217435121200857,0.0],[136.470271956573612,36.217102327685453,0.0],[136.470312047055302,36.216623292137058,0.0],[136.4702798370528,36.216580854916693,0.0],[136.470148861498899,36.216467867281267,0.0],[136.470063344836689,36.216374870255443,0.0],[136.470060245302989,36.216257789726072,0.0],[136.470068508571586,36.216099897290341,0.0],[136.470137862196395,36.215863390173162,0.0],[136.47027227476741,36.215564974780072,0.0],[136.470623156697599,36.215156591718653,0.0],[136.470721881819486,36.214857968190813,0.0],[136.470794974895512,36.214198823972879,0.0],[136.470983824716797,36.213797283484197,0.0],[136.470962167157694,36.213608072631253,0.0],[136.470964967218208,36.213446810885053,0.0],[136.470879465447013,36.213337313114693,0.0],[136.470644848082202,36.213172446404783,0.0],[136.470555387616713,36.213045127968442,0.0],[136.470536733006213,36.212939665319439,0.0],[136.47058650913749,36.212506270187703,0.0],[136.470493583231303,36.212332081636838,0.0],[136.470320730076708,36.212077138172148,0.0],[136.470313593786898,36.21158229127871,0.0],[136.470345398355306,36.211236197817172,0.0],[136.470384496912089,36.211186270433387,0.0],[136.470453458791809,36.211125937645122,0.0],[136.470661528717613,36.210995117923403,0.0],[136.470839100993089,36.210812628146613,0.0],[136.471089297619187,36.21043185500686,0.0],[136.471474808320409,36.209488098316768,0.0],[136.471600045210295,36.209327748593537,0.0],[136.4718162543451,36.209196974062813,0.0],[136.472274411785207,36.208932383555862,0.0],[136.472543876533308,36.208724841679121,0.0],[136.472666140160612,36.208556487383788,0.0],[136.47265340086139,36.208289471063352,0.0],[136.472578913703188,36.208020983557809,0.0],[136.472613354123496,36.207851007744267,0.0],[136.472830534995296,36.207657621051609,0.0],[136.473046381125613,36.207615494890547,0.0],[136.473273059092207,36.207590113650888,0.0],[136.473467397576201,36.207496697774708,0.0],[136.473728217574802,36.207334705657573,0.0],[136.473956649005402,36.20711023854895,0.0],[136.474103745909105,36.206926455158943,0.0],[136.474211368008412,36.206705737054307,0.0],[136.474345211293411,36.206468487971108,0.0],[136.474445967644414,36.205936297808172,0.0],[136.474866095083087,36.205449331385047,0.0],[136.474965156654889,36.205265269187308,0.0],[136.474946467638802,36.20489366546861,0.0],[136.474852704073811,36.204555251577851,0.0],[136.47464936882281,36.204338185092659,0.0],[136.474364146766789,36.204108453994117,0.0],[136.474169098126993,36.203908377655907,0.0],[136.473986267791389,36.20338112574683,0.0],[136.473641096852703,36.202687018218803,0.0],[136.473557424410188,36.202491484637129,0.0],[136.473473975390391,36.202270784230038,0.0],[136.473309086786287,36.20204174838252,0.0],[136.473159155312089,36.20190315613155,0.0],[136.473277589794691,36.201804586901872,0.0],[136.473336956738308,36.201613478730728,0.0],[136.473202416784801,36.200984911863358,0.0],[136.473087004559687,36.200679253962527,0.0],[136.472904633946712,36.200491196259307,0.0],[136.472829163702698,36.200328246538547,0.0],[136.472789778421088,36.199903298446593,0.0],[136.472699642434293,36.199553312417137,0.0],[136.472653689996008,36.199148486746161,0.0],[136.472432304475092,36.198375943232023,0.0],[136.472399130390102,36.197953875337127,0.0],[136.472356188272101,36.197866380227069,0.0],[136.472215496643713,36.197855212878487,0.0],[136.472144016143091,36.197812295849701,0.0],[136.4720501652113,36.197705061130087,0.0],[136.472029151387403,36.196974746853201,0.0],[136.471823844773013,36.196586196608713,0.0],[136.47184510273479,36.196045353676773,0.0],[136.471753390852712,36.19570087430678,0.0],[136.471635618087305,36.195352903402771,0.0],[136.471370645532801,36.194879410424868,0.0],[136.471203495366808,36.194369752018048,0.0],[136.471230949381493,36.194060469793143,0.0],[136.471521687769808,36.193282018171793,0.0],[136.470845366086309,36.192898715903191,0.0],[136.470488863296907,36.192790643156322,0.0],[136.470543841909091,36.192474842659067,0.0],[136.470625867332103,36.192205949413832,0.0],[136.470652652908086,36.191972354181203,0.0],[136.470620859712312,36.191840823846128,0.0],[136.470102387503005,36.191773247702869,0.0],[136.469760249156991,36.191642136889627,0.0],[136.469407581122113,36.19145976145019,0.0],[136.468934079518505,36.191276679788729,0.0],[136.4687417155356,36.191364171657632,0.0],[136.468552826704695,36.191530469303423,0.0],[136.468523545755886,36.191735109571248,0.0],[136.468406444366508,36.191932558209921,0.0],[136.468184548175401,36.192178371411103,0.0],[136.467774207860913,36.192447218367803,0.0],[136.467208371033109,36.19263457239807,0.0],[136.46620983750671,36.19279994291275,0.0],[136.465684648681986,36.193011122015967,0.0],[136.465408558496108,36.193198782320067,0.0],[136.465066327258313,36.193520362175619,0.0],[136.464695095615809,36.193807954244598,0.0],[136.464391589201796,36.193869139612588,0.0],[136.464024984690496,36.194036997232288,0.0],[136.463537666373099,36.194238777015762,0.0],[136.462791753899097,36.194690899866131,0.0],[136.462303356915214,36.19501230329643,0.0],[136.462060887247105,36.195196626896369,0.0],[136.461418367946493,36.195378593524261,0.0],[136.460973927960197,36.195561724689433,0.0],[136.460648505849093,36.195899823662813,0.0],[136.460510332186288,36.19614772578268,0.0],[136.460403664549602,36.19677990841177,0.0],[136.459981904793011,36.197463752113052,0.0],[136.459738743943689,36.197723625923331,0.0],[136.459390228437911,36.198036398804973,0.0],[136.459495840127289,36.198386486071463,0.0],[136.459505284519395,36.198632109933747,0.0],[136.459846953683012,36.199081189285508,0.0],[136.459890648444997,36.199405723521103,0.0],[136.460090305536312,36.19966506387351,0.0],[136.460230935997714,36.200009060861042,0.0],[136.460266949639504,36.200324105145683,0.0],[136.460163300807096,36.200619434389708,0.0],[136.459953589314807,36.20104636752675,0.0],[136.459896453607399,36.20143201818221,0.0],[136.460036390507696,36.201774116739479,0.0],[136.46010069725159,36.201966543158761,0.0],[136.460105239996892,36.202325478329513,0.0],[136.459615256451912,36.202816869535297,0.0],[136.459329122074706,36.203101675267533,0.0],[136.45930809109899,36.203217246399298,0.0],[136.459344726919511,36.203657902073097,0.0],[136.459265825216107,36.203745506261683,0.0],[136.458894974463391,36.203994010696142,0.0],[136.458685697558991,36.204227903089311,0.0],[136.458514475790793,36.204372464474567,0.0],[136.458257528798612,36.204581131316822,0.0],[136.458091254269789,36.204828324873972,0.0],[136.458089336920409,36.2050410371467,0.0],[136.458076324273804,36.205271410838648,0.0],[136.457983592658309,36.205448131141473,0.0],[136.457706063621487,36.205904434490421,0.0],[136.457548374787905,36.206411673349443,0.0],[136.457504490384991,36.206830951695878,0.0],[136.457762935278993,36.207278611419333,0.0],[136.458004142213497,36.20761685236257,0.0],[136.458410830552793,36.20820129472402,0.0],[136.458647652596312,36.208622234304791,0.0],[136.458740624853789,36.208823689431817,0.0],[136.458726268624105,36.209049384721062,0.0],[136.458693322275991,36.209156401464902,0.0],[136.458615098235299,36.209286714063602,0.0],[136.458538871737204,36.209366122903653,0.0],[136.458368728240714,36.209636929550697,0.0],[136.4581509261902,36.209936998364689,0.0],[136.457868168101186,36.210162820179733,0.0],[136.457564735453587,36.210255565990359,0.0],[136.457290438624597,36.210351439002842,0.0],[136.457040140724899,36.210615859800519,0.0],[136.456785127213891,36.210998431245741,0.0],[136.456669178642898,36.211322737212832,0.0],[136.456624569101592,36.211625186018843,0.0],[136.45658659349229,36.212195329966008,0.0],[136.456575299812499,36.212607880046363,0.0],[136.456718030470512,36.21277062395194,0.0],[136.457355898404302,36.212878021010049,0.0],[136.458190698490995,36.212954398141378,0.0],[136.458489186336408,36.213004303560837,0.0],[136.45874711193639,36.213089684756589,0.0],[136.458826033174887,36.213204897791329,0.0],[136.458896898391799,36.2134328121031,0.0],[136.458934686819987,36.213690078013443,0.0],[136.459016330670607,36.214340548249673,0.0],[136.459086202046592,36.214523989647539,0.0],[136.459176223694186,36.214690608949162,0.0],[136.459367890524902,36.21500174568822,0.0],[136.459477276216489,36.215165345488543,0.0],[136.459658318052107,36.215387863722597,0.0],[136.459802875709897,36.215654039123379,0.0],[136.459840590628687,36.216047020249597,0.0],[136.459937239068694,36.216193830318538,0.0],[136.460054604678788,36.216330317818667,0.0],[136.460148243836898,36.216525160274799,0.0],[136.460081952717388,36.216729505051482,0.0],[136.459683420300109,36.217182583803513,0.0],[136.459601734388002,36.217378479850048,0.0],[136.459663770176007,36.217725631731618,0.0],[136.459846574877787,36.218075340971197,0.0],[136.459983966181511,36.218407055554991,0.0],[136.459981388697003,36.218693626195247,0.0],[136.459791445486104,36.219137154887697,0.0],[136.45978018395229,36.219256685086023,0.0],[136.460045018739493,36.219524213128949,0.0],[136.460318630106997,36.219813261541297,0.0],[136.460454543250393,36.219919688071371,0.0],[136.460605777860707,36.220134468997173,0.0],[136.460604733766502,36.22025064914159,0.0],[136.460335482201288,36.220476151273033,0.0],[136.45994504050401,36.220769593113573,0.0],[136.459826207813705,36.220937889209956,0.0],[136.459952517849189,36.221387536971669,0.0],[136.459937867227211,36.221567011296798,0.0],[136.459814729093807,36.221851468192938,0.0],[136.459716080488505,36.222258332251762,0.0],[136.459606316616913,36.222369451941901,0.0],[136.459537639361514,36.22247509488335,0.0],[136.459478013693399,36.222581875505732,0.0],[136.459455793421711,36.223024169227998,0.0],[136.459512313923511,36.223203689139488,0.0],[136.459715063840889,36.223474591141368,0.0],[136.459823537827702,36.223707990185467,0.0],[136.459870633754605,36.223921629470262,0.0],[136.460029142666286,36.224422256371973,0.0],[136.460230560196209,36.224841855411547,0.0],[136.460271024925191,36.225032363940933,0.0],[136.460209272684693,36.225687785282709,0.0],[136.460137653318498,36.22591919673841,0.0],[136.460075837234911,36.226328005118063,0.0],[136.460035139001491,36.226672376657667,0.0],[136.459987536845603,36.226947401616208,0.0],[136.459861393062397,36.227052525875472,0.0],[136.459833649446892,36.227103311613007,0.0],[136.459748832392307,36.227124132751463,0.0],[136.459441097073807,36.226992245811829,0.0],[136.459460520755613,36.227166268541268,0.0],[136.459399224056114,36.227255855556109,0.0],[136.459330901835614,36.227287340371689,0.0],[136.459218553065114,36.227266414733087,0.0],[136.4591406900675,36.22721180611213,0.0],[136.458991481620188,36.227057916224339,0.0],[136.458799828798988,36.226843924498979,0.0],[136.458642035244992,36.226708553125377,0.0],[136.458324167971597,36.226462639729426,0.0],[136.457958460631886,36.226177930923939,0.0],[136.45743012054271,36.225857928690147,0.0],[136.456992746761813,36.225570151400831,0.0],[136.456731896179889,36.225425158046228,0.0],[136.456259213916411,36.225208930314807,0.0],[136.456084867967604,36.225111365566747,0.0],[136.456441201358587,36.224678527873159,0.0],[136.456301061682808,36.224351958441012,0.0],[136.45606678688489,36.22407451859528,0.0],[136.455887770782311,36.223885611044388,0.0],[136.455747413382909,36.223716494960051,0.0],[136.455525926612609,36.223604783280557,0.0],[136.455350036871408,36.223464333111338,0.0],[136.455339012306695,36.223393364734768,0.0],[136.455251853404292,36.223122586604987,0.0],[136.455050981211087,36.223165367785739,0.0],[136.454910523757889,36.22325832655833,0.0],[136.455067573375686,36.223627480420618,0.0],[136.455191599747991,36.223957036032182,0.0],[136.455431808442114,36.224536977808476,0.0],[136.455270109841791,36.224632276583478,0.0],[136.455235924567205,36.224701142075631,0.0],[136.455343046294786,36.224832481854357,0.0],[136.455287656387213,36.225010168481518,0.0],[136.45517316814599,36.225237228481333,0.0],[136.455109342282896,36.225325184097727,0.0],[136.455008128425789,36.22540325571277,0.0],[136.454621231936386,36.225801224532937,0.0],[136.45447887161879,36.225908036524679,0.0],[136.454230402912401,36.226073822003762,0.0],[136.453351803156011,36.226391610202633,0.0],[136.453088559178894,36.226449790169823,0.0],[136.452493714338914,36.226481314953688,0.0],[136.45202526423239,36.226549873215177,0.0],[136.451736398469308,36.226637772410037,0.0],[136.45110494933391,36.226970876580637,0.0],[136.450914445116609,36.22712798543634,0.0],[136.450721655661397,36.227321544718222,0.0],[136.450630514516092,36.227572358529699,0.0],[136.450448252019413,36.227714556687253,0.0],[136.449994990033105,36.227890785830368,0.0],[136.4494077299764,36.228033123597619,0.0],[136.448928134104108,36.228306550277068,0.0],[136.448740585914805,36.228202228110803,0.0],[136.447846670178791,36.228058653463307,0.0],[136.447258277693891,36.227979768451867,0.0],[136.446842983626311,36.227805756756872,0.0],[136.446357214384307,36.22746747788117,0.0],[136.446038280109406,36.22723978712456,0.0],[136.445791400258798,36.227151159987493,0.0],[136.445277507992103,36.227037158170809,0.0],[136.445212270143401,36.22694612701568,0.0],[136.445225295142308,36.226931207550507,0.0],[136.445352751625308,36.226500995932888,0.0],[136.445309487711995,36.226452853445963,0.0],[136.444887434994087,36.226237449467241,0.0],[136.444676100598599,36.226163354699729,0.0],[136.444543047261106,36.226097199930251,0.0],[136.44442648521661,36.225991934891333,0.0],[136.444230644576493,36.225736815833137,0.0],[136.444127892122395,36.225633500405927,0.0],[136.443919156801911,36.225527677338903,0.0],[136.443777420278906,36.225403587129641,0.0],[136.443596259366387,36.22518123209057,0.0],[136.443417173720604,36.225109196508569,0.0],[136.443055123946209,36.225010847654943,0.0],[136.442924119443006,36.224972711288054,0.0],[136.442393553612703,36.224780915988738,0.0],[136.442000341546986,36.224438708474423,0.0],[136.441609283643089,36.224212006628584,0.0],[136.44146191133089,36.224137803477177,0.0],[136.440937363603297,36.223956957981038,0.0],[136.440547650018914,36.223809360628223,0.0],[136.440199179719002,36.223783479928443,0.0],[136.439982787728297,36.223747838452283,0.0],[136.43959994924279,36.223561991201777,0.0],[136.439260877095307,36.223577095070397,0.0],[136.439140363341409,36.223569760602373,0.0],[136.439022407618808,36.22351430844526,0.0],[136.438860712660812,36.223320611399267,0.0],[136.438555953628793,36.223079571586567,0.0],[136.438190967031289,36.22300763880525,0.0],[136.437955718852692,36.222862029613999,0.0],[136.437847642282804,36.222691489547699,0.0],[136.437346775161501,36.221890087220537,0.0],[136.437197317963012,36.221704829877247,0.0],[136.43693725384631,36.221491164042853,0.0],[136.436639802163512,36.221096429167787,0.0],[136.436279624513105,36.220718738515558,0.0],[136.436157846469911,36.220567481522103,0.0],[136.435949599038906,36.220463226590802,0.0],[136.435629758400296,36.220374133895582,0.0],[136.434769535997305,36.219942683709213,0.0],[136.434383193698295,36.219856348880072,0.0],[136.434048918228797,36.219847965947302,0.0],[136.433576831048299,36.219731000258321,0.0],[136.433218440453089,36.219583043763663,0.0],[136.433054458162701,36.219555104140497,0.0],[136.432782379064605,36.219586707908483,0.0],[136.432285375115811,36.219745207475462,0.0],[136.431484886560696,36.219446071249607,0.0],[136.431321424743487,36.219479796323739,0.0],[136.431215327242512,36.219588934975199,0.0],[136.431001222186694,36.219863214959119,0.0],[136.430398096150498,36.220486878168359,0.0],[136.430221871580187,36.220577562639171,0.0],[136.429965393208704,36.220628735088489,0.0],[136.429575405566993,36.220933298089072,0.0],[136.429423689612889,36.221041032910563,0.0],[136.429124288266308,36.221268850743257,0.0],[136.4289270630982,36.221363982274987,0.0],[136.428636819060301,36.221525116442542,0.0],[136.428423524941309,36.221646587612348,0.0],[136.428259862123298,36.22200047355053,0.0],[136.428022460118001,36.222367789898257,0.0],[136.427849497005809,36.222693550530778,0.0],[136.427605583134692,36.223268442649911,0.0],[136.427604697470798,36.223399233613733,0.0],[136.427628558174092,36.223637683296737,0.0],[136.427651865878403,36.225075545924042,0.0],[136.427680163022899,36.225219187100592,0.0],[136.427804836561108,36.225477414794987,0.0],[136.428021866896501,36.225791664786513,0.0],[136.428573260101899,36.226420095194626,0.0],[136.4289032602764,36.226674922275407,0.0],[136.429069674854588,36.22686519089352,0.0],[136.429120413167112,36.226980369235861,0.0],[136.42911222317619,36.22706727659331,0.0],[136.428877014182802,36.227377271891619,0.0],[136.428812122759297,36.227661429632903,0.0],[136.428691236018096,36.2278713020414,0.0],[136.428416416645206,36.228423038568771,0.0],[136.428323204337204,36.228777601230497,0.0],[136.428323204337204,36.228777601230497,0.0]],[[136.441088735970396,36.224557320213037,0.0],[136.440821779082313,36.224539961365977,0.0],[136.440833348802101,36.224539931508289,0.0],[136.441088735970396,36.224557320213037,0.0],[136.441088735970396,36.224557320213037,0.0]]]]}},{"type":"Feature","properties":{"口座番号":"171"},"geometry":{"type":"MultiPolygon","coordinates":[[[[136.513046296430588,36.277692344012017,0.0],[136.513187332776113,36.277580556785999,0.0],[136.513940046402496,36.276950608257593,0.0],[136.514186416641707,36.276713145576608,0.0],[136.51446298256559,36.276457302635137,0.0],[136.514933273625786,36.275923837616908,0.0],[136.514948380115186,36.275849133001067,0.0],[136.514526409223805,36.275275376783,0.0],[136.514455540706706,36.275101254404518,0.0],[136.514438505975392,36.274898586923108,0.0],[136.514512753605686,36.274538741869058,0.0],[136.514496994357387,36.274156754856392,0.0],[136.514399320637608,36.273710699882351,0.0],[136.514230217493804,36.273478047815267,0.0],[136.514177281121391,36.273431128460381,0.0],[136.515198435623091,36.273352091001321,0.0],[136.515649044674689,36.273197995050978,0.0],[136.515726074926505,36.273196465814067,0.0],[136.516013044574208,36.273425130020541,0.0],[136.516300015895894,36.273653793546657,0.0],[136.516599114129605,36.273851878389273,0.0],[136.516769603417401,36.273939990675728,0.0],[136.516861135084213,36.273957674273511,0.0],[136.517024073202805,36.273943913933493,0.0],[136.51735585744899,36.273828605392893,0.0],[136.517935788610004,36.273531459215938,0.0],[136.518716694049004,36.272956556766253,0.0],[136.518867181016986,36.272855835451502,0.0],[136.519046464646493,36.272810814869672,0.0],[136.519291765270793,36.272815663308108,0.0],[136.519562445718094,36.27281384401951,0.0],[136.519719372405007,36.272770595913506,0.0],[136.519847170325704,36.272709883963437,0.0],[136.520077745950005,36.272523251211673,0.0],[136.520246655845199,36.272327415356237,0.0],[136.520446496265095,36.271995235302477,0.0],[136.520513116104098,36.271807596671948,0.0],[136.5206099269557,36.271669028271567,0.0],[136.521213562717207,36.271626888159503,0.0],[136.521528725025888,36.271502499803773,0.0],[136.521707619022209,36.271396031112673,0.0],[136.522032499845807,36.271127134406477,0.0],[136.522195252830386,36.270904575148577,0.0],[136.522455326596514,36.270649914997371,0.0],[136.522501255015612,36.270665163954313,0.0],[136.52270870419639,36.271222435141418,0.0],[136.522827219253003,36.271389200838151,0.0],[136.523009293322588,36.271544851614649,0.0],[136.523258212085409,36.271663235707578,0.0],[136.523469571098587,36.271750629149267,0.0],[136.523814077130709,36.271861130840477,0.0],[136.524069024723303,36.27187063129616,0.0],[136.524413677072403,36.271870211470507,0.0],[136.524689399862694,36.27188534512684,0.0],[136.524876960546408,36.271919127225907,0.0],[136.525028145085287,36.271935034645068,0.0],[136.525256537330307,36.271974367998411,0.0],[136.525582568175594,36.272051559281863,0.0],[136.525923713306895,36.272203404993988,0.0],[136.526113206777211,36.272258122905342,0.0],[136.527000053021908,36.272277885604773,0.0],[136.527189305033687,36.272252457259462,0.0],[136.52737873103041,36.272201303810817,0.0],[136.527557014660687,36.272174418386783,0.0],[136.527667218874711,36.272162454433357,0.0],[136.527808057898795,36.271951976265527,0.0],[136.52778689818129,36.271703080480741,0.0],[136.527661652337514,36.271393092354181,0.0],[136.527640340213509,36.271162971784563,0.0],[136.527545915059704,36.270978594517182,0.0],[136.527533764042886,36.270725857831358,0.0],[136.527373680452399,36.270452749557073,0.0],[136.527363746027191,36.270361935347239,0.0],[136.527380531442503,36.270239287942609,0.0],[136.527352467261693,36.269930058599961,0.0],[136.527379228614308,36.269772146592757,0.0],[136.527370789498605,36.269537364883369,0.0],[136.527331489137197,36.269377332349961,0.0],[136.527337269339597,36.269039230656603,0.0],[136.527360856873912,36.268874680960138,0.0],[136.527343428040695,36.268678991357973,0.0],[136.527204151941902,36.268494437990583,0.0],[136.527186635343213,36.268400203449588,0.0],[136.527315844340507,36.268241269137427,0.0],[136.527634160591504,36.26797212895859,0.0],[136.527752978101404,36.267776628324242,0.0],[136.527774723689504,36.267706465524839,0.0],[136.528302324946907,36.267840975826303,0.0],[136.528558837202411,36.267947182716313,0.0],[136.528965265982094,36.268274342686809,0.0],[136.529228183597496,36.26855841029554,0.0],[136.529575107381902,36.268849833953261,0.0],[136.529761403243214,36.268970623432978,0.0],[136.530124029060488,36.26900278517769,0.0],[136.530579612100695,36.26901148278823,0.0],[136.531107953726803,36.269176762934698,0.0],[136.531422420734913,36.269207214679163,0.0],[136.532099232698187,36.269160673783823,0.0],[136.532476883345993,36.269084385706194,0.0],[136.5327650744577,36.269027924240028,0.0],[136.533084602680304,36.268884599078241,0.0],[136.533225317892004,36.268297214729927,0.0],[136.533124279164298,36.26797953548413,0.0],[136.533048192650909,36.267789146271113,0.0],[136.533018208074708,36.267527175702618,0.0],[136.532801470293492,36.267099825316357,0.0],[136.532676979955795,36.266712275907317,0.0],[136.532675129399394,36.26616521594444,0.0],[136.532584336002486,36.265980199296081,0.0],[136.532380272466298,36.265510412403088,0.0],[136.532270363316712,36.264863661462371,0.0],[136.532150971391104,36.26454287276875,0.0],[136.531531222797895,36.26471201647179,0.0],[136.531081673281307,36.264638759034924,0.0],[136.530812892128409,36.264524546736027,0.0],[136.529949196076501,36.264267494388463,0.0],[136.529577947326487,36.264314096665927,0.0],[136.528992422630296,36.264548001505837,0.0],[136.528990714253496,36.264868482070391,0.0],[136.528624137617811,36.264943114050297,0.0],[136.528288446898188,36.265083960912371,0.0],[136.527607288110886,36.265561266386989,0.0],[136.527439945938511,36.265632030959146,0.0],[136.527194574896498,36.265635632108904,0.0],[136.526999677727588,36.265577368475732,0.0],[136.526791337728298,36.265519387706583,0.0],[136.526524721117909,36.265516050326802,0.0],[136.526047684630413,36.265668737572931,0.0],[136.525796746548991,36.265765235651081,0.0],[136.525561607668692,36.265857570217612,0.0],[136.525306605360896,36.265885299552693,0.0],[136.524324928284187,36.265702807173341,0.0],[136.523751817227406,36.265714271574609,0.0],[136.523457495542601,36.265904653492868,0.0],[136.523368697773805,36.266213936732427,0.0],[136.523238819141795,36.266149777207957,0.0],[136.522978808715891,36.266107036140369,0.0],[136.522799149456205,36.266730730595803,0.0],[136.522279401282987,36.266709761899627,0.0],[136.521793835191488,36.266703415345503,0.0],[136.521565013458087,36.266587935924562,0.0],[136.521127891523292,36.266304883383043,0.0],[136.520947654128207,36.266287373998672,0.0],[136.520672196004796,36.266344069565193,0.0],[136.520493048176803,36.266396538801352,0.0],[136.520409305499498,36.266412970658934,0.0],[136.520355964356696,36.266380986687338,0.0],[136.52007787381109,36.266286156570168,0.0],[136.5197219198011,36.266254991906962,0.0],[136.519502064095207,36.266206378738843,0.0],[136.519271187921305,36.266184383900132,0.0],[136.518970936855993,36.266101901181379,0.0],[136.518628918005788,36.266063605813279,0.0],[136.518397483866011,36.266066650655517,0.0],[136.517994338420692,36.266253258496889,0.0],[136.517696957890905,36.266304173756389,0.0],[136.517456445127408,36.266269798310503,0.0],[136.517255461581811,36.266138136239228,0.0],[136.517135345084512,36.266003301653669,0.0],[136.51695661701001,36.265725583564979,0.0],[136.516568108698095,36.265836011778468,0.0],[136.516415503739807,36.265899502865018,0.0],[136.516340171495614,36.266192676236507,0.0],[136.515983669620908,36.266666205607322,0.0],[136.516170187021288,36.267353328806209,0.0],[136.516303525395301,36.267394391910123,0.0],[136.516569185585297,36.267488571086588,0.0],[136.516568071910996,36.267637832706413,0.0],[136.516359635159489,36.267917309599483,0.0],[136.516096675306102,36.268345281322397,0.0],[136.515948263608493,36.268384573953121,0.0],[136.51579886255351,36.268394202158831,0.0],[136.515400744387108,36.268345280840798,0.0],[136.51525154825589,36.268367623635378,0.0],[136.51493019392359,36.268365859378882,0.0],[136.514701860587394,36.26830433733852,0.0],[136.514521877676998,36.268267630797958,0.0],[136.514320948032093,36.268242408125673,0.0],[136.514015196934508,36.268228602691629,0.0],[136.513831449949208,36.268253999722234,0.0],[136.513677633086502,36.268333086958897,0.0],[136.513571338075394,36.268427592796577,0.0],[136.51346303016939,36.268559294494388,0.0],[136.513335601910512,36.268739124675818,0.0],[136.513064209826211,36.26911821294992,0.0],[136.512951779953909,36.269245362775123,0.0],[136.512818033715092,36.268979259416511,0.0],[136.512663805516496,36.268817494274991,0.0],[136.512524359181214,36.268710987065987,0.0],[136.512365710641603,36.268549579497837,0.0],[136.51224176506301,36.268311875703048,0.0],[136.512080822149699,36.268054155863247,0.0],[136.511748729408595,36.267546290641299,0.0],[136.511644126103391,36.267463809867827,0.0],[136.511113727583194,36.26701902134154,0.0],[136.510832139426412,36.266862542780132,0.0],[136.510336750572293,36.266441400921508,0.0],[136.510165961118588,36.266372008825464,0.0],[136.509497731738691,36.266362642106238,0.0],[136.509441165371413,36.266325212649299,0.0],[136.509219323030493,36.26593997845486,0.0],[136.509051023944608,36.265777296716401,0.0],[136.508866749047911,36.265654479090337,0.0],[136.50841786727139,36.265498038096133,0.0],[136.508057505982094,36.265248004266439,0.0],[136.507800069419005,36.265077623366537,0.0],[136.50746003944019,36.26504078963459,0.0],[136.507155892519307,36.264915534038238,0.0],[136.506702237934093,36.264900022790499,0.0],[136.506049478709997,36.264803734751617,0.0],[136.505816225050097,36.264659622578357,0.0],[136.505769178156413,36.26458917473974,0.0],[136.505476141688206,36.264488974686621,0.0],[136.505258687147006,36.264446430399737,0.0],[136.504801250463203,36.264409448122962,0.0],[136.503842021900795,36.264480541802392,0.0],[136.503565869385795,36.264844869996438,0.0],[136.503265483320206,36.265101615118752,0.0],[136.503034489203799,36.265242754339312,0.0],[136.502924728813497,36.265283090666671,0.0],[136.502788041199892,36.265335387736329,0.0],[136.502100647466108,36.265492032465332,0.0],[136.502024787000892,36.265676979607477,0.0],[136.501893006868187,36.266063244291523,0.0],[136.501767575480613,36.266647921606371,0.0],[136.501576749021808,36.266784214324531,0.0],[136.501394484082596,36.26687415451579,0.0],[136.501270659529808,36.266953988328012,0.0],[136.501240744799588,36.267005133628203,0.0],[136.501180026570694,36.267061707988283,0.0],[136.50117368563869,36.267135741384998,0.0],[136.500907868821997,36.267767745957983,0.0],[136.500689780160599,36.268262172558188,0.0],[136.500426143457105,36.268753223001887,0.0],[136.500101502721208,36.269150193169487,0.0],[136.500099857870509,36.2692803401643,0.0],[136.500325568639198,36.269657212659702,0.0],[136.500613899815988,36.269990531066519,0.0],[136.500940392497711,36.270086659055949,0.0],[136.501290441971094,36.27024633290921,0.0],[136.50152708504811,36.27041130179682,0.0],[136.501539042773203,36.27047209371522,0.0],[136.501443114407408,36.27063405459991,0.0],[136.501431105503997,36.270838300902767,0.0],[136.501453385329995,36.271160574668933,0.0],[136.5017926270788,36.271726883485037,0.0],[136.501765881604712,36.271867313136482,0.0],[136.501412944769896,36.272498607675878,0.0],[136.501146761841795,36.272989071949731,0.0],[136.500986462642203,36.273230765901417,0.0],[136.500662259294586,36.273700149927038,0.0],[136.500590972361408,36.273867868423778,0.0],[136.50044376008421,36.27425825564147,0.0],[136.500340770079106,36.274417478684377,0.0],[136.50010120766359,36.274710422607242,0.0],[136.499770904654497,36.275112372629373,0.0],[136.499643527138403,36.275348006986178,0.0],[136.499573243646694,36.275590313599807,0.0],[136.500106168030896,36.275807808501938,0.0],[136.500475664676202,36.275939793612707,0.0],[136.50136177617199,36.276266566995027,0.0],[136.501789976177491,36.276346082191701,0.0],[136.502299130645412,36.2763638106481,0.0],[136.502736906822207,36.276342907263803,0.0],[136.503115171603014,36.276431086428182,0.0],[136.503383372464697,36.276459528374062,0.0],[136.503648011383007,36.27645391283658,0.0],[136.503800605541898,36.276421685063212,0.0],[136.504278898696299,36.276466021397397,0.0],[136.504352669011212,36.276496483529769,0.0],[136.504357704932801,36.276595663076073,0.0],[136.504304362886899,36.277064292567168,0.0],[136.504402655938208,36.277328425088022,0.0],[136.504362287763911,36.277464100399307,0.0],[136.504257470489307,36.277674157822517,0.0],[136.504328067948592,36.277888352057431,0.0],[136.50444856657279,36.278130178645533,0.0],[136.504620695112095,36.278556157758437,0.0],[136.504745220585193,36.278681844250237,0.0],[136.504977214160789,36.278787758545207,0.0],[136.505298630523697,36.278887463379171,0.0],[136.505367929603807,36.278901464712838,0.0],[136.506096762771108,36.278321528041623,0.0],[136.506828030008904,36.27781255045214,0.0],[136.507162829946111,36.277642036870667,0.0],[136.50780281495301,36.277478895624391,0.0],[136.508148478625714,36.277389335671799,0.0],[136.508545883350791,36.27725790554576,0.0],[136.50867604152981,36.277281262424793,0.0],[136.508840691394312,36.277488862350637,0.0],[136.508976704203491,36.277578517452227,0.0],[136.509233767085902,36.27763547404161,0.0],[136.509541257406312,36.277770739533402,0.0],[136.5098063999136,36.277988354464973,0.0],[136.509972693648791,36.27813989872817,0.0],[136.510290413926413,36.278401264756518,0.0],[136.510825190563907,36.278772449886091,0.0],[136.510908128594593,36.278829547353617,0.0],[136.511339888534991,36.279101388504351,0.0],[136.511405913425705,36.27911267542472,0.0],[136.511481119451986,36.279036974842867,0.0],[136.511892161305497,36.278714598058762,0.0],[136.512340298184995,36.278312111154477,0.0],[136.512888051911204,36.277816721385499,0.0],[136.513046296430588,36.277692344012017,0.0],[136.513046296430588,36.277692344012017,0.0]]]]}},{"type":"Feature","properties":{"口座番号":"271"},"geometry":{"type":"MultiPolygon","coordinates":[[[[136.558544086946398,36.162588840043888,0.0],[136.558774272487113,36.162629179578538,0.0],[136.558854207092509,36.16283394517086,0.0],[136.558848762611603,36.162994248714867,0.0],[136.559050443211504,36.163156456117918,0.0],[136.559364697567503,36.163315086494038,0.0],[136.559616712825203,36.163262895776121,0.0],[136.559889512470392,36.163307615847764,0.0],[136.560072082301105,36.163324345806522,0.0],[136.560763516568613,36.163512664811734,0.0],[136.561230584391808,36.163558528760177,0.0],[136.561636478673393,36.16359977996693,0.0],[136.561962847706212,36.163675461921962,0.0],[136.562013825203508,36.163680784576563,0.0],[136.562244201713099,36.163780728432883,0.0],[136.562452588832713,36.163744276850942,0.0],[136.562601392906004,36.163703102628403,0.0],[136.562716380743296,36.163877408754033,0.0],[136.562881129099111,36.164035679500969,0.0],[136.563101519278604,36.164153968359471,0.0],[136.563185416256687,36.164183220603462,0.0],[136.563379679922292,36.164251539876318,0.0],[136.563617593167493,36.164298136927627,0.0],[136.563893385548909,36.164297678001986,0.0],[136.564094659002905,36.164206281541396,0.0],[136.564207242815996,36.164088564466937,0.0],[136.564309123466188,36.163880231526683,0.0],[136.564301120311796,36.163703198922228,0.0],[136.56419720319829,36.1635473046518,0.0],[136.564266678656992,36.163176171064862,0.0],[136.56440961039479,36.163002123876353,0.0],[136.564350109846401,36.16288615829145,0.0],[136.564351676281888,36.162716994240988,0.0],[136.564379342772014,36.162702796680882,0.0],[136.564465595089587,36.162724337675023,0.0],[136.564637043202396,36.162691933420859,0.0],[136.564703072108813,36.162667562992013,0.0],[136.564837340568204,36.162536951468141,0.0],[136.564957717995213,36.162384741910053,0.0],[136.565279147755888,36.162120693276989,0.0],[136.565306278117987,36.16207623038494,0.0],[136.565270071500606,36.162000502892411,0.0],[136.565316795658191,36.161936996029077,0.0],[136.565344806846099,36.161706605299493,0.0],[136.565257938490589,36.161629339039642,0.0],[136.565258571979797,36.161527922496568,0.0],[136.565260666104393,36.161460095143497,0.0],[136.56511281277659,36.161349340772809,0.0],[136.565022565096797,36.161209529857707,0.0],[136.565037736742909,36.161013698403401,0.0],[136.565134050796786,36.160936558266179,0.0],[136.565144606648687,36.160748096836393,0.0],[136.565203514283411,36.160545427987508,0.0],[136.565336907626403,36.160427088739837,0.0],[136.565294660254693,36.160276226860653,0.0],[136.565128380174286,36.16022717832935,0.0],[136.565117267217204,36.160046446493332,0.0],[136.565081837604708,36.159846174309912,0.0],[136.565126092228496,36.159677466159017,0.0],[136.565053901756187,36.159494570808938,0.0],[136.565205249509091,36.159373350350407,0.0],[136.565324725693387,36.1593330320893,0.0],[136.565380285971287,36.159325597903027,0.0],[136.565522644564112,36.159202516709612,0.0],[136.56553156879491,36.159051754946177,0.0],[136.565646929639399,36.15896253632264,0.0],[136.565732554741089,36.158912567122208,0.0],[136.565853027536491,36.15863545787208,0.0],[136.566007105383591,36.158295677674957,0.0],[136.566169453635609,36.157985542334259,0.0],[136.566380963021487,36.157812810755964,0.0],[136.566522192992494,36.157700171263329,0.0],[136.566597118165788,36.157568039833372,0.0],[136.566708416320694,36.157427678002733,0.0],[136.566832998101688,36.157254261280258,0.0],[136.567082067258099,36.156734371190389,0.0],[136.567181270241008,36.156403934876778,0.0],[136.567193541721196,36.156367637563683,0.0],[136.567136749159914,36.156118983359988,0.0],[136.567133775549109,36.15584928679349,0.0],[136.566835738655612,36.155725260916022,0.0],[136.566705801188107,36.155699282052282,0.0],[136.566519287951991,36.155667936267257,0.0],[136.566330126402107,36.155597380018072,0.0],[136.566202051381595,36.155558069120957,0.0],[136.566064866954804,36.15550267763215,0.0],[136.565965049412199,36.15546431215229,0.0],[136.565226463244187,36.155303910085962,0.0],[136.565069220929701,36.155390069918987,0.0],[136.564538266468588,36.155380113505103,0.0],[136.56447491301941,36.155652169627729,0.0],[136.56425807349089,36.155919125691902,0.0],[136.564058192435112,36.156490616276322,0.0],[136.563933841844289,36.156653956711651,0.0],[136.56363906840329,36.15684901494577,0.0],[136.563637428528807,36.156951266479233,0.0],[136.564190719081807,36.15805044837996,0.0],[136.564272836488811,36.158290471683557,0.0],[136.564275014994507,36.158510997283663,0.0],[136.564360395874303,36.158782018591893,0.0],[136.564247841409696,36.158948073796559,0.0],[136.564194245844789,36.159095600415213,0.0],[136.563981637790789,36.159102948513322,0.0],[136.563810255788297,36.159269974395293,0.0],[136.563677595003014,36.159504223553498,0.0],[136.563399601314586,36.159507833574139,0.0],[136.563176757180088,36.159360415962126,0.0],[136.563173448083887,36.159267654397702,0.0],[136.563159537532897,36.159136410427877,0.0],[136.563143347319112,36.158969517268602,0.0],[136.563361260471396,36.15871316342264,0.0],[136.563372002642808,36.158557318726807,0.0],[136.563610664356389,36.158537611113019,0.0],[136.563668618709301,36.158309500293591,0.0],[136.563524825071198,36.157962158202039,0.0],[136.563154790354702,36.157879307052823,0.0],[136.56301665036861,36.157740999882343,0.0],[136.563049725900413,36.157580180924498,0.0],[136.563001738477709,36.157394952106159,0.0],[136.562903602836087,36.157163049746607,0.0],[136.562729720593893,36.157137398378481,0.0],[136.562711504324511,36.157272813782001,0.0],[136.562642848805297,36.15726529055582,0.0],[136.562483886874105,36.157222696931761,0.0],[136.562469384254797,36.157077407838358,0.0],[136.562347761586494,36.157053153406217,0.0],[136.562165593677889,36.157010358425723,0.0],[136.562026778553587,36.156787139353909,0.0],[136.56189081012451,36.15711968387582,0.0],[136.561698895343511,36.157341787854051,0.0],[136.561424859625191,36.15749977275815,0.0],[136.561174821113013,36.157676141103003,0.0],[136.560826565472013,36.157773205502508,0.0],[136.56023459421931,36.157497382017191,0.0],[136.560032085141188,36.15731427242239,0.0],[136.559707449009011,36.156985112210158,0.0],[136.559537931793898,36.156826372999888,0.0],[136.559276949009501,36.156546175764532,0.0],[136.558893032097501,36.156514585450331,0.0],[136.558523479890198,36.156375091141577,0.0],[136.558581445802901,36.156014033394193,0.0],[136.558525918580386,36.155946456976963,0.0],[136.558248366398203,36.156069596544832,0.0],[136.557929996919796,36.155706020741178,0.0],[136.557714338912689,36.155677592785132,0.0],[136.557368969008991,36.155479267554327,0.0],[136.556934338462611,36.155658547912047,0.0],[136.556489082268911,36.156296982507612,0.0],[136.555379856511991,36.156984696972813,0.0],[136.555640885630197,36.157289970288851,0.0],[136.555968833249011,36.157692677002913,0.0],[136.556113078199786,36.15808939458276,0.0],[136.555857721236208,36.158422082139658,0.0],[136.555927066251201,36.158870954573842,0.0],[136.555770577397595,36.159100164955262,0.0],[136.555791825164192,36.159525283832743,0.0],[136.555252018363291,36.159839684320893,0.0],[136.555661562012006,36.160476828560419,0.0],[136.5551354292962,36.160918828992038,0.0],[136.554109307585492,36.161376245489841,0.0],[136.553609952509987,36.161962622922474,0.0],[136.554444436842488,36.16271270657144,0.0],[136.554253466345699,36.163095438853432,0.0],[136.554488748472011,36.163264700742623,0.0],[136.554993690690111,36.163546140214962,0.0],[136.554844873062308,36.164034553305498,0.0],[136.555355578923695,36.164336616823213,0.0],[136.555726113758396,36.16421718624683,0.0],[136.556131616960101,36.16410567755414,0.0],[136.556542865093689,36.16386699410068,0.0],[136.556906365499088,36.163456556300339,0.0],[136.557120377747395,36.163286228120747,0.0],[136.55726743994731,36.163198506672089,0.0],[136.557453188095309,36.163148688883531,0.0],[136.557792786273296,36.163124535883412,0.0],[136.558094632196799,36.162936113140269,0.0],[136.55820508364431,36.162922361175148,0.0],[136.558385888472287,36.162785997171021,0.0],[136.558517445690711,36.16261162618715,0.0],[136.558544086946398,36.162588840043888,0.0],[136.558544086946398,36.162588840043888,0.0]]],[[[136.561719133850289,36.164467034327188,0.0],[136.561737706030101,36.164258565691092,0.0],[136.562029763323096,36.164003895104358,0.0],[136.561905784974414,36.163898597485151,0.0],[136.561738402127588,36.163839310911868,0.0],[136.561650750068992,36.163829474868052,0.0],[136.561241038849801,36.163802967435252,0.0],[136.561135743534692,36.163861577226577,0.0],[136.56085641575649,36.163852671915343,0.0],[136.560819114767895,36.163743975826428,0.0],[136.560581036503009,36.163643451283583,0.0],[136.560268327684895,36.163693502550437,0.0],[136.560203808638789,36.163688955069311,0.0],[136.560008704380294,36.163606071564708,0.0],[136.559759948237513,36.163594679630627,0.0],[136.559604531242513,36.163495954674083,0.0],[136.559147251891005,36.163656582105872,0.0],[136.559008435199303,36.163565539327656,0.0],[136.558940078721093,36.163518757364002,0.0],[136.55866692891891,36.163430409416563,0.0],[136.557897388822994,36.163578470234008,0.0],[136.557765376519086,36.163615554655458,0.0],[136.557192939653305,36.163606130485107,0.0],[136.557056660565394,36.163683045363747,0.0],[136.556975841113399,36.163756661694649,0.0],[136.556852134106094,36.163872400052227,0.0],[136.556800760388313,36.163928301882123,0.0],[136.556706223020512,36.164157067204847,0.0],[136.557082423174791,36.164103581153732,0.0],[136.557013636357908,36.164412736205541,0.0],[136.557193145093095,36.164496768233882,0.0],[136.557478856020794,36.164483379868727,0.0],[136.557681187828706,36.164716276915541,0.0],[136.558422952337708,36.164667725987329,0.0],[136.558271687861208,36.16497469803398,0.0],[136.558123174089388,36.165130712563517,0.0],[136.557845553244192,36.165078488697532,0.0],[136.557712774593398,36.16512091465578,0.0],[136.558072981982605,36.165464541590403,0.0],[136.557961588108412,36.165759568345543,0.0],[136.558202466015103,36.165825855424231,0.0],[136.558416731348387,36.165962764783252,0.0],[136.558263708772103,36.166131720608782,0.0],[136.558477667716204,36.166132019886412,0.0],[136.559020881885289,36.165937594244141,0.0],[136.559010450050408,36.165712982038343,0.0],[136.559289638330512,36.165651902711161,0.0],[136.559371617600306,36.165552693371708,0.0],[136.559537848043504,36.165464887039427,0.0],[136.559540393483388,36.165269871212047,0.0],[136.559720912466588,36.165084200895762,0.0],[136.559572163089001,36.165065716732038,0.0],[136.559557965756113,36.164936868452031,0.0],[136.559748287970706,36.16484224227878,0.0],[136.559819879124092,36.164708674399122,0.0],[136.559730374237006,36.164611513003791,0.0],[136.559978268695886,36.16443988869424,0.0],[136.560153166810892,36.165078812351346,0.0],[136.560271016316392,36.165849271211513,0.0],[136.56031925255661,36.166034028945752,0.0],[136.560600933006299,36.166054812846468,0.0],[136.560839956977588,36.16611427785115,0.0],[136.560888284972009,36.165981367654027,0.0],[136.560810663417612,36.165794146959193,0.0],[136.560820489119891,36.165703024640862,0.0],[136.560852107678699,36.165606489521167,0.0],[136.561189212689612,36.165435750297362,0.0],[136.561362008826904,36.16536991276552,0.0],[136.561562935571914,36.16522978644511,0.0],[136.56182399885941,36.165233719217753,0.0],[136.561822843863496,36.164964499958188,0.0],[136.561650556419806,36.16473362102726,0.0],[136.561719133850289,36.164467034327188,0.0],[136.561719133850289,36.164467034327188,0.0]]]]}},{"type":"Feature","properties":{"口座番号":"272"},"geometry":{"type":"MultiPolygon","coordinates":[[[[136.647447946207791,36.19086472819955,0.0],[136.647430183215704,36.190572290888973,0.0],[136.647245276825998,36.19028082191457,0.0],[136.646977585216888,36.189768478820753,0.0],[136.646834469297005,36.189342080022683,0.0],[136.646814295828591,36.189119338300713,0.0],[136.646729848508613,36.188761561016896,0.0],[136.646466119627206,36.188873358740651,0.0],[136.646150669581488,36.188490921851937,0.0],[136.646516568908311,36.18823960568804,0.0],[136.646517385067,36.188116181067159,0.0],[136.647124070497711,36.188248294206893,0.0],[136.647048677097587,36.188136639435193,0.0],[136.646747020953399,36.187928406486733,0.0],[136.646632808525112,36.187817792365138,0.0],[136.646608019624608,36.187503064356648,0.0],[136.646516159548213,36.187398598448183,0.0],[136.646343516347002,36.187320403496777,0.0],[136.645480672412901,36.187325120184191,0.0],[136.645170629555793,36.187257215466921,0.0],[136.644866108071113,36.187257098875932,0.0],[136.64467853190439,36.18718004595879,0.0],[136.644464537298489,36.187035112644317,0.0],[136.644331927236493,36.186998232154643,0.0],[136.644142186912092,36.186797740774807,0.0],[136.643878847154298,36.186665902979392,0.0],[136.643805016230203,36.18654457228736,0.0],[136.6436758601549,36.186437521345091,0.0],[136.643613166809303,36.186437247428692,0.0],[136.643572255002908,36.186524251696603,0.0],[136.643507311948497,36.186925270129557,0.0],[136.64332561982971,36.187105019394863,0.0],[136.643069978906595,36.187293857058322,0.0],[136.64285062539409,36.187581252456248,0.0],[136.642806733276302,36.187673471748226,0.0],[136.64242759498751,36.188020063619327,0.0],[136.642043386121799,36.188493268740643,0.0],[136.641797128432586,36.188856698192112,0.0],[136.641647390253809,36.189150386431038,0.0],[136.641334372165801,36.189552026692752,0.0],[136.641280882962405,36.189605953684627,0.0],[136.641124382219203,36.189644564467422,0.0],[136.640914264697187,36.189653482008453,0.0],[136.640689213642389,36.189606715344787,0.0],[136.639681778460812,36.189278701062989,0.0],[136.638275623060707,36.189054081666463,0.0],[136.637761657689794,36.188842650046027,0.0],[136.637660481545993,36.188974120255793,0.0],[136.637683275561102,36.189148376031547,0.0],[136.637745352509796,36.189249394924708,0.0],[136.63771787128789,36.189324556815691,0.0],[136.637515354581012,36.18946590685141,0.0],[136.637515048297701,36.189511434740211,0.0],[136.638085351482687,36.189503215613442,0.0],[136.638471278535093,36.189719707650887,0.0],[136.638791542612012,36.189933488951567,0.0],[136.638959198016408,36.190087303077412,0.0],[136.639163028552105,36.190189243484781,0.0],[136.6393488011268,36.190201557869109,0.0],[136.639704534207112,36.190358014511922,0.0],[136.639997993682613,36.19061197727757,0.0],[136.640337549707596,36.190860680236959,0.0],[136.640672468422594,36.191085212863598,0.0],[136.64110212567391,36.191244880586751,0.0],[136.641497238655802,36.191403518269311,0.0],[136.641561623454891,36.191424659132963,0.0],[136.641622566560187,36.191466853268821,0.0],[136.641899460016504,36.19157587991397,0.0],[136.641999372792498,36.191631079871868,0.0],[136.642288010785506,36.191720477571977,0.0],[136.642378743727107,36.191727720262449,0.0],[136.642486337857292,36.191753073206968,0.0],[136.642590759407199,36.191864426153963,0.0],[136.642735931499004,36.192255941984428,0.0],[136.642929398687386,36.192505296808868,0.0],[136.64326243643751,36.192831177687573,0.0],[136.643283877410909,36.193395723551617,0.0],[136.643333717075109,36.193432920216367,0.0],[136.64416244692049,36.193618468257732,0.0],[136.644424326005691,36.19374275255015,0.0],[136.645004002476412,36.194063299870813,0.0],[136.645365014466506,36.194328669266113,0.0],[136.646267298258209,36.194953608427127,0.0],[136.647000625020297,36.195165359464411,0.0],[136.647798928177906,36.195449477733533,0.0],[136.648079569075293,36.194753549563899,0.0],[136.648068004822392,36.194506215263168,0.0],[136.648012094638005,36.194160959047267,0.0],[136.647992431612693,36.193747027040367,0.0],[136.647919113869705,36.193319551431799,0.0],[136.647890374505607,36.192923731868753,0.0],[136.64774664122379,36.192308388372787,0.0],[136.647708387149692,36.192223517188992,0.0],[136.647668037579592,36.191997394039042,0.0],[136.647447946207791,36.19086472819955,0.0],[136.647447946207791,36.19086472819955,0.0]]]]}},{"type":"Feature","properties":{"口座番号":"273"},"geometry":{"type":"MultiPolygon","coordinates":[[[[136.648885880281313,36.228563850898993,0.0],[136.649243344616792,36.228854075762527,0.0],[136.649447106236209,36.228910553882351,0.0],[136.649763649922392,36.229029140225528,0.0],[136.649909680071602,36.229118260291301,0.0],[136.650143324588612,36.229280468149447,0.0],[136.650370920523699,36.229509718968572,0.0],[136.65047769648379,36.22962092331246,0.0],[136.65079394168481,36.22987488122839,0.0],[136.651115107981013,36.230081575755328,0.0],[136.651366061042211,36.230222019631498,0.0],[136.651724202912902,36.230411451856803,0.0],[136.65207932407921,36.230593403831513,0.0],[136.652390095620888,36.230746544954627,0.0],[136.652725360130091,36.230912234426491,0.0],[136.653008555809294,36.231055301777502,0.0],[136.653377171247513,36.231288324676733,0.0],[136.653733510318602,36.231520049146603,0.0],[136.654111158644497,36.231781727687803,0.0],[136.654274743599814,36.231896904171549,0.0],[136.65437731837369,36.231947115576823,0.0],[136.654432634951007,36.231970032167673,0.0],[136.654526518425712,36.231854578379,0.0],[136.654860941210814,36.231532221620341,0.0],[136.654951773889195,36.231440904181689,0.0],[136.655064733237793,36.231256818093811,0.0],[136.65523261578079,36.231158991866053,0.0],[136.655383477117994,36.231006541002813,0.0],[136.655479810865302,36.230889051908257,0.0],[136.655895506774812,36.2305775113268,0.0],[136.656069520143689,36.230386531420358,0.0],[136.656151193198298,36.230320608930548,0.0],[136.656190770006589,36.230199992072038,0.0],[136.656214925516508,36.230070402976111,0.0],[136.65620323301431,36.229953803381683,0.0],[136.65621058315341,36.229736038114787,0.0],[136.656294671377111,36.229497075857047,0.0],[136.656358220293811,36.229153871486623,0.0],[136.65652134965481,36.229040516624757,0.0],[136.656538895449586,36.229014195687107,0.0],[136.656626388729393,36.228919544175959,0.0],[136.656705993841797,36.228701678534357,0.0],[136.656806029926003,36.228578266465007,0.0],[136.65685234083881,36.228415773091299,0.0],[136.656965613868294,36.22842488360773,0.0],[136.657395207936503,36.228257645571553,0.0],[136.657581159175294,36.228231677912582,0.0],[136.657853207047907,36.228111619399677,0.0],[136.658678439095809,36.227961526228292,0.0],[136.658892131917213,36.227850474613277,0.0],[136.658942205373705,36.227664981304422,0.0],[136.659159084403512,36.227561102481843,0.0],[136.659636522107803,36.227603751700222,0.0],[136.659777739072013,36.227597311029839,0.0],[136.659913469052611,36.227506997375222,0.0],[136.659994205738911,36.227372983830747,0.0],[136.660303652093802,36.227212399736622,0.0],[136.660374149413713,36.227057843003443,0.0],[136.660361181263198,36.22671112378184,0.0],[136.660320562829696,36.226610648560381,0.0],[136.66035056564391,36.226488524226589,0.0],[136.660436974346709,36.226408773329567,0.0],[136.660726450457787,36.226313213814123,0.0],[136.661269530065596,36.226296151205837,0.0],[136.661578675393713,36.226181315925153,0.0],[136.661665872215508,36.226052611775231,0.0],[136.661721243642688,36.225919079398338,0.0],[136.661999487130089,36.225926172851999,0.0],[136.662466192928406,36.224713804343438,0.0],[136.662414160803905,36.224699508002551,0.0],[136.662272450793211,36.22457655755008,0.0],[136.661978557787506,36.224485162463978,0.0],[136.661683766224513,36.22446426634918,0.0],[136.661481505010414,36.224395586812683,0.0],[136.661317697327291,36.224313022900262,0.0],[136.661127675477388,36.224137431513718,0.0],[136.660794667235194,36.224070443448838,0.0],[136.660634463589901,36.223977384919749,0.0],[136.66050308576871,36.223959399414348,0.0],[136.66031554407931,36.223977561666388,0.0],[136.65991729449081,36.223728365505238,0.0],[136.659803526287988,36.223703036277414,0.0],[136.659688904904499,36.22371115881996,0.0],[136.659203860148011,36.223827962608333,0.0],[136.659017870176598,36.223891571914521,0.0],[136.65883100272049,36.223969908617107,0.0],[136.658691577694896,36.224036186333947,0.0],[136.658585405594096,36.224055411395618,0.0],[136.658442162313889,36.224042819677578,0.0],[136.658135730231294,36.223983126599776,0.0],[136.657802073360187,36.223975389279317,0.0],[136.657455778877107,36.224041492238918,0.0],[136.65714255501419,36.224115826702587,0.0],[136.656924739124293,36.224085387525527,0.0],[136.656538377105193,36.224077423048023,0.0],[136.656257229856607,36.224099754732897,0.0],[136.655991327655613,36.224140834338037,0.0],[136.655899485831895,36.224172613505431,0.0],[136.655578142584289,36.224338681058228,0.0],[136.655505273898513,36.224371460262297,0.0],[136.655271507673206,36.224619922871469,0.0],[136.655143233476906,36.224687867290498,0.0],[136.654825502446812,36.224739436222542,0.0],[136.654388330468493,36.224737974586887,0.0],[136.654250149268393,36.2247601258033,0.0],[136.654106001666406,36.224834900419182,0.0],[136.653851786398803,36.225031093069781,0.0],[136.653781567899301,36.225068691797787,0.0],[136.6536743464263,36.225084690424708,0.0],[136.653312163961999,36.225005709163163,0.0],[136.652646516826394,36.224992951908447,0.0],[136.652547684684095,36.22500418625328,0.0],[136.652449191524113,36.225044178178983,0.0],[136.652346045733395,36.22511552805053,0.0],[136.652172374782396,36.225271810361313,0.0],[136.652015590324993,36.225334486118648,0.0],[136.65172210412581,36.225330073491591,0.0],[136.651468305079106,36.225352090689697,0.0],[136.651278531960088,36.225355710443949,0.0],[136.651068777875594,36.225269948699477,0.0],[136.650802369899395,36.225127369984037,0.0],[136.650545968525108,36.225024582939341,0.0],[136.650313081490197,36.224969928672941,0.0],[136.650111059888303,36.224976095715007,0.0],[136.650019600797492,36.224998053472618,0.0],[136.649936969294288,36.225028135555171,0.0],[136.649843380828912,36.225078021822931,0.0],[136.649665366186809,36.225199578877422,0.0],[136.64951030306699,36.22530059016929,0.0],[136.649416013323986,36.225314477796061,0.0],[136.649309641744395,36.225306978941667,0.0],[136.648912981455908,36.225187362479822,0.0],[136.649283006631009,36.226712877408623,0.0],[136.648885880281313,36.228563850898993,0.0],[136.648885880281313,36.228563850898993,0.0]]]]}},{"type":"Feature","properties":{"口座番号":"274"},"geometry":{"type":"MultiPolygon","coordinates":[[[[136.751449016010099,36.222583984112163,0.0],[136.75124754788979,36.22259252301599,0.0],[136.750977134987011,36.222702440866406,0.0],[136.750896904046414,36.222782225809958,0.0],[136.75066281362399,36.222850697459663,0.0],[136.750420185122408,36.222737457405351,0.0],[136.750297325715593,36.222613855216728,0.0],[136.750072395107509,36.222388278819913,0.0],[136.749988958942907,36.222355654782113,0.0],[136.749832359508304,36.222502918912419,0.0],[136.74963983702969,36.222616184722312,0.0],[136.749595846066399,36.222669920020337,0.0],[136.749437362900693,36.222814098273354,0.0],[136.749244445305607,36.223001266365657,0.0],[136.74917384351761,36.223056448965018,0.0],[136.748843692979705,36.223321661798288,0.0],[136.748695394936504,36.223693746866381,0.0],[136.748509516464907,36.224067797687887,0.0],[136.748508484934291,36.224261586110757,0.0],[136.748397423907505,36.224426683382369,0.0],[136.748431164995594,36.22465107742093,0.0],[136.748384946817907,36.224751078122473,0.0],[136.748410950348386,36.224914476938167,0.0],[136.748510081272087,36.22497143747195,0.0],[136.748756853991296,36.225059396838837,0.0],[136.748952984079693,36.225068791661514,0.0],[136.749087120481192,36.22511280801718,0.0],[136.749148419848012,36.225208829172082,0.0],[136.74929885360001,36.225220241473167,0.0],[136.749343995119204,36.225322738664332,0.0],[136.749518500398096,36.225356008727722,0.0],[136.7496514791994,36.225546573481623,0.0],[136.749829898571306,36.225585687129708,0.0],[136.749959336583089,36.225544566303533,0.0],[136.750247612159995,36.22565180856477,0.0],[136.750336638492996,36.225706006941202,0.0],[136.75044991238579,36.225846511700666,0.0],[136.750581837288507,36.22605328852633,0.0],[136.750603857757909,36.226201174539632,0.0],[136.750827062699187,36.226395949713577,0.0],[136.750868787158993,36.226411492221089,0.0],[136.750957864783004,36.226456452164378,0.0],[136.75108425407231,36.226632415070227,0.0],[136.751234037532299,36.227056346898209,0.0],[136.751309202599487,36.227216735089428,0.0],[136.751321633258897,36.227381524557238,0.0],[136.751555342025995,36.227747239582442,0.0],[136.751735505755192,36.227817150559197,0.0],[136.751874195294192,36.227823789878741,0.0],[136.752031765071507,36.22783876643355,0.0],[136.752100507222991,36.227798721806309,0.0],[136.752246817465789,36.227828624860919,0.0],[136.752362935646204,36.22797818109759,0.0],[136.752484214690213,36.228168037898222,0.0],[136.752471364088507,36.228311704686703,0.0],[136.752368074189889,36.228532356837682,0.0],[136.752222325097705,36.228650522132227,0.0],[136.752135245566194,36.228854899880268,0.0],[136.7519046556653,36.229007609887198,0.0],[136.751933205946614,36.229199323245297,0.0],[136.752041048507294,36.229516514794419,0.0],[136.752269057032009,36.229690103897688,0.0],[136.75229129283619,36.229797958022452,0.0],[136.752301557854793,36.230013548700427,0.0],[136.752278404038805,36.230079674892217,0.0],[136.752157121220989,36.230374873497709,0.0],[136.751722892207312,36.23055197185473,0.0],[136.751543956054803,36.230608319411623,0.0],[136.751368135808008,36.230794010569667,0.0],[136.751163435166291,36.231050425706059,0.0],[136.750059276163512,36.231052745635111,0.0],[136.749893043695408,36.23122153109351,0.0],[136.74969766677691,36.23151031054666,0.0],[136.749658498409389,36.23172880876767,0.0],[136.749655092987012,36.232012097675259,0.0],[136.749500975454112,36.232404178544172,0.0],[136.749490641258092,36.232918395751049,0.0],[136.74936394321989,36.233150422369192,0.0],[136.749499218702397,36.233488396972483,0.0],[136.749462810443305,36.233764803895141,0.0],[136.749276832258289,36.233969536551847,0.0],[136.74903640897071,36.234150379687229,0.0],[136.748888696908892,36.234587132339072,0.0],[136.748666396532599,36.235195638227808,0.0],[136.748577941008193,36.23538932812518,0.0],[136.748542895697511,36.235546252990652,0.0],[136.748501359031707,36.235665723147932,0.0],[136.748556826500504,36.235919015647617,0.0],[136.748615029507505,36.236093414122287,0.0],[136.748611336401012,36.236302916606377,0.0],[136.748623894908405,36.236443071826137,0.0],[136.748516729583201,36.236753956512807,0.0],[136.748586727801211,36.236973349389153,0.0],[136.748469239786914,36.237332215470218,0.0],[136.748416359320288,36.237420216443027,0.0],[136.748403438947804,36.237827351908827,0.0],[136.748345388301004,36.238128722892711,0.0],[136.748182720778601,36.237886459374081,0.0],[136.748051426255813,36.237809789562618,0.0],[136.747572954017812,36.237816824456978,0.0],[136.7470943886334,36.237841276163067,0.0],[136.74673262955281,36.237850269846753,0.0],[136.746308733292409,36.237906903941862,0.0],[136.745849816340012,36.237792775694537,0.0],[136.745563713134601,36.237764551266793,0.0],[136.745432104894007,36.237746668021458,0.0],[136.745219601393501,36.237777492415127,0.0],[136.744930705368404,36.237768854082788,0.0],[136.744701274662589,36.237698367117403,0.0],[136.744682217964709,36.237993342228407,0.0],[136.744736387886689,36.23816663863488,0.0],[136.744654542699607,36.238391715173208,0.0],[136.744606994705691,36.238736670287359,0.0],[136.74434843098669,36.238834831121999,0.0],[136.744241998930704,36.23888344718425,0.0],[136.74406795436991,36.23900912446549,0.0],[136.744032602563408,36.239085209157622,0.0],[136.743932608863105,36.239435422408867,0.0],[136.743647364066192,36.239745787613387,0.0],[136.743565448113287,36.239893089805463,0.0],[136.743481610552095,36.240078348866447,0.0],[136.743392065679586,36.240234807088598,0.0],[136.743122772102907,36.240576799263067,0.0],[136.743186850283394,36.241130619382943,0.0],[136.743287290910388,36.241565271982168,0.0],[136.742683704322587,36.242088056116948,0.0],[136.742661733347006,36.242285056620673,0.0],[136.74258990351899,36.242563484067688,0.0],[136.742153785193295,36.242722063227859,0.0],[136.741646439892492,36.243046673879903,0.0],[136.741501612694208,36.243115444251181,0.0],[136.74140416149001,36.243210557826032,0.0],[136.741719048781789,36.243327152292728,0.0],[136.742154808133904,36.243587365704727,0.0],[136.742768290141498,36.243671143781299,0.0],[136.743316387167795,36.243730031045793,0.0],[136.743874720543687,36.243969599070262,0.0],[136.743905116084505,36.243972786158331,0.0],[136.744605839184288,36.244270107654479,0.0],[136.745208023673911,36.244512420741778,0.0],[136.745678624351001,36.244658806994202,0.0],[136.7459316266889,36.244729039693382,0.0],[136.746157826010204,36.244796754107647,0.0],[136.746749463311488,36.245058267391059,0.0],[136.747084228653705,36.245192624057253,0.0],[136.747251098703202,36.245267113224678,0.0],[136.747370593609986,36.245314492371257,0.0],[136.747564756928199,36.245439116701768,0.0],[136.748284854244105,36.245851191279257,0.0],[136.749670503830913,36.246249562129982,0.0],[136.750293453614404,36.24639395112407,0.0],[136.750861095215413,36.246525258158456,0.0],[136.750988365242506,36.246541097007167,0.0],[136.751612934768104,36.246691074501094,0.0],[136.751901493401704,36.246759820875312,0.0],[136.75254043285301,36.246875716402513,0.0],[136.752466643261499,36.246575528622209,0.0],[136.752482284495102,36.24649321032804,0.0],[136.752513005223108,36.246434808317197,0.0],[136.752591391025902,36.246348857842143,0.0],[136.752687761808886,36.24627682672611,0.0],[136.752919287966591,36.246166771194289,0.0],[136.753069064762087,36.246059511380167,0.0],[136.75315978407221,36.245977452529488,0.0],[136.753229083288289,36.245812176529988,0.0],[136.75328947554641,36.245713846509837,0.0],[136.753341331038001,36.245612406388879,0.0],[136.753504922736909,36.245408195308961,0.0],[136.753572031588988,36.245297569641323,0.0],[136.753652295210912,36.245215474298199,0.0],[136.753801839501591,36.245152094251651,0.0],[136.753885823624103,36.245085408152278,0.0],[136.753954950514697,36.244952464521887,0.0],[136.754004765560012,36.244877192027893,0.0],[136.754212729012806,36.24472856080687,0.0],[136.754444147412499,36.244637746934423,0.0],[136.754655491009288,36.244569189983601,0.0],[136.754748836406293,36.244529479271982,0.0],[136.754925419990002,36.244383818419998,0.0],[136.754994240595607,36.244308610912611,0.0],[136.755021202292113,36.244241727767132,0.0],[136.755035998069786,36.244138619967018,0.0],[136.755003055351807,36.244077690040022,0.0],[136.754970458791405,36.243950554162858,0.0],[136.754969932543901,36.243869719246227,0.0],[136.755008166591011,36.243646597426547,0.0],[136.755006385883291,36.243442583838743,0.0],[136.754964346266405,36.243303868252148,0.0],[136.754855056280405,36.243122580835241,0.0],[136.754685057496999,36.242919527450468,0.0],[136.754652005354814,36.242879382364279,0.0],[136.754641721085989,36.242847013517903,0.0],[136.754644972671713,36.242770810658001,0.0],[136.754830520940914,36.2425458870295,0.0],[136.75488698690009,36.242470637025832,0.0],[136.754947588459913,36.242331504959687,0.0],[136.754979510184,36.242224606701122,0.0],[136.75498119506679,36.242084502162129,0.0],[136.75496277010231,36.241973582175838,0.0],[136.754975526011606,36.241938383305843,0.0],[136.755034326401812,36.241873596108817,0.0],[136.755313064711686,36.241579513482179,0.0],[136.755489243194091,36.241428786916877,0.0],[136.755630012665392,36.241238745353968,0.0],[136.755708298077906,36.241148853795622,0.0],[136.75584167964459,36.241066893391533,0.0],[136.755892111348288,36.241054748757612,0.0],[136.755938793734799,36.241032583411567,0.0],[136.756209742413603,36.241012727964623,0.0],[136.756208215477187,36.241031968670747,0.0],[136.756417392483513,36.241017537417221,0.0],[136.756679440427689,36.241022790704193,0.0],[136.756898492202907,36.241025718666293,0.0],[136.757013528654312,36.241001616714108,0.0],[136.757062278605787,36.240971210389382,0.0],[136.757088113759096,36.240919661769659,0.0],[136.75709103743651,36.240874489681246,0.0],[136.757088622091089,36.240822223360489,0.0],[136.757054065891708,36.240748072061344,0.0],[136.757066364744787,36.240588499172198,0.0],[136.757053413019293,36.240520709168322,0.0],[136.75698569038309,36.240386525346793,0.0],[136.756991810037789,36.240306482836083,0.0],[136.75703404116561,36.240226563971781,0.0],[136.757120017899211,36.240140636397449,0.0],[136.757234545003911,36.24004710772877,0.0],[136.757337642931702,36.239958159810513,0.0],[136.757452346404392,36.23987210314985,0.0],[136.757514257441613,36.23985489493959,0.0],[136.757631879553799,36.239849853399313,0.0],[136.757697060824398,36.239850076229537,0.0],[136.757835360218905,36.239874501343401,0.0],[136.757951476852014,36.239900482737752,0.0],[136.758137932671389,36.239968620090153,0.0],[136.758239226238913,36.24000217181888,0.0],[136.758365343708789,36.240043428511683,0.0],[136.758461326681413,36.240064442237411,0.0],[136.758577546778412,36.240070826829978,0.0],[136.758666299249796,36.24006078643356,0.0],[136.758751859751186,36.240018617947413,0.0],[136.758791746118391,36.239972483981823,0.0],[136.758818332433208,36.239899630356923,0.0],[136.758824698705212,36.239838139644043,0.0],[136.758835163013089,36.239764142306548,0.0],[136.758853872044398,36.239655334060203,0.0],[136.758919685301493,36.239533622288867,0.0],[136.758980013393113,36.239433121458177,0.0],[136.759025120388202,36.239287387522651,0.0],[136.7590395192546,36.239191165360232,0.0],[136.759123752270796,36.239074437215713,0.0],[136.759213576071289,36.238979283084547,0.0],[136.759244504524986,36.238879309272242,0.0],[136.759256219657289,36.238819301321087,0.0],[136.759374702463589,36.238694990873228,0.0],[136.759409488039694,36.238584252624847,0.0],[136.759407890189493,36.238525738725357,0.0],[136.759291213069702,36.238302088777253,0.0],[136.759074510353713,36.237942604794043,0.0],[136.759063394672296,36.23788713903798,0.0],[136.759061822175312,36.237824007049809,0.0],[136.759119270714791,36.237741059571157,0.0],[136.759222331513087,36.237658268306838,0.0],[136.75935934660609,36.237624861986177,0.0],[136.759479185792912,36.237605253350068,0.0],[136.759678774418092,36.23759977400352,0.0],[136.75978333682221,36.237593971193753,0.0],[136.75989380828139,36.237548156176253,0.0],[136.759983588403202,36.237460700030432,0.0],[136.760039214139113,36.237362349318168,0.0],[136.76008014629241,36.237165409763541,0.0],[136.760132577169486,36.236950032993292,0.0],[136.760161523751208,36.236865448758678,0.0],[136.760144602200114,36.236829978118983,0.0],[136.760142932079106,36.236785322066687,0.0],[136.760071373969708,36.236657285325428,0.0],[136.760030112656693,36.236550907459709,0.0],[136.76001350220119,36.23645539088816,0.0],[136.760038790806703,36.236343079840729,0.0],[136.760100094445704,36.236249368344772,0.0],[136.760188345536193,36.236209586414489,0.0],[136.760282466245087,36.236200107410959,0.0],[136.760428976672188,36.236195162120872,0.0],[136.760599737075609,36.236178321828177,0.0],[136.760782616162913,36.236157168313262,0.0],[136.76091982493341,36.236131504654537,0.0],[136.761092132551198,36.236075474878682,0.0],[136.761269978527508,36.235987891729387,0.0],[136.7614641014776,36.235870968143892,0.0],[136.761799237275909,36.235776983235652,0.0],[136.762126504437305,36.235704185144861,0.0],[136.762305422123887,36.235652440826193,0.0],[136.762446439895598,36.235579013150023,0.0],[136.762652722873497,36.235379551478353,0.0],[136.76268780331759,36.235210304693346,0.0],[136.762662448571604,36.234966949642818,0.0],[136.762652653127986,36.234839122935128,0.0],[136.762695295303303,36.234677601315468,0.0],[136.762728245537602,36.234552997704078,0.0],[136.762787477046004,36.23449161037545,0.0],[136.762880773578104,36.234458052398978,0.0],[136.763101585257203,36.234389512260712,0.0],[136.763309084527407,36.234322466223723,0.0],[136.763472849412096,36.234259890621978,0.0],[136.763539547298905,36.234224703102683,0.0],[136.763661983618391,36.234068068107767,0.0],[136.763773276168394,36.233860586593273,0.0],[136.763798330586013,36.23379292430198,0.0],[136.763830787895387,36.233763779777853,0.0],[136.763838650027793,36.23371299738249,0.0],[136.763805182554108,36.233677311103072,0.0],[136.763612331338805,36.233548192880903,0.0],[136.763458816004487,36.233479086282372,0.0],[136.763389239485292,36.233420061172197,0.0],[136.76327983949551,36.233265094593193,0.0],[136.763202244924514,36.233197332351587,0.0],[136.763175447276609,36.233181999504012,0.0],[136.763146286385791,36.233103513964402,0.0],[136.763146498962413,36.233062143134823,0.0],[136.763189881452689,36.232988256331844,0.0],[136.763306388656389,36.232805744790888,0.0],[136.763398247704089,36.232712424747447,0.0],[136.763511452657895,36.232649660620922,0.0],[136.763654152719511,36.232600059821372,0.0],[136.763785935414489,36.232583084552672,0.0],[136.763882967983591,36.232528975605319,0.0],[136.763929104165697,36.232442032809459,0.0],[136.763908195660605,36.232326558664013,0.0],[136.76384448546591,36.232171746364578,0.0],[136.763869076560212,36.23209344103951,0.0],[136.763933980388401,36.232015271404848,0.0],[136.764071661994592,36.231895975982077,0.0],[136.764222735737889,36.23178543453254,0.0],[136.764653943126604,36.231865034306132,0.0],[136.76473371363511,36.231874540443677,0.0],[136.764870448508105,36.231893475976356,0.0],[136.76491997017709,36.231872086298068,0.0],[136.764992185537608,36.231872328752672,0.0],[136.765087379186099,36.23183877539774,0.0],[136.76524376327211,36.231731522130829,0.0],[136.765453532410589,36.231590575689459,0.0],[136.765594477044289,36.231529460901619,0.0],[136.765784517123507,36.231530097771582,0.0],[136.765978264147094,36.231549223040837,0.0],[136.766130312406602,36.231546652445978,0.0],[136.766343534245806,36.23147346087805,0.0],[136.766503167946297,36.231473994869468,0.0],[136.766913232062507,36.231558508896129,0.0],[136.767023142463302,36.231620463383123,0.0],[136.767269662902294,36.231725984893863,0.0],[136.767527788887094,36.231791512355578,0.0],[136.767774748476796,36.231810812217219,0.0],[136.767919430400696,36.231762024973698,0.0],[136.767961958422205,36.231620515754457,0.0],[136.767920946944002,36.231463331535913,0.0],[136.767841958315387,36.23129986225603,0.0],[136.767776610043995,36.23069608981325,0.0],[136.767785571867108,36.230428214365091,0.0],[136.767787041924294,36.230138759756677,0.0],[136.767814585913499,36.229954089546673,0.0],[136.767800445913991,36.229744645618453,0.0],[136.767789403362599,36.229673783313757,0.0],[136.767729342984296,36.229525773626527,0.0],[136.767707086026007,36.229417922232891,0.0],[136.767734362935101,36.229285600331679,0.0],[136.767723946134794,36.229091565398207,0.0],[136.767690648051996,36.228912851678658,0.0],[136.76773331565559,36.228743628490207,0.0],[136.767875050771494,36.228525465974663,0.0],[136.768092034285786,36.228341922579403,0.0],[136.768207970852899,36.228268276437468,0.0],[136.768471927080498,36.228153750372663,0.0],[136.768687145098511,36.228110918207634,0.0],[136.769025720442897,36.22812075294798,0.0],[136.769224482342707,36.22814318831027,0.0],[136.769364032659496,36.228182844944463,0.0],[136.769602754555308,36.228275090538091,0.0],[136.769819735752094,36.228415165837262,0.0],[136.76992694829579,36.228472135456343,0.0],[136.77009865009299,36.228531495330287,0.0],[136.770184648358196,36.228531780321738,0.0],[136.770265415492588,36.228503741329362,0.0],[136.770354475932209,36.228430003162543,0.0],[136.770443635058399,36.228336668660091,0.0],[136.770514091012387,36.228221497172122,0.0],[136.770565669236788,36.22811932814718,0.0],[136.770603842597296,36.228010583130178,0.0],[136.770663428260889,36.227919328062058,0.0],[136.770774337950911,36.227775983691018,0.0],[136.770939084270907,36.227615398176887,0.0],[136.7710069610076,36.227478443752958,0.0],[136.771007169400406,36.227437072844729,0.0],[136.771053141140186,36.227380611652151,0.0],[136.771104849684406,36.227252313708959,0.0],[136.771140191830909,36.227171865741553,0.0],[136.7711754900551,36.227100126716273,0.0],[136.771253907655108,36.227004578578423,0.0],[136.771316025858994,36.226943815635273,0.0],[136.771396659475897,36.226941904525297,0.0],[136.771501578030808,36.226920476063022,0.0],[136.771550105173191,36.22689015221281,0.0],[136.771582605882486,36.22684017882694,0.0],[136.771618155417087,36.226718359792443,0.0],[136.771605112215695,36.226639928522737,0.0],[136.77143834027919,36.226669861890947,0.0],[136.771363234212288,36.226641307188892,0.0],[136.77126914266529,36.226647528807753,0.0],[136.771185953418211,36.226623301383214,0.0],[136.771130010733287,36.226525131664907,0.0],[136.771014912985407,36.226433298835829,0.0],[136.770838367881112,36.226269406933802,0.0],[136.770814882881609,36.226129973725619,0.0],[136.77071867516409,36.226022960595898,0.0],[136.770740876153212,36.225883677633341,0.0],[136.770574807072506,36.225774255705588,0.0],[136.770390828974513,36.225594321821021,0.0],[136.770254475618401,36.22545451374635,0.0],[136.770090887817304,36.225386470974179,0.0],[136.770048395561503,36.225286167812797,0.0],[136.769930349524799,36.225246583272373,0.0],[136.769847360161407,36.22518316237052,0.0],[136.7698237122367,36.225076389116211,0.0],[136.769722044274488,36.224986777071003,0.0],[136.769709190289802,36.2248713295944,0.0],[136.769317916762787,36.224656642176512,0.0],[136.769068853243709,36.22448597430342,0.0],[136.768931997043609,36.224446325373627,0.0],[136.768527678111212,36.224155381277342,0.0],[136.76846100194021,36.224054997071072,0.0],[136.768321824874107,36.223943483990638,0.0],[136.768300535520808,36.223902042400972,0.0],[136.768096708112211,36.223820797923047,0.0],[136.76795477828631,36.223722340251257,0.0],[136.76788493061261,36.223717752494757,0.0],[136.767847275176905,36.22372415950116,0.0],[136.76775579575289,36.223745628681371,0.0],[136.767653854278393,36.223710449682109,0.0],[136.767641093109688,36.223577584071798,0.0],[136.767287972963913,36.223260676475419,0.0],[136.767240388566591,36.223105919572241,0.0],[136.767184486510388,36.223001215605152,0.0],[136.767064466836501,36.222822265171587,0.0],[136.76688286255029,36.22259955885211,0.0],[136.766848770335088,36.22243396024961,0.0],[136.766660849429599,36.22239631559448,0.0],[136.766448255719411,36.222454395484768,0.0],[136.766225479459791,36.222401391957028,0.0],[136.766042568314788,36.222435617937627,0.0],[136.765787199900188,36.222450005212053,0.0],[136.765679331749595,36.222523677037003,0.0],[136.765173701770692,36.222604723947967,0.0],[136.765039582713911,36.222556370649123,0.0],[136.764851641248697,36.222523078088557,0.0],[136.764696537400908,36.222374490683947,0.0],[136.764290559814299,36.222412320354728,0.0],[136.764156397018013,36.222372675023493,0.0],[136.763952255341906,36.222354569066077,0.0],[136.763658986005112,36.222423259966462,0.0],[136.763518789604404,36.222512062562863,0.0],[136.763225151429111,36.222652605983619,0.0],[136.763041868151703,36.222758682747383,0.0],[136.762904135107988,36.222891042041311,0.0],[136.762839046499892,36.223006227245563,0.0],[136.762502251740614,36.223177107330947,0.0],[136.762407665918687,36.223242230013319,0.0],[136.762264726859314,36.223179789199833,0.0],[136.76200598832969,36.223184456490507,0.0],[136.761922334641497,36.223235669297317,0.0],[136.761788637856512,36.223462116900258,0.0],[136.76164623393899,36.223457280885476,0.0],[136.761481780771987,36.223559063064641,0.0],[136.761312491696913,36.22355631311364,0.0],[136.761186075933892,36.223577658914088,0.0],[136.760989205796307,36.22371199306675,0.0],[136.760889652279104,36.223735607119288,0.0],[136.760827281150114,36.223844267916107,0.0],[136.760493378637591,36.223973781405263,0.0],[136.760281160278709,36.223957818363147,0.0],[136.760098320764314,36.223976794773641,0.0],[136.759207568746206,36.223801747845073,0.0],[136.752199626804696,36.22236716622195,0.0],[136.751544907677697,36.222565055488069,0.0],[136.751449016010099,36.222583984112163,0.0],[136.751449016010099,36.222583984112163,0.0]]]]}},{"type":"Feature","properties":{"口座番号":"275"},"geometry":{"type":"MultiPolygon","coordinates":[[[[136.601185883363996,36.195775612363121,0.0],[136.601066929193109,36.19576628086029,0.0],[136.60083215293821,36.195741020509239,0.0],[136.600532007378405,36.195803880616182,0.0],[136.600317732212488,36.196110703052533,0.0],[136.600186416644505,36.196307828081068,0.0],[136.600190450347895,36.196537265509392,0.0],[136.600179880406301,36.196628293517783,0.0],[136.600159743281807,36.19670695753689,0.0],[136.600131233214597,36.196733435616238,0.0],[136.600103695209697,36.196749232704597,0.0],[136.599945288725507,36.196793574773118,0.0],[136.599725901932914,36.1969684424013,0.0],[136.599592738809292,36.19702585136298,0.0],[136.599354456083887,36.19714831844037,0.0],[136.599174693644812,36.197227872237967,0.0],[136.599097332232787,36.197264521023293,0.0],[136.599103143384298,36.197308423823387,0.0],[136.599149727072103,36.197437206083528,0.0],[136.599194348704998,36.197445284023402,0.0],[136.599261116943893,36.19747653881835,0.0],[136.599691547853013,36.197741237825277,0.0],[136.600020204010292,36.19786023376502,0.0],[136.600082794653503,36.197930614547452,0.0],[136.600146070458692,36.198014258180223,0.0],[136.600259874541791,36.198123687698029,0.0],[136.600348845648796,36.198197690143473,0.0],[136.600490294392387,36.198343984631713,0.0],[136.600627483826287,36.198447776948889,0.0],[136.600769408980909,36.198535580249668,0.0],[136.600867142336995,36.198594130723059,0.0],[136.601015072276113,36.198713531271963,0.0],[136.601109110778395,36.198833784678953,0.0],[136.601175710157889,36.198907496934702,0.0],[136.6012400239577,36.198955154953786,0.0],[136.601330869902199,36.198996624790212,0.0],[136.601402240111014,36.199038002581347,0.0],[136.601466555267308,36.199085660485068,0.0],[136.601543438748593,36.199118856264818,0.0],[136.601603052175989,36.199170280879038,0.0],[136.601715731430488,36.199317296106052,0.0],[136.601670604645591,36.199437519403453,0.0],[136.601577842101506,36.199653194116671,0.0],[136.601551856808612,36.19974325625418,0.0],[136.601532664058197,36.199961039357397,0.0],[136.601537857148003,36.200004817434952,0.0],[136.601669900848805,36.200180454149248,0.0],[136.601682924192602,36.200514469733761,0.0],[136.601720715246387,36.200928071693951,0.0],[136.601751739658511,36.201056799275811,0.0],[136.60176732173349,36.201188132568959,0.0],[136.601838665704207,36.201378661929851,0.0],[136.60195124672731,36.20150331026371,0.0],[136.60221432300051,36.201535803121892,0.0],[136.602373778229406,36.201576736788127,0.0],[136.602401797553796,36.201641245528997,0.0],[136.602438938200692,36.201731881212083,0.0],[136.602548115013605,36.202037170934361,0.0],[136.602556575318005,36.202052364032618,0.0],[136.602586797571888,36.202074604960018,0.0],[136.602774935762113,36.202164825484473,0.0],[136.602902482263801,36.202230637559794,0.0],[136.602969882241212,36.202269628045372,0.0],[136.603160245419787,36.202400496262747,0.0],[136.603543459864795,36.202725622411158,0.0],[136.603583521383911,36.202788318271807,0.0],[136.603646952877114,36.20285112495781,0.0],[136.603774618295091,36.202973583916886,0.0],[136.603784815638392,36.202990995035428,0.0],[136.603785976555201,36.203097551623671,0.0],[136.603834029367704,36.203156711405597,0.0],[136.60389504729099,36.20325164805606,0.0],[136.603965479922209,36.203262694533827,0.0],[136.604127641960702,36.203431671729241,0.0],[136.604128313784997,36.203597164312129,0.0],[136.604278175143094,36.203993120404562,0.0],[136.604370655858588,36.204133724684397,0.0],[136.604418315419196,36.204223606108627,0.0],[136.604495523058404,36.20432120336762,0.0],[136.604539170197711,36.204402423522403,0.0],[136.604618051635697,36.204618881237181,0.0],[136.604928345487991,36.204829282617382,0.0],[136.605039096994403,36.204903021453703,0.0],[136.60531394152261,36.204986459829243,0.0],[136.605526095997902,36.205054424310937,0.0],[136.606011510570312,36.205482197921668,0.0],[136.6063874838039,36.205811754036397,0.0],[136.606451130907487,36.205847768791578,0.0],[136.606963073216207,36.206675225212017,0.0],[136.607378955892699,36.207068269800281,0.0],[136.607591465236595,36.207242490446099,0.0],[136.607927181668913,36.207444072912779,0.0],[136.608397162979713,36.207667711443193,0.0],[136.608489064234988,36.207759218003737,0.0],[136.608686139594397,36.207935150153922,0.0],[136.608880086467707,36.208343945402213,0.0],[136.608900861948911,36.208366365118763,0.0],[136.609056040730508,36.208491623425402,0.0],[136.609121440133293,36.208531465446207,0.0],[136.60932637307701,36.208637231580937,0.0],[136.609607017525093,36.208762203663753,0.0],[136.609795958678689,36.208925982018307,0.0],[136.610028760634094,36.209057131375467,0.0],[136.610233212342905,36.209231083619798,0.0],[136.610413172904913,36.20934304524669,0.0],[136.610628535251607,36.20907633630835,0.0],[136.610825171752708,36.2088133271711,0.0],[136.610936496791794,36.208715346931271,0.0],[136.611122232922298,36.208451024874392,0.0],[136.611206475136413,36.208216537925622,0.0],[136.61118510670039,36.208153299604128,0.0],[136.611140063363592,36.208132885644012,0.0],[136.611088609437587,36.208137697565192,0.0],[136.611085158132909,36.207964680017213,0.0],[136.611143593691196,36.207853826197848,0.0],[136.611243868059489,36.207775999242251,0.0],[136.611259957952598,36.20770409501354,0.0],[136.611128828275895,36.207517857029387,0.0],[136.611155450609601,36.20749903930912,0.0],[136.611225745278887,36.207474109910493,0.0],[136.611274671602814,36.207385941256433,0.0],[136.6113014366058,36.207346919275757,0.0],[136.611439506005695,36.207212441835402,0.0],[136.61150079006751,36.20713948453168,0.0],[136.611645928879994,36.206886338382283,0.0],[136.61126901618141,36.206863122269361,0.0],[136.611097829013289,36.206833283984302,0.0],[136.610986989525088,36.207303788129607,0.0],[136.610961219986393,36.207422369721833,0.0],[136.610926660372513,36.207682343804059,0.0],[136.610940706122989,36.207899607509923,0.0],[136.610879612879103,36.20816577180954,0.0],[136.610611466620412,36.207965006372923,0.0],[136.610422097114395,36.207861840149242,0.0],[136.610155224997811,36.207701488483757,0.0],[136.60983219725631,36.207549714712187,0.0],[136.609461058149009,36.207371197731852,0.0],[136.609215913350113,36.207223572958419,0.0],[136.609183245572297,36.207215843734872,0.0],[136.609035242691107,36.207212628845078,0.0],[136.608834406483112,36.207188962639712,0.0],[136.609049006748393,36.20702958899718,0.0],[136.608947810217586,36.206798028441597,0.0],[136.608759815505806,36.206721385248919,0.0],[136.608711693486697,36.206695904351307,0.0],[136.608248432428212,36.206764459931357,0.0],[136.6079975971887,36.206541039133498,0.0],[136.607831247595811,36.206488488489221,0.0],[136.607663914944908,36.206355114368982,0.0],[136.607447074243396,36.206172260967662,0.0],[136.607185247419494,36.205961414933682,0.0],[136.607156021011889,36.205908240694257,0.0],[136.607137149187196,36.205713683329243,0.0],[136.607256930293289,36.205522300402443,0.0],[136.607172674127014,36.20531986124049,0.0],[136.607059724450295,36.205208208066637,0.0],[136.606847508245608,36.205032950443027,0.0],[136.6068105735188,36.204968375819277,0.0],[136.606749410768487,36.204805190563953,0.0],[136.606656303198491,36.204751718223307,0.0],[136.6066680375869,36.204635596344083,0.0],[136.606719775346789,36.204371916603691,0.0],[136.606840717665506,36.204236101589302,0.0],[136.606899571054214,36.204067163342302,0.0],[136.607102636684289,36.203776410016033,0.0],[136.607189606124507,36.203597500608844,0.0],[136.607223079827293,36.203491582718023,0.0],[136.607195220200708,36.203246472829854,0.0],[136.607242263484096,36.20298529533332,0.0],[136.607228223610207,36.20292689074185,0.0],[136.6071980119317,36.202837456986707,0.0],[136.607175645516207,36.202729308761562,0.0],[136.607128729439012,36.202664798412421,0.0],[136.607072911831892,36.202612748084192,0.0],[136.606879665582397,36.202733678566311,0.0],[136.606768241336198,36.202797524098962,0.0],[136.6067476258265,36.202800399177548,0.0],[136.606744416334692,36.202786990237527,0.0],[136.60636098646961,36.202404363486799,0.0],[136.606341142328006,36.202406056923493,0.0],[136.606180825047289,36.202485668926393,0.0],[136.606018602723907,36.20252330457636,0.0],[136.605739002955488,36.202452207490801,0.0],[136.605676519360287,36.202408161087028,0.0],[136.605586511830609,36.20236130792054,0.0],[136.605561433978011,36.20232458035251,0.0],[136.605562769375808,36.2022605632704,0.0],[136.605617476532586,36.202179294425967,0.0],[136.605653054853008,36.202106219560093,0.0],[136.605889509882701,36.201940008591087,0.0],[136.605857236445502,36.201877349980037,0.0],[136.605857394077987,36.201855251325469,0.0],[136.606061377445286,36.201654161519322,0.0],[136.606023444195898,36.201511288624587,0.0],[136.606048002917987,36.20142821458019,0.0],[136.606096751488195,36.201256073032383,0.0],[136.606200461266894,36.201023574123873,0.0],[136.606222045595189,36.201000944901999,0.0],[136.606206753683011,36.200960464386817,0.0],[136.606204105988496,36.200894787397651,0.0],[136.606180837536812,36.200747621007089,0.0],[136.606234354431308,36.200671473664308,0.0],[136.606306769349914,36.2005670010047,0.0],[136.606421893413113,36.20048167043376,0.0],[136.606583008728592,36.200392135094013,0.0],[136.60670109509141,36.200328285713887,0.0],[136.606739935664507,36.200234389952513,0.0],[136.60674375842521,36.200135279587549,0.0],[136.606803410303712,36.20007241851664,0.0],[136.606920177477605,36.199975099094708,0.0],[136.607020242490307,36.199925686544823,0.0],[136.607149112633891,36.199878934859541,0.0],[136.607352246547407,36.199795909257112,0.0],[136.607290448250893,36.199758238037163,0.0],[136.607256047577891,36.199735084687653,0.0],[136.606965965369312,36.199561750667499,0.0],[136.606931602542886,36.199480353036897,0.0],[136.606821608124193,36.199301253424537,0.0],[136.606704096009508,36.199172122494844,0.0],[136.606570315077192,36.199007198463882,0.0],[136.606398868626911,36.198813523770959,0.0],[136.606360278864003,36.198774893588507,0.0],[136.606318902150093,36.198721021404502,0.0],[136.606237808234397,36.198538665020223,0.0],[136.606214697839789,36.198489218893812,0.0],[136.60620270711081,36.198435741128158,0.0],[136.606174592837107,36.198268675140348,0.0],[136.606035320354607,36.19820355155251,0.0],[136.60588022802159,36.198117377273142,0.0],[136.605961304713304,36.19798588439388,0.0],[136.605969371472412,36.197937317005163,0.0],[136.605947591696406,36.197873786431167,0.0],[136.605911626480491,36.197819149930233,0.0],[136.605897726142388,36.197760150948753,0.0],[136.605899261068998,36.197699439744987,0.0],[136.605924260102313,36.197515170103728,0.0],[136.605823576355306,36.197433248712329,0.0],[136.605678090188093,36.197298080479982,0.0],[136.605577878902892,36.197149864667928,0.0],[136.605312530213496,36.196938165071742,0.0],[136.605218997827109,36.196865886166933,0.0],[136.604844805848188,36.196618121197908,0.0],[136.604850728510314,36.196535734956811,0.0],[136.604899541098689,36.19650257790682,0.0],[136.604987719857689,36.196469302742599,0.0],[136.605092162392111,36.196409342080017,0.0],[136.605162673591508,36.196407462937692,0.0],[136.605492024912593,36.196265681288907,0.0],[136.6060830594283,36.195869400469583,0.0],[136.606039259616097,36.195848075605653,0.0],[136.605870596973801,36.195740895567461,0.0],[136.60582412140559,36.195704056952543,0.0],[136.60578212819081,36.195639458230822,0.0],[136.605726109441889,36.195575424662508,0.0],[136.605653294419398,36.195572873458929,0.0],[136.605539006183392,36.195586069656123,0.0],[136.605464658323399,36.195590299602117,0.0],[136.605253611414895,36.195364533970817,0.0],[136.604988098652314,36.195293834699712,0.0],[136.604911852366911,36.195226234094619,0.0],[136.604853094835505,36.195238150853413,0.0],[136.604615943298711,36.195296194002772,0.0],[136.60453063438419,36.195286864398057,0.0],[136.604259412793397,36.195471765289298,0.0],[136.604188195146804,36.195571437702839,0.0],[136.603852582560506,36.195671653504249,0.0],[136.60362985477019,36.195699180236367,0.0],[136.603485057473591,36.195843598984382,0.0],[136.603424164946887,36.195884616371472,0.0],[136.602940154452511,36.195863803868832,0.0],[136.602288034052492,36.195780367185037,0.0],[136.602145541113003,36.195756926164528,0.0],[136.601902632318797,36.195756672551042,0.0],[136.601724926201314,36.195727706761417,0.0],[136.601482395678005,36.195754357319217,0.0],[136.601299779390501,36.195792669070443,0.0],[136.601185883363996,36.195775612363121,0.0],[136.601185883363996,36.195775612363121,0.0]]]]}},{"type":"Feature","properties":{"口座番号":"276"},"geometry":{"type":"MultiPolygon","coordinates":[[[[136.570052795403399,36.188015334742062,0.0],[136.569990350813612,36.187963112438617,0.0],[136.569588215997413,36.187518419871452,0.0],[136.569458746593313,36.187526283013419,0.0],[136.569319960030811,36.187510286784949,0.0],[136.569281851964803,36.187468599849552,0.0],[136.569285610179406,36.18742757428214,0.0],[136.569336217098908,36.187413656885717,0.0],[136.569464319472189,36.187413757981929,0.0],[136.569737930593192,36.187435248290981,0.0],[136.569746954770011,36.187178910467452,0.0],[136.569427517936305,36.187085616346337,0.0],[136.569078526452614,36.187195749721631,0.0],[136.568902525921089,36.187068971071653,0.0],[136.568806395434109,36.187069178673781,0.0],[136.568715814844012,36.187090487667042,0.0],[136.56856789882869,36.187158296517381,0.0],[136.568467240169809,36.187194566698167,0.0],[136.56814200412461,36.187375151082549,0.0],[136.56785159212339,36.187419928068017,0.0],[136.567763734418605,36.187515183808308,0.0],[136.567694489514906,36.187676153052657,0.0],[136.567560563881386,36.187875195806662,0.0],[136.567716003040289,36.188025322148597,0.0],[136.567813511591709,36.18806667676138,0.0],[136.568136930453704,36.187876546869212,0.0],[136.568289539187305,36.187832244890487,0.0],[136.56841902727561,36.187733415056698,0.0],[136.568539728109897,36.187690024008091,0.0],[136.568619485140687,36.187636191543753,0.0],[136.568829913607203,36.187684786111639,0.0],[136.569098771587107,36.187821568496183,0.0],[136.569355277721911,36.187892800693319,0.0],[136.569227978914313,36.188017356003513,0.0],[136.569044351194407,36.188262016715733,0.0],[136.568895172945986,36.188322294856093,0.0],[136.568678198499612,36.188364372572231,0.0],[136.568572129552194,36.188308774414068,0.0],[136.568453628342212,36.188198043990667,0.0],[136.568342040648105,36.188143906063367,0.0],[136.568223039020097,36.188108817385768,0.0],[136.568067154386796,36.188120666708883,0.0],[136.567871987201187,36.188176521735024,0.0],[136.567759601713192,36.188272782261592,0.0],[136.567727097500295,36.188449426526198,0.0],[136.567558002866292,36.188586751141827,0.0],[136.567734120092609,36.188892563567713,0.0],[136.567582514863687,36.188990193194577,0.0],[136.567578688694311,36.189086434393673,0.0],[136.567608921158211,36.189216476417613,0.0],[136.5675175218243,36.189481232422608,0.0],[136.567446481636807,36.189471535054153,0.0],[136.567396320898808,36.189463885334632,0.0],[136.567439337064997,36.189273463670737,0.0],[136.567556776149587,36.188888820847822,0.0],[136.567508768728089,36.188683188675313,0.0],[136.567327901312495,36.188444146925001,0.0],[136.56741434642251,36.188303930387633,0.0],[136.567445291369097,36.188218505110761,0.0],[136.567442045408995,36.188042119986036,0.0],[136.567396706759013,36.187967448150239,0.0],[136.567164987213289,36.188138218856828,0.0],[136.566946539146301,36.18825321676637,0.0],[136.566681504417886,36.188337468831307,0.0],[136.566516979183291,36.18836343374101,0.0],[136.566184591298196,36.188371441165508,0.0],[136.566027862738906,36.188458467503011,0.0],[136.566073487232302,36.188614973031108,0.0],[136.566062387533805,36.188926900032058,0.0],[136.566119996609899,36.18901631667628,0.0],[136.566101713646304,36.189161470774252,0.0],[136.565893634047512,36.189085133682269,0.0],[136.565688213924602,36.189416748847918,0.0],[136.566023820327302,36.189491190963409,0.0],[136.56631248259481,36.189586914772107,0.0],[136.566477872597289,36.18951819776192,0.0],[136.5665787601489,36.189563340373113,0.0],[136.566786591332487,36.189845694170643,0.0],[136.567412607573999,36.18961664645316,0.0],[136.56792837971949,36.189447105383152,0.0],[136.568045866955714,36.189414369041451,0.0],[136.568162119826809,36.189346140301097,0.0],[136.568259998507187,36.189308691149698,0.0],[136.568363877241808,36.189265461352782,0.0],[136.568382278048603,36.18922515613356,0.0],[136.568461562374409,36.189203144742002,0.0],[136.568575407073808,36.189239364661653,0.0],[136.568708029171091,36.189257691421489,0.0],[136.568995801428088,36.189273037154251,0.0],[136.569231036469688,36.189212292570197,0.0],[136.569593688357713,36.189080872023943,0.0],[136.569728752282202,36.188959255395623,0.0],[136.569909995586812,36.188737624811829,0.0],[136.570007234338703,36.188651385616268,0.0],[136.57030886234881,36.188548569966699,0.0],[136.5705496578598,36.188527436517838,0.0],[136.570927870514595,36.188555096912438,0.0],[136.570969140866907,36.18845849574695,0.0],[136.570894038168689,36.188403483646958,0.0],[136.570693135877093,36.188294891405071,0.0],[136.570387361748004,36.188025663071834,0.0],[136.570306684192786,36.187841870382869,0.0],[136.570317536081888,36.187685919066567,0.0],[136.570202791234294,36.18758399475464,0.0],[136.570023634497886,36.187481893509627,0.0],[136.5697541448788,36.187534512382427,0.0],[136.569868451315898,36.187614414846877,0.0],[136.569898997866289,36.187727374128848,0.0],[136.569999871481002,36.187851413711201,0.0],[136.570039318044792,36.187943766272163,0.0],[136.570052795403399,36.188015334742062,0.0],[136.570052795403399,36.188015334742062,0.0]]],[[[136.578216563750203,36.195233511255502,0.0],[136.578347392860991,36.195279728491762,0.0],[136.578624489527613,36.195078945651368,0.0],[136.578573360471694,36.19495526415475,0.0],[136.578528974794608,36.194910167731919,0.0],[136.578485202992709,36.194896880481529,0.0],[136.578523569029386,36.194852720618883,0.0],[136.578665790543596,36.19488198182485,0.0],[136.578771917356988,36.19479751962119,0.0],[136.578697198759812,36.194718747556607,0.0],[136.578824827718506,36.194619561260353,0.0],[136.578698441161691,36.194440142747467,0.0],[136.578669633368008,36.194125326487189,0.0],[136.578677304763204,36.193967501344851,0.0],[136.578295853496599,36.19382668918675,0.0],[136.577958096268503,36.194023935592718,0.0],[136.577758787091312,36.194285008662092,0.0],[136.577638778509908,36.194532790216819,0.0],[136.57729252952339,36.194630891768462,0.0],[136.577146968428792,36.194578980443367,0.0],[136.576787537975491,36.195062040602281,0.0],[136.576636559765802,36.195217518914909,0.0],[136.576530642250987,36.195316976634658,0.0],[136.576448719580213,36.19537471967422,0.0],[136.576415145879707,36.195566551059272,0.0],[136.576635917742891,36.19563238298263,0.0],[136.576500810059912,36.19601868768973,0.0],[136.576281444982186,36.196132209015481,0.0],[136.576424211237111,36.196478109558001,0.0],[136.576321403681305,36.196802163264657,0.0],[136.576332092657509,36.197474049619949,0.0],[136.576626117974712,36.197475027146481,0.0],[136.576526657007406,36.197059882398023,0.0],[136.577040272520009,36.196788784239672,0.0],[136.577063956357392,36.196569557368477,0.0],[136.577290857984508,36.19644377106151,0.0],[136.577553520443701,36.19604619645019,0.0],[136.577600211595495,36.195706494132352,0.0],[136.577756909063595,36.195517555697073,0.0],[136.577652838845893,36.195094243288658,0.0],[136.577759555727397,36.195061091159211,0.0],[136.578216563750203,36.195233511255502,0.0],[136.578216563750203,36.195233511255502,0.0]]],[[[136.579091396759594,36.194442849263133,0.0],[136.57918520385121,36.194630581301773,0.0],[136.579809566863588,36.194801182167097,0.0],[136.579956207406809,36.194793951748622,0.0],[136.580299173804008,36.194711488848142,0.0],[136.580396726516511,36.194717152664794,0.0],[136.580940148590088,36.194826582354182,0.0],[136.581156655029588,36.19475212786017,0.0],[136.580581185210406,36.194105434208289,0.0],[136.580174719915306,36.193743900973232,0.0],[136.57993227697699,36.192897848113702,0.0],[136.579409180149014,36.192859818394219,0.0],[136.579178633388892,36.193334455845523,0.0],[136.578890966656303,36.193743829123811,0.0],[136.579005775756713,36.194106061263533,0.0],[136.578862183475707,36.194095386240477,0.0],[136.578828406251006,36.194252537012773,0.0],[136.578952481854088,36.194444355575747,0.0],[136.579091396759594,36.194442849263133,0.0],[136.579091396759594,36.194442849263133,0.0]]],[[[136.574589146078608,36.195915481244427,0.0],[136.574659989857196,36.195895738527291,0.0],[136.574735452646905,36.19587229812803,0.0],[136.57471988653819,36.195789727015708,0.0],[136.574878640093004,36.195436076549477,0.0],[136.574668068498511,36.195466608004423,0.0],[136.574277292972795,36.195633061630197,0.0],[136.5741020828942,36.195795319675923,0.0],[136.574076740179294,36.195884650724963,0.0],[136.573985172326189,36.195974705657441,0.0],[136.573807528864194,36.196055132142178,0.0],[136.57360348026279,36.196122354470297,0.0],[136.573404758199388,36.196139230332861,0.0],[136.573276820759588,36.196241668281672,0.0],[136.573252917507205,36.196312062286083,0.0],[136.573181102403993,36.19636537922328,0.0],[136.5730147383575,36.196439127887423,0.0],[136.572847543602109,36.196437160210863,0.0],[136.572455818892195,36.196594758860321,0.0],[136.572327221890589,36.196702254088812,0.0],[136.572560321878996,36.196859459747927,0.0],[136.572410257081486,36.19703508436551,0.0],[136.572397041284489,36.197325990492892,0.0],[136.572445643337488,36.197469704648981,0.0],[136.572456248902597,36.197610720093039,0.0],[136.572617884860392,36.197630099591628,0.0],[136.572849301590907,36.197692441180934,0.0],[136.572934181088812,36.197686603771082,0.0],[136.573064809588686,36.197653020189897,0.0],[136.5732782081175,36.197654543387443,0.0],[136.573306700320302,36.197475617549117,0.0],[136.573302387912889,36.197317087260913,0.0],[136.573361025155407,36.197211704724189,0.0],[136.573542996978688,36.197066004485293,0.0],[136.573618987655607,36.19697261551142,0.0],[136.573816699936202,36.196809132178487,0.0],[136.573860276361103,36.196752790914907,0.0],[136.574281748208392,36.196258513186663,0.0],[136.57447467572311,36.196120306676839,0.0],[136.574589146078608,36.195915481244427,0.0],[136.574589146078608,36.195915481244427,0.0]]],[[[136.577141333244612,36.193466202538637,0.0],[136.577034299132009,36.193574252557973,0.0],[136.577185368262093,36.19371110525578,0.0],[136.577423672454586,36.193845678885189,0.0],[136.577485904499497,36.193745738535981,0.0],[136.577636899390598,36.193737664450623,0.0],[136.577775593260611,36.193690375341752,0.0],[136.577972197749489,36.193588990356332,0.0],[136.57834603882651,36.19337555580028,0.0],[136.578046458928412,36.192989549949992,0.0],[136.577897512449113,36.192983078958427,0.0],[136.577665335986012,36.192448469792673,0.0],[136.577494381550594,36.192192667959553,0.0],[136.577307309855314,36.192099696560078,0.0],[136.577043601304808,36.192051418621617,0.0],[136.576761456330388,36.192911477612697,0.0],[136.576861992011402,36.192972293018613,0.0],[136.576924169646389,36.193337790009608,0.0],[136.577141333244612,36.193466202538637,0.0],[136.577141333244612,36.193466202538637,0.0]]],[[[136.574954336529402,36.195822776230798,0.0],[136.574873628709213,36.196055303949258,0.0],[136.574902669294204,36.19625789747348,0.0],[136.574792127073607,36.196490736364652,0.0],[136.574742328377909,36.196666366706609,0.0],[136.574622365800906,36.196831107721188,0.0],[136.574564061391413,36.196958413458361,0.0],[136.574425067100293,36.197221439278351,0.0],[136.574337357540287,36.197529837677848,0.0],[136.574337681395008,36.197630327430282,0.0],[136.574364558284401,36.197697411975938,0.0],[136.574436516517096,36.197773673794167,0.0],[136.574587458152905,36.197723085476319,0.0],[136.574790443810002,36.197622464744512,0.0],[136.5750763456725,36.197544655715781,0.0],[136.575073798298405,36.197395064078727,0.0],[136.575011340080806,36.197276430877942,0.0],[136.574860447775706,36.19719680312064,0.0],[136.574718953999792,36.197210242712657,0.0],[136.574720696178503,36.196978812662287,0.0],[136.574925309062792,36.196752107110669,0.0],[136.574961109196011,36.196630983577727,0.0],[136.575109285894513,36.196461300243698,0.0],[136.57523769849999,36.196346718836743,0.0],[136.575330458049592,36.196211326355339,0.0],[136.575431819915508,36.196192686602487,0.0],[136.575732380413513,36.19625824192785,0.0],[136.57597777465179,36.195857598698097,0.0],[136.576138582204806,36.195716998494923,0.0],[136.576026223275704,36.195560008972208,0.0],[136.575650972956709,36.195448594420313,0.0],[136.575262691734707,36.195437880096229,0.0],[136.575037174208205,36.195418968951152,0.0],[136.574878640093004,36.195436076549477,0.0],[136.574833049691392,36.195713527316308,0.0],[136.574954336529402,36.195822776230798,0.0],[136.574954336529402,36.195822776230798,0.0]]],[[[136.573591658817492,36.19266653653208,0.0],[136.573584153500889,36.192452004585938,0.0],[136.57354125107679,36.192395238479143,0.0],[136.573558908892807,36.192172773761158,0.0],[136.573494646242011,36.192172455324481,0.0],[136.573417207904896,36.192228122167997,0.0],[136.573065121398713,36.192218029899017,0.0],[136.5730592903179,36.192480442043532,0.0],[136.573018739230406,36.192587569879848,0.0],[136.572808788090498,36.192754932625881,0.0],[136.572637995071005,36.192797156426948,0.0],[136.572644780442999,36.192833001562192,0.0],[136.572574700682509,36.192996981446072,0.0],[136.572607814688212,36.193094369573558,0.0],[136.572691936271013,36.193114764809252,0.0],[136.572730393363003,36.19307564450682,0.0],[136.572839838691095,36.19311163215739,0.0],[136.572906708585492,36.193089835654924,0.0],[136.573338757315298,36.193224286849812,0.0],[136.573747728310707,36.193225917703337,0.0],[136.573791197901102,36.193166671969479,0.0],[136.573972124269687,36.193106989337103,0.0],[136.574089773082505,36.192959354511267,0.0],[136.574524031458594,36.192786478554773,0.0],[136.574503548981397,36.192872152960142,0.0],[136.574657203640811,36.192866833874128,0.0],[136.574802945969509,36.192848073431684,0.0],[136.574856891695902,36.192806006129651,0.0],[136.574874124996995,36.192669326572123,0.0],[136.574838193002506,36.192617599296973,0.0],[136.574727475307895,36.192608070566671,0.0],[136.57457961883361,36.192573479997201,0.0],[136.574414516838686,36.192572278365873,0.0],[136.574116501168504,36.192549064582778,0.0],[136.573591658817492,36.19266653653208,0.0],[136.573591658817492,36.19266653653208,0.0]]],[[[136.567580440279897,36.190725698862522,0.0],[136.567612657016298,36.19077689778787,0.0],[136.567495764556298,36.190919400862533,0.0],[136.567515035886913,36.190987808045499,0.0],[136.567655372556914,36.190933732403508,0.0],[136.567681224501996,36.190984128863718,0.0],[136.567799301287607,36.191050388732222,0.0],[136.568049398352514,36.190934564330227,0.0],[136.568520246835789,36.190346043310448,0.0],[136.568196549283812,36.190050489946721,0.0],[136.567923265968005,36.19006411250421,0.0],[136.567689684612304,36.190027399227503,0.0],[136.567523291115407,36.190026566497508,0.0],[136.567434007265291,36.190087183110244,0.0],[136.567288634306493,36.190093669127663,0.0],[136.5673210608619,36.190220143204947,0.0],[136.567385327129301,36.190341621356858,0.0],[136.567221341714003,36.190404191799338,0.0],[136.567091696925701,36.190372712401519,0.0],[136.567020342672407,36.190259584999303,0.0],[136.566963693934412,36.19035019801094,0.0],[136.566839695987795,36.190392411861311,0.0],[136.566852285622787,36.19045000365761,0.0],[136.566909342780491,36.190511013299933,0.0],[136.56707435299171,36.190522204680271,0.0],[136.567580440279897,36.190725698862522,0.0],[136.567580440279897,36.190725698862522,0.0]]],[[[136.570993651333993,36.191079564633363,0.0],[136.570873864916109,36.191108731452097,0.0],[136.570732810726213,36.191083859662257,0.0],[136.570551440435196,36.190904901450928,0.0],[136.570463249130711,36.190976014860539,0.0],[136.570458579107708,36.191151314934963,0.0],[136.570492093429209,36.191237692012862,0.0],[136.570485801235805,36.191435725102522,0.0],[136.570284158163304,36.191634159500254,0.0],[136.570191619680287,36.191762125416467,0.0],[136.570490829914093,36.191805267789483,0.0],[136.570695083346493,36.191922051641107,0.0],[136.571006283264495,36.192052196209659,0.0],[136.571173624297387,36.19206253463117,0.0],[136.571333908962089,36.191979940079442,0.0],[136.571526220243811,36.191946252988821,0.0],[136.571393586124401,36.191702739927663,0.0],[136.571340957252687,36.191596840044213,0.0],[136.571252149441506,36.191359876270838,0.0],[136.571149732240912,36.191176879171678,0.0],[136.571096326290501,36.191111871800331,0.0],[136.570993651333993,36.191079564633363,0.0],[136.570993651333993,36.191079564633363,0.0]]],[[[136.572018550356006,36.189563119830908,0.0],[136.572353095394789,36.189577472212513,0.0],[136.572354724813408,36.189552824872358,0.0],[136.572296229751913,36.189549206007698,0.0],[136.572246797078691,36.189472363417487,0.0],[136.572105840609112,36.18930442356077,0.0],[136.571889124902413,36.189281122271026,0.0],[136.571870818571114,36.189342398600417,0.0],[136.57188477782401,36.189503406019909,0.0],[136.571833504974308,36.189485290567987,0.0],[136.571597056385798,36.189466454773793,0.0],[136.571407998274111,36.189489210341897,0.0],[136.571349749764408,36.189460667329193,0.0],[136.571244909417089,36.1893489567111,0.0],[136.571171203466491,36.189431526796312,0.0],[136.571121797816005,36.189423078450773,0.0],[136.571080751518991,36.189349963343332,0.0],[136.570836272039202,36.189416189499383,0.0],[136.570763500333413,36.189600359917961,0.0],[136.570563089162789,36.189857763666971,0.0],[136.570595415459394,36.189956190342699,0.0],[136.570585898270906,36.190057966001653,0.0],[136.570654920667607,36.190076998641707,0.0],[136.570773659070909,36.190043609722579,0.0],[136.570966021809312,36.190029985358002,0.0],[136.5711071168096,36.189956865361282,0.0],[136.571319055470894,36.190030830520207,0.0],[136.571562128500801,36.189853407234487,0.0],[136.571639468566588,36.18973622237602,0.0],[136.571728679878589,36.189684716895677,0.0],[136.571942328179404,36.189681221689519,0.0],[136.572022399982501,36.189648809271517,0.0],[136.572018550356006,36.189563119830908,0.0],[136.572018550356006,36.189563119830908,0.0]]],[[[136.574501291853693,36.193859919508959,0.0],[136.57439865611309,36.193883162236922,0.0],[136.57421721079271,36.193938770047332,0.0],[136.574115512097308,36.19400570941886,0.0],[136.573967893434912,36.194048724879472,0.0],[136.574060302095404,36.194183223474653,0.0],[136.573879221217311,36.194455438968063,0.0],[136.573398867600503,36.194601893741257,0.0],[136.573387927026999,36.194817422039641,0.0],[136.573517080092614,36.194849800690498,0.0],[136.573582544088794,36.194837963207469,0.0],[136.573831408301004,36.194729671625083,0.0],[136.574153783095909,36.194570657084718,0.0],[136.574398636886002,36.194571218168029,0.0],[136.574729003098497,36.194443131174793,0.0],[136.574701332494413,36.194372428620461,0.0],[136.574710195490411,36.1942513160948,0.0],[136.574766189125995,36.194156380880642,0.0],[136.574834170022712,36.193936324328909,0.0],[136.574749157087609,36.193858807567629,0.0],[136.574812272068613,36.193832443576198,0.0],[136.574807685273299,36.193708061377919,0.0],[136.574762791738408,36.193693888474527,0.0],[136.574493526405689,36.193728769186102,0.0],[136.574471987258704,36.193799537481667,0.0],[136.574501291853693,36.193859919508959,0.0],[136.574501291853693,36.193859919508959,0.0]]],[[[136.575605919797596,36.193042248202971,0.0],[136.575493549447003,36.193090808537413,0.0],[136.575348162965497,36.193203283080379,0.0],[136.575087958160196,36.193204474985137,0.0],[136.575307378095488,36.193342159930737,0.0],[136.575515188399805,36.193351425924213,0.0],[136.575563418267507,36.19338710874991,0.0],[136.575566055556891,36.193532847049667,0.0],[136.5754729453067,36.193781343296827,0.0],[136.57546915448529,36.193862735397538,0.0],[136.575497887205302,36.193887768859952,0.0],[136.575639053144897,36.193857808935057,0.0],[136.575748195598692,36.193743829348712,0.0],[136.575934363934294,36.19364366250084,0.0],[136.576098369815213,36.193483742001433,0.0],[136.576109402729003,36.193344924487981,0.0],[136.576083440360094,36.193318035583857,0.0],[136.57626014371391,36.193182337214189,0.0],[136.576391862161387,36.19315552933611,0.0],[136.576536074022613,36.193154189095132,0.0],[136.576675976155713,36.193202498792267,0.0],[136.576806903585009,36.193297746034098,0.0],[136.576814160638008,36.193231081653799,0.0],[136.576789205359006,36.193120298590799,0.0],[136.576714916026106,36.193060965308213,0.0],[136.576622927771098,36.193040726991711,0.0],[136.576499607119814,36.193052363822318,0.0],[136.576348630544004,36.19310926522656,0.0],[136.576282882947709,36.193151869836932,0.0],[136.576044002108404,36.193198408752657,0.0],[136.575931439810489,36.19316890867546,0.0],[136.575889779897011,36.193083969213063,0.0],[136.575896011513095,36.193004266415471,0.0],[136.575605919797596,36.193042248202971,0.0],[136.575605919797596,36.193042248202971,0.0]]],[[[136.573794823333913,36.198010505903753,0.0],[136.57416340570191,36.198119418348831,0.0],[136.574197332569213,36.198168345502303,0.0],[136.574199597619412,36.198240812361888,0.0],[136.57417956029991,36.198288560292973,0.0],[136.574249694352488,36.198364792458293,0.0],[136.574350589033401,36.198415807601243,0.0],[136.574492649610391,36.198425886539802,0.0],[136.574653434339496,36.198421115614302,0.0],[136.574730930339399,36.198364843577387,0.0],[136.574716051348702,36.19833657977729,0.0],[136.57464576957139,36.198341497442463,0.0],[136.574624465212793,36.198298222587063,0.0],[136.574683727034198,36.198145930913782,0.0],[136.574697622205491,36.198024971336849,0.0],[136.574640417203398,36.197989168078657,0.0],[136.574607568433805,36.197920936470439,0.0],[136.574496845827213,36.197960832738673,0.0],[136.574364913769813,36.19797218047399,0.0],[136.574335953778103,36.197889487180007,0.0],[136.574243318193794,36.197839530446821,0.0],[136.574074765751305,36.1977998283948,0.0],[136.573901729708012,36.197845278407137,0.0],[136.573793208823588,36.197944720737688,0.0],[136.573794823333913,36.198010505903753,0.0],[136.573794823333913,36.198010505903753,0.0]]],[[[136.57085500817891,36.196407324772693,0.0],[136.571193222216806,36.196324814833517,0.0],[136.571340341144008,36.196269700674151,0.0],[136.571422741087588,36.196255288939682,0.0],[136.57169221484429,36.196158027861117,0.0],[136.571893516831409,36.196094132589387,0.0],[136.572041673736294,36.195990152638721,0.0],[136.572272052773599,36.19591604907513,0.0],[136.572428588523195,36.195820003653843,0.0],[136.572631329963713,36.195760545869369,0.0],[136.572630141508597,36.195711501347148,0.0],[136.572592291286099,36.195685859554423,0.0],[136.572509081294214,36.195649384534399,0.0],[136.572374059248091,36.195647661523772,0.0],[136.5722094201316,36.195723972772598,0.0],[136.572126591395289,36.195835342580928,0.0],[136.572046396324595,36.195880724710108,0.0],[136.571655011181605,36.195939525084007,0.0],[136.571531420271612,36.196072863308864,0.0],[136.571373378141089,36.196110490833583,0.0],[136.571258921062196,36.196189501808,0.0],[136.571059361365513,36.196260508562517,0.0],[136.570833316910097,36.196339585688762,0.0],[136.570811083905909,36.19638003168474,0.0],[136.57085500817891,36.196407324772693,0.0],[136.57085500817891,36.196407324772693,0.0]]],[[[136.574523200556399,36.190627110460341,0.0],[136.574747328356011,36.190815103083239,0.0],[136.574789187218499,36.190754050033398,0.0],[136.57479809212299,36.190627137893557,0.0],[136.574743844113613,36.190546314101169,0.0],[136.574680603239187,36.190498311904562,0.0],[136.574545808322711,36.190450600160098,0.0],[136.574394899855605,36.190431164624258,0.0],[136.574266593239997,36.19036348705751,0.0],[136.574208531551704,36.190315822086411,0.0],[136.574196516351208,36.190274839975807,0.0],[136.574120046749812,36.190169470393677,0.0],[136.574043413996407,36.18999960161468,0.0],[136.574010487654903,36.189832525945867,0.0],[136.573973797831599,36.189742766010284,0.0],[136.573564822900408,36.189576406233471,0.0],[136.573339102920499,36.189462509487782,0.0],[136.573184702208209,36.189410052029949,0.0],[136.573273173139,36.189466083420619,0.0],[136.5733419778783,36.189492764405479,0.0],[136.573591506644107,36.189628410745101,0.0],[136.57378412754241,36.189729617084247,0.0],[136.57392729695971,36.18982830071603,0.0],[136.573968124076401,36.189939149484317,0.0],[136.573965073946511,36.190027423823778,0.0],[136.573881258465093,36.190192818264073,0.0],[136.573946162428001,36.190396120647357,0.0],[136.574523200556399,36.190627110460341,0.0],[136.574523200556399,36.190627110460341,0.0]]],[[[136.573259441093711,36.191215926156133,0.0],[136.573698191950911,36.191102257057253,0.0],[136.573818946973688,36.191103022824308,0.0],[136.573823377446104,36.191020316241577,0.0],[136.573917019320987,36.190970768837197,0.0],[136.574085053273109,36.19093301248801,0.0],[136.573840679799105,36.190682295601633,0.0],[136.573672535319503,36.190769866634653,0.0],[136.573562952548002,36.190889609500701,0.0],[136.573450674319503,36.190869002339838,0.0],[136.573309731739698,36.190673350515382,0.0],[136.573271288210208,36.190800619920701,0.0],[136.573259441093711,36.191215926156133,0.0],[136.573259441093711,36.191215926156133,0.0]]],[[[136.575541962531588,36.192858596660379,0.0],[136.57560625818661,36.19297813730882,0.0],[136.575691016268792,36.192860944149182,0.0],[136.575738364258598,36.192705571877191,0.0],[136.575732303770394,36.192559895972941,0.0],[136.575688314690609,36.192351141473011,0.0],[136.575684022652808,36.192031838131371,0.0],[136.575588646030809,36.191781647653919,0.0],[136.57544617975131,36.191663374753389,0.0],[136.575362041524613,36.19163835149277,0.0],[136.575267301354501,36.19167752897107,0.0],[136.575399516957191,36.191814727907257,0.0],[136.575566312252306,36.192115760954877,0.0],[136.575540305277713,36.192621677960183,0.0],[136.575541962531588,36.192858596660379,0.0],[136.575541962531588,36.192858596660379,0.0]]],[[[136.575030512275504,36.191032056020703,0.0],[136.57513745847001,36.191046768016818,0.0],[136.575268870901908,36.191139932884113,0.0],[136.575244361699589,36.190810801161959,0.0],[136.575091813582389,36.190546694994822,0.0],[136.574885246795191,36.190393243979763,0.0],[136.574875898959306,36.19046023681345,0.0],[136.57501521759329,36.190546322736282,0.0],[136.574917874379906,36.19077336080386,0.0],[136.574946640254012,36.190965548747208,0.0],[136.575030512275504,36.191032056020703,0.0],[136.575030512275504,36.191032056020703,0.0]]],[[[136.574833161563902,36.198303480799268,0.0],[136.575217508687189,36.198086915932279,0.0],[136.575338716089789,36.198042116464173,0.0],[136.575577187796398,36.197862678879083,0.0],[136.575903407111497,36.197863523353178,0.0],[136.576094576462907,36.197903300181459,0.0],[136.575992431921406,36.197645129356452,0.0],[136.575906999814691,36.197644335495752,0.0],[136.575753583301889,36.197715278575643,0.0],[136.575504502659896,36.197792427488999,0.0],[136.575444056079988,36.197830863213817,0.0],[136.575364160785711,36.197967225979319,0.0],[136.57527022399691,36.198026750132257,0.0],[136.5750294815264,36.198097124671797,0.0],[136.575006792000607,36.198179101040971,0.0],[136.574875185387214,36.198240544052609,0.0],[136.574806005564312,36.198288613305706,0.0],[136.574833161563902,36.198303480799268,0.0],[136.574833161563902,36.198303480799268,0.0]]],[[[136.575030512275504,36.191032056020703,0.0],[136.575050102373098,36.19113079979131,0.0],[136.575074599503012,36.191203491062993,0.0],[136.575083679684212,36.191264759016292,0.0],[136.575115818680587,36.191325495608531,0.0],[136.575113768668899,36.191407798514597,0.0],[136.575093598156286,36.191460411115948,0.0],[136.575060750300793,36.191493760180663,0.0],[136.575227400245296,36.191646485506119,0.0],[136.575317239028891,36.191617093380657,0.0],[136.575374644014801,36.191608718361252,0.0],[136.575405309424497,36.191586427054759,0.0],[136.57543050991319,36.191506007707531,0.0],[136.575438770534703,36.191438499345928,0.0],[136.575462048203292,36.191405749127377,0.0],[136.575030512275504,36.191032056020703,0.0],[136.575030512275504,36.191032056020703,0.0]]],[[[136.576106728670595,36.194686428791577,0.0],[136.576355531702887,36.194617316588371,0.0],[136.576479043024193,36.194540748143751,0.0],[136.576480864143008,36.194458694678417,0.0],[136.576376750946906,36.194359510050951,0.0],[136.576328622694604,36.19434852673313,0.0],[136.575950232433911,36.194443269938603,0.0],[136.575913023848301,36.19448031637733,0.0],[136.575913935588602,36.194519398573881,0.0],[136.575964370599905,36.19454407126694,0.0],[136.576106728670595,36.194686428791577,0.0],[136.576106728670595,36.194686428791577,0.0]]],[[[136.571899206996193,36.190630500048762,0.0],[136.571996543794995,36.190613378041178,0.0],[136.572037282442892,36.190580609783332,0.0],[136.572090841206602,36.190460873953519,0.0],[136.572179699272994,36.190436610294462,0.0],[136.572269797345314,36.190370518895577,0.0],[136.572394466253087,36.190251035967293,0.0],[136.572361867175488,36.190191340043043,0.0],[136.572161790057294,36.190183649105727,0.0],[136.572056173639709,36.190307125374197,0.0],[136.57201332436901,36.190376425568928,0.0],[136.571988957305194,36.190467819624573,0.0],[136.571899206996193,36.190630500048762,0.0],[136.571899206996193,36.190630500048762,0.0]]],[[[136.572354724813408,36.189552824872358,0.0],[136.572709635391902,36.189491978983703,0.0],[136.572886450531911,36.189588081893781,0.0],[136.57293189585701,36.189514955694911,0.0],[136.572945696395806,36.189371016634396,0.0],[136.572611774299787,36.189367912478602,0.0],[136.572357291938005,36.189513996032083,0.0],[136.572354724813408,36.189552824872358,0.0],[136.572354724813408,36.189552824872358,0.0]]],[[[136.578596107020303,36.192021315742487,0.0],[136.578580913838692,36.192037271273698,0.0],[136.578551279030393,36.192316465830693,0.0],[136.578758729060809,36.192327808174177,0.0],[136.578800109642913,36.192064760007007,0.0],[136.578799899696889,36.192012371147023,0.0],[136.578627003809686,36.191963219576117,0.0],[136.578596107020303,36.192021315742487,0.0],[136.578596107020303,36.192021315742487,0.0]]],[[[136.576693646957011,36.193617311761372,0.0],[136.57676008600771,36.193663395401401,0.0],[136.576810257389099,36.193709837763848,0.0],[136.576866033875689,36.193768896804741,0.0],[136.57691969957159,36.193858561905103,0.0],[136.57701713505449,36.193883985756663,0.0],[136.577000664611205,36.193755959794693,0.0],[136.577028062540506,36.193707116495553,0.0],[136.576848312732494,36.193534134161403,0.0],[136.576716964467408,36.19347936498967,0.0],[136.576693646957011,36.193617311761372,0.0],[136.576693646957011,36.193617311761372,0.0]]],[[[136.572910794757405,36.195161823544211,0.0],[136.57299914580679,36.195153842927184,0.0],[136.573158164223798,36.195072542062611,0.0],[136.573122307418487,36.195006587964997,0.0],[136.573011655030086,36.19495868056832,0.0],[136.572837257868287,36.194927295448871,0.0],[136.572761169696804,36.19494480924422,0.0],[136.572835261544213,36.195105670435183,0.0],[136.572910794757405,36.195161823544211,0.0],[136.572910794757405,36.195161823544211,0.0]]],[[[136.569885719484887,36.192100129118053,0.0],[136.570063022628887,36.192101867372287,0.0],[136.570152095960708,36.192069045951051,0.0],[136.570158733490899,36.191821349585979,0.0],[136.569926750414311,36.191912994509281,0.0],[136.569885719484887,36.192100129118053,0.0],[136.569885719484887,36.192100129118053,0.0]]],[[[136.570728920074799,36.190479736467047,0.0],[136.570844967375507,36.190447942869547,0.0],[136.570953978896796,36.190376192833646,0.0],[136.570978357481408,36.190314408813038,0.0],[136.570835061936805,36.190298064722448,0.0],[136.570713748995786,36.190243729180878,0.0],[136.570637824950012,36.190243351158742,0.0],[136.570630569258896,36.190452827555511,0.0],[136.570728920074799,36.190479736467047,0.0],[136.570728920074799,36.190479736467047,0.0]]],[[[136.568635286142694,36.186941277630901,0.0],[136.568814939980314,36.186909694658588,0.0],[136.568814483943811,36.18683262566659,0.0],[136.568833662773898,36.186698178257252,0.0],[136.56875466573851,36.186669428513873,0.0],[136.568562970530593,36.186870908451233,0.0],[136.568635286142694,36.186941277630901,0.0],[136.568635286142694,36.186941277630901,0.0]]],[[[136.568706840372414,36.186375975944173,0.0],[136.568810713119206,36.186374389371153,0.0],[136.568777896460489,36.186153426084587,0.0],[136.56862000049901,36.186015612923171,0.0],[136.568621829123288,36.186164967000657,0.0],[136.568706840372414,36.186375975944173,0.0],[136.568706840372414,36.186375975944173,0.0]]],[[[136.577446093225404,36.194164439543933,0.0],[136.577591680408489,36.194216503852331,0.0],[136.577730194611888,36.193987235549429,0.0],[136.577596010919194,36.193930952758251,0.0],[136.5775423569672,36.194026188339087,0.0],[136.577446093225404,36.194164439543933,0.0],[136.577446093225404,36.194164439543933,0.0]]],[[[136.577844060349406,36.192408436382649,0.0],[136.57793422693689,36.192435651526623,0.0],[136.578038568679489,36.192315405724443,0.0],[136.578072619520896,36.19217943205674,0.0],[136.578045488632,36.192161407326523,0.0],[136.577894908201301,36.19222458556154,0.0],[136.577844060349406,36.192408436382649,0.0],[136.577844060349406,36.192408436382649,0.0]]],[[[136.568862566231104,36.186017916862767,0.0],[136.569055595391688,36.18608639652178,0.0],[136.569218724420097,36.186131251883538,0.0],[136.569066632237792,36.185920289672161,0.0],[136.568975881446789,36.185933015124718,0.0],[136.56888266625549,36.185959867496521,0.0],[136.568862566231104,36.186017916862767,0.0],[136.568862566231104,36.186017916862767,0.0]]],[[[136.570177869061808,36.189991225122412,0.0],[136.570316510122097,36.190011761196239,0.0],[136.570376560484192,36.189959559866047,0.0],[136.570466463244287,36.189791452923401,0.0],[136.570439319433007,36.189774738672909,0.0],[136.570285584491188,36.189819565005273,0.0],[136.570177869061808,36.189991225122412,0.0],[136.570177869061808,36.189991225122412,0.0]]],[[[136.573114580575805,36.195701201063052,0.0],[136.573319653553909,36.195539092507047,0.0],[136.573315524645807,36.19550007727252,0.0],[136.573283369386786,36.195481542578428,0.0],[136.573122374518789,36.195528642854427,0.0],[136.573042404665898,36.195630330615508,0.0],[136.573030028524897,36.195680445276423,0.0],[136.5730510472562,36.195718779998558,0.0],[136.573114580575805,36.195701201063052,0.0],[136.573114580575805,36.195701201063052,0.0]]],[[[136.569521291695906,36.186274697100387,0.0],[136.569496649283707,36.186335226769543,0.0],[136.569590389500803,36.18637033419305,0.0],[136.569614678198803,36.186312454308869,0.0],[136.569723792123796,36.186285932109762,0.0],[136.569787193880103,36.186248441327017,0.0],[136.569505877725192,36.186160295432558,0.0],[136.569463530446399,36.186247250654873,0.0],[136.569521291695906,36.186274697100387,0.0],[136.569521291695906,36.186274697100387,0.0]]],[[[136.568223256814605,36.18581919505268,0.0],[136.568266021254601,36.185829406741782,0.0],[136.568331554838608,36.185659749134082,0.0],[136.568246206113912,36.185618297100838,0.0],[136.568082593520188,36.185622740768203,0.0],[136.568072656567608,36.185649002172667,0.0],[136.568133015371501,36.185735602525192,0.0],[136.568172626606412,36.185733696081869,0.0],[136.56823145768351,36.185769181613843,0.0],[136.568223256814605,36.18581919505268,0.0],[136.568223256814605,36.18581919505268,0.0]]],[[[136.575261139794407,36.192031601655501,0.0],[136.575303140871796,36.191986716308179,0.0],[136.575254906814592,36.191899523380137,0.0],[136.575236130483404,36.191808723954203,0.0],[136.575131234095011,36.191807392667023,0.0],[136.575070261828103,36.19185658965327,0.0],[136.575065104221608,36.1919081201004,0.0],[136.575112712526987,36.191920600183117,0.0],[136.575261139794407,36.192031601655501,0.0],[136.575261139794407,36.192031601655501,0.0]]],[[[136.57082938009691,36.190869764498039,0.0],[136.570885653100504,36.190949901630461,0.0],[136.570977218972814,36.190980906234458,0.0],[136.571102511881008,36.190902306249789,0.0],[136.571084286905204,36.190837736178572,0.0],[136.570878397179001,36.190836711582527,0.0],[136.57082938009691,36.190869764498039,0.0],[136.57082938009691,36.190869764498039,0.0]]],[[[136.576604652455501,36.197745477332482,0.0],[136.576819566363895,36.197557486033453,0.0],[136.57675901716749,36.197520776837962,0.0],[136.576582716691206,36.197581882492628,0.0],[136.576604652455501,36.197745477332482,0.0],[136.576604652455501,36.197745477332482,0.0]]],[[[136.570124577085494,36.190568307999641,0.0],[136.570345866147704,36.190493422763844,0.0],[136.570226017224201,36.190412301663947,0.0],[136.570084463074096,36.190463797508421,0.0],[136.570087363697297,36.190530819449272,0.0],[136.570124577085494,36.190568307999641,0.0],[136.570124577085494,36.190568307999641,0.0]]],[[[136.570624506775914,36.188123210844068,0.0],[136.570748125837497,36.188140102539613,0.0],[136.570750478314096,36.188086703457422,0.0],[136.570740703955011,36.187951717759333,0.0],[136.570620448334495,36.187952012201457,0.0],[136.570624506775914,36.188123210844068,0.0],[136.570624506775914,36.188123210844068,0.0]]],[[[136.574819016679413,36.192257005913383,0.0],[136.574895433194314,36.192268595652571,0.0],[136.574956728919005,36.192175133078187,0.0],[136.574945270215494,36.192111821880808,0.0],[136.574888767886904,36.19207997431198,0.0],[136.574817695862691,36.192106725320272,0.0],[136.574819016679413,36.192257005913383,0.0],[136.574819016679413,36.192257005913383,0.0]]],[[[136.572389663140001,36.191964480256708,0.0],[136.572483712915414,36.192006470931183,0.0],[136.572587015244693,36.191983490003153,0.0],[136.572619098386298,36.191930104174432,0.0],[136.572551450422793,36.191892669936507,0.0],[136.572492671404291,36.191891230850352,0.0],[136.572389993906114,36.191927474433747,0.0],[136.572389663140001,36.191964480256708,0.0],[136.572389663140001,36.191964480256708,0.0]]],[[[136.571353101613198,36.191048275855742,0.0],[136.571453335490304,36.191051427679668,0.0],[136.571487369863405,36.190962695526487,0.0],[136.571445470134393,36.190925363450411,0.0],[136.571352001740195,36.190906990197831,0.0],[136.571315098081612,36.190953046841997,0.0],[136.571353101613198,36.191048275855742,0.0],[136.571353101613198,36.191048275855742,0.0]]],[[[136.578424218744601,36.196391448171617,0.0],[136.578508557589288,36.196399229690321,0.0],[136.578522761380611,36.196236174145668,0.0],[136.578429896391498,36.196237595163367,0.0],[136.578424218744601,36.196391448171617,0.0],[136.578424218744601,36.196391448171617,0.0]]],[[[136.569984968690108,36.190616975288897,0.0],[136.5700361360378,36.190612394965491,0.0],[136.570028033090608,36.190557090776068,0.0],[136.569929751900588,36.190468266386333,0.0],[136.569864536496908,36.190468852451282,0.0],[136.569861189566211,36.190507418671068,0.0],[136.569984968690108,36.190616975288897,0.0],[136.569984968690108,36.190616975288897,0.0]]],[[[136.570042990645305,36.190991595919037,0.0],[136.570154871410409,36.190873781171327,0.0],[136.570041654709087,36.190849933247591,0.0],[136.569981159361106,36.190926081898859,0.0],[136.570042990645305,36.190991595919037,0.0],[136.570042990645305,36.190991595919037,0.0]]],[[[136.579430809518698,36.195823426515823,0.0],[136.579543848730992,36.195830244940488,0.0],[136.5795679611509,36.195718252098452,0.0],[136.579470968355395,36.195715624958588,0.0],[136.579430809518698,36.195823426515823,0.0],[136.579430809518698,36.195823426515823,0.0]]],[[[136.570489094844987,36.187124289704627,0.0],[136.570608175330989,36.187154926902267,0.0],[136.570613227383291,36.187056918843602,0.0],[136.570504488735196,36.187033820997037,0.0],[136.570489094844987,36.187124289704627,0.0],[136.570489094844987,36.187124289704627,0.0]]],[[[136.575232136225395,36.194464973256324,0.0],[136.575285967679292,36.194483466717017,0.0],[136.575369248617392,36.194473397166782,0.0],[136.575369603901692,36.194447440256909,0.0],[136.575268858191492,36.194381487078253,0.0],[136.575235430266503,36.194400736384168,0.0],[136.575232136225395,36.194464973256324,0.0],[136.575232136225395,36.194464973256324,0.0]]],[[[136.572545823696998,36.198350649077852,0.0],[136.572594925022287,36.19832419420085,0.0],[136.572641067189693,36.198318955150938,0.0],[136.572637662196911,36.198248761045441,0.0],[136.572495780651991,36.198275398911868,0.0],[136.572545823696998,36.198350649077852,0.0],[136.572545823696998,36.198350649077852,0.0]]],[[[136.569145314908894,36.186591932091709,0.0],[136.569226321390488,36.186598532716808,0.0],[136.569229181274892,36.186565993628342,0.0],[136.569138535981409,36.186543219176308,0.0],[136.569145314908894,36.186591932091709,0.0],[136.569145314908894,36.186591932091709,0.0]]],[[[136.57860196310989,36.19522404290619,0.0],[136.578660848190196,36.195243471775967,0.0],[136.578695996835108,36.195204454080788,0.0],[136.578631529233888,36.195179905570868,0.0],[136.57860196310989,36.19522404290619,0.0],[136.57860196310989,36.19522404290619,0.0]]]]}},{"type":"Feature","properties":{"口座番号":"277"},"geometry":{"type":"MultiPolygon","coordinates":[[[[136.582472263596799,36.190115905627373,0.0],[136.582785885471111,36.190131175841479,0.0],[136.583824622859197,36.190445815455917,0.0],[136.583859151052508,36.190617887591692,0.0],[136.584244618566601,36.190906445889503,0.0],[136.584219471493896,36.191302050729689,0.0],[136.582692347343993,36.191724743755202,0.0],[136.582647879332086,36.192025917769953,0.0],[136.585076406028804,36.191250404660671,0.0],[136.5852624422605,36.191295214308383,0.0],[136.585836133116089,36.19143851363286,0.0],[136.586204337485697,36.191685514827199,0.0],[136.586539641231496,36.191816588614941,0.0],[136.58680092625471,36.192046939518178,0.0],[136.587055913486211,36.192232691917049,0.0],[136.587549163130291,36.192602374695973,0.0],[136.587935714216911,36.193004165073297,0.0],[136.588067936688702,36.193304250309168,0.0],[136.58818765510739,36.193523377805398,0.0],[136.588256011136707,36.193813617691589,0.0],[136.588286273413388,36.193886737915001,0.0],[136.588611413960308,36.193989341219428,0.0],[136.589706881205188,36.193892379857722,0.0],[136.590530966329396,36.19376795367296,0.0],[136.590859895834313,36.193639058920112,0.0],[136.590635772856189,36.193300426557791,0.0],[136.590504271062088,36.193024022432823,0.0],[136.590470183534904,36.192945697467202,0.0],[136.590280472628905,36.192692223557472,0.0],[136.590234234391886,36.192657775655618,0.0],[136.590179642145188,36.192646130467679,0.0],[136.590112972077293,36.192614822417362,0.0],[136.5900565378235,36.192542010079869,0.0],[136.590031358490194,36.192372370453583,0.0],[136.589988534597211,36.192251262712112,0.0],[136.589907389216791,36.192144599004124,0.0],[136.589780247838206,36.191994067238539,0.0],[136.589665180892609,36.191964330949077,0.0],[136.589415877134911,36.191969252250573,0.0],[136.589415049661199,36.191905050915103,0.0],[136.589308807187592,36.191880125517081,0.0],[136.588917442266904,36.191753664824667,0.0],[136.588580104145905,36.191613257795282,0.0],[136.588497128854414,36.191593576838891,0.0],[136.588534078692902,36.19171840427186,0.0],[136.588524932616508,36.191879909306707,0.0],[136.588127755240691,36.191687501877993,0.0],[136.586699982819113,36.191190561659887,0.0],[136.586468210699991,36.191123206936261,0.0],[136.586257179799787,36.190615906385062,0.0],[136.585934030877894,36.190607879585059,0.0],[136.586048152824702,36.190192665923483,0.0],[136.586152124139005,36.19010606317557,0.0],[136.586251391189705,36.190147950300528,0.0],[136.58625176763519,36.190228172454262,0.0],[136.586152149658403,36.190341078656942,0.0],[136.586152647351213,36.190381358421021,0.0],[136.586224904611896,36.190447442856417,0.0],[136.586247353131512,36.190529718799887,0.0],[136.586304155806687,36.190569409038872,0.0],[136.586526012291102,36.190349809412353,0.0],[136.586956772411213,36.190211923765041,0.0],[136.587009482457006,36.190282691656037,0.0],[136.586937816803896,36.190313672225237,0.0],[136.587027448643312,36.190446599118822,0.0],[136.587203518624108,36.190379402152601,0.0],[136.587290316319411,36.190405079800541,0.0],[136.587529943987988,36.190305206678786,0.0],[136.587708589542189,36.190199776460069,0.0],[136.587454741929008,36.190035842831193,0.0],[136.58742634027189,36.190018668480583,0.0],[136.58745839760681,36.189618680872186,0.0],[136.587588844159995,36.189535117902118,0.0],[136.587723401575602,36.189674431788482,0.0],[136.587926163057006,36.189920883432002,0.0],[136.588130603784691,36.189918497293213,0.0],[136.588106451979399,36.189826441763081,0.0],[136.587965666419706,36.189657316258717,0.0],[136.587897278666389,36.189477919054028,0.0],[136.587675508380414,36.189303765421712,0.0],[136.587081295784486,36.188918314822139,0.0],[136.586888596724009,36.188830768515913,0.0],[136.586614767366399,36.188907351393233,0.0],[136.586267129651986,36.188892790630057,0.0],[136.585961706034709,36.18877634822325,0.0],[136.585764810550813,36.188848798645573,0.0],[136.585323236338894,36.188883806668947,0.0],[136.584945895287291,36.188726679149433,0.0],[136.584584812693208,36.188718347220963,0.0],[136.584505903580492,36.188619872540571,0.0],[136.583797845018495,36.188362001543609,0.0],[136.583596718919409,36.188347340597758,0.0],[136.583341433851189,36.188282952191472,0.0],[136.583071444114495,36.188100619285677,0.0],[136.582846006407294,36.18792207033723,0.0],[136.582731008159698,36.187809951523938,0.0],[136.582774479198491,36.187380421816627,0.0],[136.582340110231712,36.1864305255773,0.0],[136.582220494711095,36.186042236470293,0.0],[136.582046341240812,36.18582671433338,0.0],[136.581795190282207,36.18521412387819,0.0],[136.581442253151408,36.185012764199207,0.0],[136.580794718417707,36.184313270214197,0.0],[136.579758187066091,36.183900621541383,0.0],[136.579580334499497,36.183780521588908,0.0],[136.579281366824489,36.183538976089338,0.0],[136.579013689402387,36.183474698835212,0.0],[136.578801922280093,36.183511271388767,0.0],[136.578132514907509,36.183586236945899,0.0],[136.577558692644487,36.183493621600277,0.0],[136.577152496102002,36.183554133078218,0.0],[136.57684573640509,36.183574947701089,0.0],[136.57651411492111,36.183521096675967,0.0],[136.576396865924607,36.183490527555684,0.0],[136.576210165991313,36.183373747078392,0.0],[136.575864187132595,36.182993034934519,0.0],[136.575749151952294,36.182923191041247,0.0],[136.575646374373605,36.183022766493067,0.0],[136.575316516529,36.183216444348759,0.0],[136.575435200293413,36.183252445523927,0.0],[136.575692206482501,36.183299421247831,0.0],[136.575715021112103,36.183463107474253,0.0],[136.575736105628408,36.183637785293598,0.0],[136.575775485685114,36.183724520736263,0.0],[136.575697384325707,36.184020451338021,0.0],[136.575805983012714,36.184400086229132,0.0],[136.575846582967301,36.184558051427281,0.0],[136.576050412203813,36.184991591209602,0.0],[136.575895033227908,36.185457023098962,0.0],[136.575529306254907,36.1857499113868,0.0],[136.575172329765593,36.185855309484772,0.0],[136.575464111696903,36.186040572578847,0.0],[136.575778972265311,36.186316044555163,0.0],[136.576044409909713,36.186250421741534,0.0],[136.576136753880007,36.186244119513667,0.0],[136.576273359849893,36.185919036940462,0.0],[136.576665895719714,36.185916867829732,0.0],[136.57675714281271,36.185798802636469,0.0],[136.576976042213886,36.185601054884472,0.0],[136.577066623463992,36.185462538795051,0.0],[136.577289977582893,36.185454394229502,0.0],[136.577574685954602,36.185536390919481,0.0],[136.577807725402806,36.185514541298652,0.0],[136.577854979303311,36.185574063632053,0.0],[136.577778200774986,36.185635552613533,0.0],[136.577742352847707,36.185861020159827,0.0],[136.577723482236991,36.185952202785977,0.0],[136.577785743229612,36.186045469943743,0.0],[136.577929964511299,36.186191318066129,0.0],[136.578094284804791,36.186260744252451,0.0],[136.57846894814071,36.186335260613788,0.0],[136.57864399557829,36.186363834103602,0.0],[136.579101680093004,36.186696282986297,0.0],[136.579241991193186,36.187078292890632,0.0],[136.579380235886589,36.187044932518113,0.0],[136.579393279582405,36.186788506281658,0.0],[136.579418139636005,36.186653293643403,0.0],[136.579362499602496,36.186439063700192,0.0],[136.579292927724907,36.186280832276744,0.0],[136.57924565890761,36.186215809918089,0.0],[136.579431296483108,36.186296788757353,0.0],[136.579494870156907,36.186459824251607,0.0],[136.579570750139311,36.186625175070922,0.0],[136.579671507607088,36.186649534215917,0.0],[136.580315190909602,36.186982710135077,0.0],[136.580480529435704,36.186882878310357,0.0],[136.580372004071904,36.186775903700408,0.0],[136.580186224480087,36.186742771042873,0.0],[136.580146860738296,36.186691022185023,0.0],[136.580188746389609,36.186617760354238,0.0],[136.580191152980689,36.186508215987558,0.0],[136.580049338653794,36.186336097401608,0.0],[136.579964329395096,36.186222258131487,0.0],[136.579804805571911,36.186098800062183,0.0],[136.57977163226451,36.185965921935143,0.0],[136.579434186478295,36.185803154888013,0.0],[136.579139122250695,36.185647450053871,0.0],[136.578836835753691,36.18529818406887,0.0],[136.578549734679711,36.185128843543218,0.0],[136.578739010402302,36.185158160948127,0.0],[136.578610416281805,36.18506146352064,0.0],[136.578437888254712,36.185058542925489,0.0],[136.577852318386704,36.184491398789959,0.0],[136.577420678158404,36.183882026531528,0.0],[136.577993005063689,36.183949295657612,0.0],[136.578481254122806,36.183928194696712,0.0],[136.578850935835987,36.183758556997581,0.0],[136.579056799203414,36.183766610287101,0.0],[136.57939447175329,36.183964454704977,0.0],[136.579780897258502,36.184252340902937,0.0],[136.580134575180608,36.184376573811363,0.0],[136.580111048900591,36.184487351335562,0.0],[136.579369534693313,36.184561052030169,0.0],[136.579371557912793,36.184724008263153,0.0],[136.579810443631089,36.184833925073093,0.0],[136.580440599730508,36.184846221951688,0.0],[136.580589028867507,36.184792204882037,0.0],[136.580614595866393,36.184803649247357,0.0],[136.580653766897314,36.185992947732878,0.0],[136.580868633827492,36.186002088392392,0.0],[136.580880166359492,36.185156292099393,0.0],[136.580972141689188,36.184921524757847,0.0],[136.581439705500713,36.185324293259526,0.0],[136.58160849591161,36.185544792186811,0.0],[136.581614000101212,36.185663982031038,0.0],[136.581685895871288,36.185850849098657,0.0],[136.582062290457088,36.186208006373427,0.0],[136.582117163599889,36.186385766408442,0.0],[136.582086694982991,36.186555057636397,0.0],[136.582031653060199,36.186624248789613,0.0],[136.58181735778021,36.186722655706127,0.0],[136.581638943293711,36.186797032783012,0.0],[136.580986191328208,36.187283217726574,0.0],[136.581046397225094,36.187392437529311,0.0],[136.581053363452696,36.187485092680333,0.0],[136.581040163154,36.187767143552492,0.0],[136.580981694185397,36.188014739567627,0.0],[136.581550512854591,36.187995047844893,0.0],[136.581678338824901,36.188260147246439,0.0],[136.582186477392696,36.188196010299677,0.0],[136.582630628327109,36.188202357360879,0.0],[136.582931800418493,36.188521418066031,0.0],[136.583142859159011,36.188657142675069,0.0],[136.583516558700296,36.188772822622461,0.0],[136.583468629808294,36.188958710896479,0.0],[136.583216038559812,36.189201823629183,0.0],[136.582989382298592,36.18946151786475,0.0],[136.582986289454794,36.18960006753597,0.0],[136.582319487668798,36.18951718793307,0.0],[136.58216981176821,36.189691999677912,0.0],[136.582409652488195,36.18986143701138,0.0],[136.582425491722006,36.190077325145282,0.0],[136.582420059431797,36.190113363388321,0.0],[136.582472263596799,36.190115905627373,0.0],[136.582472263596799,36.190115905627373,0.0]]],[[[136.580877610708086,36.189389057041573,0.0],[136.581715393030294,36.189443649112143,0.0],[136.58172491772919,36.189412773605731,0.0],[136.581874015632195,36.18922020344948,0.0],[136.581861643337504,36.189138054327692,0.0],[136.581668082261899,36.189066069567737,0.0],[136.581599946395301,36.188713700680033,0.0],[136.581175700706893,36.188361192964791,0.0],[136.581119472386689,36.188237590224553,0.0],[136.580913693233811,36.188090760675358,0.0],[136.580595049679687,36.188304289071887,0.0],[136.580299188139691,36.188341830497372,0.0],[136.580138201472209,36.188217388740682,0.0],[136.580089373416001,36.188345109769102,0.0],[136.58001177601929,36.188409819119521,0.0],[136.579807679538391,36.188433630064957,0.0],[136.579627804621595,36.188594313524469,0.0],[136.579500849516592,36.188431463878757,0.0],[136.579218174252304,36.188392071769123,0.0],[136.579158334586907,36.188314443672077,0.0],[136.578828164813501,36.188240644559798,0.0],[136.5787954643761,36.188254662024292,0.0],[136.578690419524605,36.188221755864248,0.0],[136.578410891334414,36.188554861427043,0.0],[136.578495296344698,36.188690507985378,0.0],[136.578732428402589,36.188890930805798,0.0],[136.578962343183605,36.188906583969597,0.0],[136.57923599824889,36.18899724324848,0.0],[136.579235958878201,36.189163003941722,0.0],[136.579310836991311,36.18922291720154,0.0],[136.579417015773487,36.189387853417038,0.0],[136.579626074762814,36.18937000873332,0.0],[136.57995971380069,36.189369677881842,0.0],[136.580044411015308,36.189418465630609,0.0],[136.580080575205812,36.189567393860642,0.0],[136.580101019223804,36.189871944922253,0.0],[136.58053963372771,36.189850651997077,0.0],[136.580877610708086,36.189389057041573,0.0],[136.580877610708086,36.189389057041573,0.0]]],[[[136.576553092827197,36.1864315247227,0.0],[136.576696239826504,36.186643906102873,0.0],[136.576945277342787,36.186600253016429,0.0],[136.577265052038712,36.186574761543227,0.0],[136.577437506245388,36.186729873824447,0.0],[136.57758145477041,36.186811859830136,0.0],[136.577660927763191,36.187166680618724,0.0],[136.577763779018397,36.187207060225909,0.0],[136.577888877696694,36.187166662793238,0.0],[136.578064368857014,36.18715294399378,0.0],[136.57829595199081,36.187009062728151,0.0],[136.578423902516306,36.18690643446601,0.0],[136.57852802993591,36.18697212856754,0.0],[136.578567096047493,36.187026830888946,0.0],[136.579069228362897,36.187225580464293,0.0],[136.579071713843689,36.18695327324545,0.0],[136.578855858951613,36.186679508322548,0.0],[136.578515800167111,36.186493425044503,0.0],[136.578502338513999,36.186553925906857,0.0],[136.578245290578508,36.186603334495949,0.0],[136.578171431856788,36.186557402639068,0.0],[136.57799617076941,36.186549322543108,0.0],[136.577619330864508,36.186489531742708,0.0],[136.577074097528708,36.186472669495878,0.0],[136.577020706309099,36.186273597395711,0.0],[136.576814376316889,36.186219876669441,0.0],[136.576872884271012,36.186410841810677,0.0],[136.576553092827197,36.1864315247227,0.0],[136.576553092827197,36.1864315247227,0.0]]],[[[136.574494372131511,36.182596282203768,0.0],[136.57441748995339,36.182566134340142,0.0],[136.574280256046109,36.182569973452772,0.0],[136.574031857531196,36.18292363356943,0.0],[136.57394792864639,36.183079897740768,0.0],[136.5738679952415,36.183364363695638,0.0],[136.573927275844994,36.183493612592862,0.0],[136.573900794884111,36.183630807930939,0.0],[136.574052858713713,36.18362809897868,0.0],[136.574212084905099,36.183597736109867,0.0],[136.574477663098691,36.18344902555377,0.0],[136.574494022384499,36.183360747539624,0.0],[136.574688801275812,36.183290605181121,0.0],[136.57487144894759,36.18316006803876,0.0],[136.574965257445086,36.18310343375267,0.0],[136.574978151996589,36.183033320093728,0.0],[136.575197376325406,36.183030883929682,0.0],[136.575078273785607,36.18289893811702,0.0],[136.574916259920087,36.18276804006841,0.0],[136.574721183560797,36.182708285922459,0.0],[136.574494372131511,36.182596282203768,0.0],[136.574494372131511,36.182596282203768,0.0]]],[[[136.574976955583907,36.185141734205679,0.0],[136.575052301072702,36.185010387032627,0.0],[136.57537219610839,36.184830389105947,0.0],[136.575433271721607,36.184643157542681,0.0],[136.575259392071302,36.184449557808023,0.0],[136.575092012470805,36.18436835900679,0.0],[136.574906004791188,36.184566879718872,0.0],[136.574720206941009,36.184576925207999,0.0],[136.57460190318551,36.184965742368377,0.0],[136.574896600428787,36.185206824103872,0.0],[136.575026195462812,36.1853079286998,0.0],[136.575107607710805,36.185224238789417,0.0],[136.574976955583907,36.185141734205679,0.0],[136.574976955583907,36.185141734205679,0.0]]],[[[136.576553092827197,36.1864315247227,0.0],[136.576527520926788,36.186267945904028,0.0],[136.576490646711989,36.186270467056517,0.0],[136.576208004529207,36.186259013152117,0.0],[136.576136753880007,36.186244119513667,0.0],[136.575681807510108,36.186535880376049,0.0],[136.575820479539999,36.186696152957907,0.0],[136.575962198153491,36.186668436773893,0.0],[136.57604923163791,36.186714535934748,0.0],[136.57606414733749,36.18702349298357,0.0],[136.576584088274387,36.187011437436688,0.0],[136.576579901158595,36.186879676534367,0.0],[136.576286809538004,36.186835269128593,0.0],[136.576316949479207,36.18662493257289,0.0],[136.576497567216109,36.186487046603361,0.0],[136.576509408435498,36.186563013586579,0.0],[136.576531406129703,36.186597922302369,0.0],[136.576569408525899,36.186618731856377,0.0],[136.576571410335589,36.186548702262527,0.0],[136.576553092827197,36.1864315247227,0.0],[136.576553092827197,36.1864315247227,0.0]]],[[[136.590763619148987,36.192848203054709,0.0],[136.591082379691102,36.192834584836667,0.0],[136.591150628882787,36.192657471506131,0.0],[136.590990486992411,36.192520095175688,0.0],[136.590723325614505,36.192499656882902,0.0],[136.590707164489686,36.192445869984383,0.0],[136.590679768098312,36.192428920254287,0.0],[136.59041166932559,36.192506576684693,0.0],[136.590763619148987,36.192848203054709,0.0],[136.590763619148987,36.192848203054709,0.0]]],[[[136.587664520992291,36.190865382042091,0.0],[136.588503023730908,36.191248307420139,0.0],[136.588737022461089,36.191446301539422,0.0],[136.588816684426092,36.191498193441141,0.0],[136.588832551044703,36.191282524078531,0.0],[136.588266166151698,36.190971427919479,0.0],[136.587811551595109,36.190821891617361,0.0],[136.587664520992291,36.190865382042091,0.0],[136.587664520992291,36.190865382042091,0.0]]],[[[136.573768941749705,36.184539466799272,0.0],[136.573853524473407,36.184242987383527,0.0],[136.573927041468608,36.183896134556697,0.0],[136.573846144350512,36.183895547406607,0.0],[136.57352568388211,36.184069339468962,0.0],[136.57354725477569,36.184469974888493,0.0],[136.573768941749705,36.184539466799272,0.0],[136.573768941749705,36.184539466799272,0.0]]],[[[136.587664520992291,36.190865382042091,0.0],[136.587202467637098,36.190668447831968,0.0],[136.586816037299087,36.190604483679287,0.0],[136.586740549329193,36.190920833552788,0.0],[136.58706312804631,36.190901411411787,0.0],[136.5870837883283,36.190740490376498,0.0],[136.587222580956592,36.190758000949742,0.0],[136.587504797433411,36.191045626238669,0.0],[136.587664520992291,36.190865382042091,0.0],[136.587664520992291,36.190865382042091,0.0]]],[[[136.574083102213706,36.184824386115338,0.0],[136.574116936312691,36.184804875019381,0.0],[136.574120790834002,36.184750709065391,0.0],[136.574194389211812,36.184688655106036,0.0],[136.574147139789602,36.184611558171433,0.0],[136.574135121702,36.184571221323033,0.0],[136.5740614831968,36.184585034865819,0.0],[136.574075723403212,36.184623050205253,0.0],[136.573877634610596,36.184718812091063,0.0],[136.573859408523987,36.184822907252183,0.0],[136.573957529188789,36.18483678795409,0.0],[136.574019769857813,36.184860909761227,0.0],[136.574060194285892,36.184913768146217,0.0],[136.574117231019898,36.184878961802532,0.0],[136.574083102213706,36.184824386115338,0.0],[136.574083102213706,36.184824386115338,0.0]]],[[[136.575077437140095,36.186565583682608,0.0],[136.575244977616109,36.18655693998339,0.0],[136.575244850068486,36.186401179948383,0.0],[136.574938614930005,36.186380723453738,0.0],[136.574934166269799,36.186454371281137,0.0],[136.575077437140095,36.186565583682608,0.0],[136.575077437140095,36.186565583682608,0.0]]],[[[136.574960520974599,36.186891690477132,0.0],[136.5750230500322,36.186932568002987,0.0],[136.575205204085108,36.186702242689101,0.0],[136.575130181148609,36.18666838398314,0.0],[136.574960520974599,36.186891690477132,0.0],[136.574960520974599,36.186891690477132,0.0]]],[[[136.578384928822288,36.1878048418831,0.0],[136.578543279152001,36.187804803416547,0.0],[136.578531047812788,36.187734927384433,0.0],[136.57837050739019,36.187731983548368,0.0],[136.578384928822288,36.1878048418831,0.0],[136.578384928822288,36.1878048418831,0.0]]],[[[136.575077915869997,36.185531498376129,0.0],[136.575209319569211,36.185514286999293,0.0],[136.57516081703281,36.185440557773333,0.0],[136.575061062531205,36.185456344666491,0.0],[136.575077915869997,36.185531498376129,0.0],[136.575077915869997,36.185531498376129,0.0]]],[[[136.580660368189911,36.188062470660029,0.0],[136.58082871698781,36.188098514944578,0.0],[136.580841717274012,36.188055571232653,0.0],[136.580672406526304,36.188018821060737,0.0],[136.580660368189911,36.188062470660029,0.0],[136.580660368189911,36.188062470660029,0.0]]],[[[136.579221195925811,36.187320493988743,0.0],[136.579495661206209,36.187339748141397,0.0],[136.579497576973807,36.187311434776298,0.0],[136.579221252580311,36.187293404457662,0.0],[136.579221195925811,36.187320493988743,0.0],[136.579221195925811,36.187320493988743,0.0]]]]}},{"type":"Feature","properties":{"口座番号":"278"},"geometry":{"type":"MultiPolygon","coordinates":[[[[136.636895072881487,36.399102264323567,0.0],[136.636826167651009,36.399065403869258,0.0],[136.636841956731502,36.398992365237049,0.0],[136.636431793023888,36.398956227090999,0.0],[136.636432488319087,36.399062295842803,0.0],[136.636455254974095,36.399144099029463,0.0],[136.636459823171606,36.399221293531362,0.0],[136.636367385928992,36.399539545150652,0.0],[136.636388177622393,36.399662794466622,0.0],[136.636863500544905,36.399791457779443,0.0],[136.637735157713507,36.399922065289637,0.0],[136.638620918801394,36.399984067813207,0.0],[136.638833019430109,36.399998613398452,0.0],[136.639435416685387,36.400043621343961,0.0],[136.639564552087904,36.400051671737387,0.0],[136.639995395060396,36.400006619021838,0.0],[136.640119465473106,36.399994212388563,0.0],[136.640282757349894,36.399938488573063,0.0],[136.639703914849008,36.399885887634319,0.0],[136.639425673086208,36.399765669111638,0.0],[136.63933741657911,36.399728021697591,0.0],[136.638595724761302,36.399505321224353,0.0],[136.638064291566309,36.399344285023602,0.0],[136.63778157765941,36.399231550313452,0.0],[136.637644968542588,36.399469448155877,0.0],[136.637291583413287,36.399320974613673,0.0],[136.637038171289703,36.399177451467523,0.0],[136.636951380615898,36.399133691994969,0.0],[136.636895072881487,36.399102264323567,0.0],[136.636895072881487,36.399102264323567,0.0]]]]}},{"type":"Feature","properties":{"口座番号":"279"},"geometry":{"type":"MultiPolygon","coordinates":[[[[136.628999136478399,36.240842415039239,0.0],[136.628855770274413,36.240951378363228,0.0],[136.628791980169211,36.241010338734213,0.0],[136.628759888877994,36.241068454701377,0.0],[136.628853876270398,36.241227856837753,0.0],[136.628859747616303,36.2412604697478,0.0],[136.628886368473786,36.241289225640671,0.0],[136.628892383831811,36.241320145699618,0.0],[136.628977080980007,36.241413042316957,0.0],[136.629006883675487,36.241479851714708,0.0],[136.629015217679012,36.24177314796934,0.0],[136.629152656780008,36.241842192184279,0.0],[136.629354685020701,36.241789752320742,0.0],[136.629659798469504,36.241735824516631,0.0],[136.629906376050286,36.241685583608167,0.0],[136.630173424696295,36.241607717067048,0.0],[136.630482165434699,36.24155568799204,0.0],[136.630640912152899,36.241534055837953,0.0],[136.631066225289686,36.241353022482834,0.0],[136.631240695738711,36.241265474833973,0.0],[136.631422439817186,36.241192625927653,0.0],[136.631543508302514,36.241134516106918,0.0],[136.631547793715214,36.24101164544274,0.0],[136.631082749555304,36.240952309118732,0.0],[136.631051235696191,36.240770626787928,0.0],[136.630997130949197,36.240615375950711,0.0],[136.630919679465109,36.240386685538667,0.0],[136.631067016265604,36.239873868617742,0.0],[136.631049651344512,36.239461426549873,0.0],[136.631133817484596,36.239253030887298,0.0],[136.631227842644591,36.238989169696858,0.0],[136.631292077481703,36.23881438791399,0.0],[136.631331245689495,36.238695164846249,0.0],[136.631365781296097,36.238623401155571,0.0],[136.631388935324509,36.238540232257257,0.0],[136.631692593004288,36.238340148961107,0.0],[136.631839074028989,36.238286623656627,0.0],[136.632122556788204,36.238172681356438,0.0],[136.63223429569851,36.238144176580221,0.0],[136.632316704729305,36.238124795910828,0.0],[136.632671032271702,36.238001464655937,0.0],[136.63335856077839,36.237724093860741,0.0],[136.633588783853099,36.23748732895799,0.0],[136.633803950456212,36.237258967635348,0.0],[136.633845982175302,36.237169415650072,0.0],[136.63384590240571,36.237169366625878,0.0],[136.633884340367189,36.237105748168517,0.0],[136.633981370928808,36.236884833961938,0.0],[136.634008998952709,36.236623816643608,0.0],[136.634144301623309,36.236244578697892,0.0],[136.634235639982705,36.235993619193152,0.0],[136.634378732318595,36.235898651182787,0.0],[136.634770494425993,36.235645135731573,0.0],[136.635042331323007,36.235641406728092,0.0],[136.635721805136399,36.235559502986789,0.0],[136.636084770820105,36.235417931859423,0.0],[136.6360984946391,36.235362453346802,0.0],[136.636125288807506,36.235314286265833,0.0],[136.636137728231091,36.235245382042088,0.0],[136.636097284819499,36.235180756909401,0.0],[136.636044372408008,36.235129488361991,0.0],[136.635939270094298,36.235063614733271,0.0],[136.635830055830297,36.234901680917552,0.0],[136.635696674739791,36.234798887883287,0.0],[136.635627958206811,36.234765954886221,0.0],[136.635389056741701,36.234662602085088,0.0],[136.635298621781487,36.234632215902131,0.0],[136.635211378223801,36.234616685151252,0.0],[136.635023043725312,36.234620827986483,0.0],[136.634859103589605,36.234648029068488,0.0],[136.634751939003309,36.234725076003272,0.0],[136.634575277948187,36.234815041829222,0.0],[136.634380069251392,36.234877712629583,0.0],[136.6337871094631,36.234749391011761,0.0],[136.633636512129812,36.23484228351095,0.0],[136.633505044931496,36.234852110186317,0.0],[136.632916987429411,36.234805774512537,0.0],[136.632470562660586,36.234867526711888,0.0],[136.632379560159308,36.234806886246481,0.0],[136.632167851978608,36.234751630624892,0.0],[136.631985596760188,36.234732907915799,0.0],[136.631756512121513,36.234671737245257,0.0],[136.631624661903288,36.234688967734527,0.0],[136.631517964946909,36.234963990961447,0.0],[136.631593594504892,36.235134171171843,0.0],[136.631375887086705,36.235243792079061,0.0],[136.631300031501411,36.235449160016017,0.0],[136.631158944907213,36.235449269465569,0.0],[136.630933788278213,36.235500112820162,0.0],[136.630805413191695,36.235481950413153,0.0],[136.630661872621488,36.235458551107783,0.0],[136.630885065739392,36.235347052579939,0.0],[136.630963688135893,36.235186507860163,0.0],[136.630870695315508,36.234893653365567,0.0],[136.630834460704904,36.234805692339307,0.0],[136.630820509266414,36.234669993145197,0.0],[136.630744254331006,36.234334365001573,0.0],[136.63084115392391,36.234244939921091,0.0],[136.631029440773204,36.234081970570543,0.0],[136.63111867197361,36.234014640875607,0.0],[136.631199846578994,36.234015481871957,0.0],[136.631320779086991,36.233976524587042,0.0],[136.631376932648891,36.233932008514977,0.0],[136.631406722280587,36.233885075317602,0.0],[136.631432260815586,36.233737799280973,0.0],[136.631526307191507,36.233686144190003,0.0],[136.631499956759086,36.233648463819421,0.0],[136.631480665087707,36.233565886371927,0.0],[136.631420811108512,36.233406144914703,0.0],[136.631396303486611,36.23333592585724,0.0],[136.631357232275093,36.233277815181651,0.0],[136.631257440863209,36.233255151290471,0.0],[136.631189848244702,36.233247443008352,0.0],[136.631147497741296,36.233130916654368,0.0],[136.631055285774011,36.233069281963203,0.0],[136.630967787002106,36.233031366475707,0.0],[136.630904259160303,36.232923598455571,0.0],[136.630830137061793,36.232841158403843,0.0],[136.630664877334311,36.232767346258811,0.0],[136.63059805125269,36.232741285673718,0.0],[136.630434154738907,36.232641892970157,0.0],[136.630444255805713,36.232590590696347,0.0],[136.630580857357813,36.232511442526011,0.0],[136.630639861842013,36.23245465605779,0.0],[136.630631416174197,36.232309089042353,0.0],[136.630702733691891,36.232270811348137,0.0],[136.630746326563809,36.232259243148789,0.0],[136.63080385516281,36.232183773725097,0.0],[136.630807045494493,36.232095111376722,0.0],[136.630743214389497,36.23197682399794,0.0],[136.630689377804487,36.231909552172617,0.0],[136.630662508194888,36.23177645199339,0.0],[136.630595682322507,36.23170501391359,0.0],[136.630416458294206,36.231712507943762,0.0],[136.630303705191494,36.231734227133849,0.0],[136.630207025363092,36.231756835743226,0.0],[136.630007551034993,36.231770374257039,0.0],[136.629736105086494,36.231808836952823,0.0],[136.629582718992793,36.231811559857107,0.0],[136.629491535434113,36.231780507999098,0.0],[136.62914634908671,36.231551102324858,0.0],[136.628945402789896,36.231445463817423,0.0],[136.628738864573393,36.231401244388287,0.0],[136.628495029632688,36.231388017600153,0.0],[136.62836866983659,36.231343720121629,0.0],[136.62824115029639,36.231338957211349,0.0],[136.628130455869808,36.231394318371827,0.0],[136.627971136283207,36.231502525894747,0.0],[136.627897068350791,36.23149521020332,0.0],[136.627839126252297,36.23139859196484,0.0],[136.627692954452613,36.231349057358649,0.0],[136.627438530218512,36.231250157609033,0.0],[136.627292655148011,36.231157332817958,0.0],[136.627194533926598,36.231138736931712,0.0],[136.627110029511499,36.231145338082428,0.0],[136.626888802648409,36.231232318402611,0.0],[136.626797095089103,36.231283573945802,0.0],[136.626620152952711,36.231447559485417,0.0],[136.626550661392599,36.231526844775871,0.0],[136.626477221729914,36.231678728973073,0.0],[136.626494135947894,36.231976253711657,0.0],[136.626579472436305,36.232099528933958,0.0],[136.62659051984221,36.232247604491498,0.0],[136.626478560434691,36.232224996157449,0.0],[136.626118235869313,36.232011288489723,0.0],[136.626016369182992,36.231899960377127,0.0],[136.625919961343612,36.231859757669909,0.0],[136.625669334892791,36.231728667812718,0.0],[136.625572740376896,36.231738704753411,0.0],[136.625257897054098,36.231715635441176,0.0],[136.625155855094306,36.231651901327453,0.0],[136.625089973038087,36.231661477525421,0.0],[136.625019865452998,36.231682727722593,0.0],[136.624946370630113,36.23173571722532,0.0],[136.624776243683812,36.231927007100353,0.0],[136.62442881944699,36.232242920418138,0.0],[136.624399303921791,36.232336001185587,0.0],[136.624327064861802,36.232375822930678,0.0],[136.624206533938491,36.232357470906202,0.0],[136.624071043333913,36.232467351246846,0.0],[136.624032756200393,36.232520242972228,0.0],[136.624029355023708,36.232591619465722,0.0],[136.624150154437899,36.232742814740647,0.0],[136.624204709562889,36.233079612267019,0.0],[136.623935282806713,36.232906624244777,0.0],[136.623721351577501,36.232960513437078,0.0],[136.623526555578906,36.232936888305993,0.0],[136.623253781073998,36.232786421776758,0.0],[136.623207117183512,36.232748686985609,0.0],[136.623176041682086,36.232774702677133,0.0],[136.623151022321991,36.232840758942103,0.0],[136.623145928349004,36.232891869722494,0.0],[136.623181618199197,36.233089807049673,0.0],[136.623150671605913,36.233202780270531,0.0],[136.623147461337908,36.233417474061653,0.0],[136.623118668963798,36.233468314047222,0.0],[136.623035635823413,36.233487278193152,0.0],[136.622865550637812,36.23358327530643,0.0],[136.622762327396089,36.233704003436877,0.0],[136.62267847046931,36.233765395677047,0.0],[136.622261013717292,36.233810977053409,0.0],[136.621996091149697,36.233734362438128,0.0],[136.6219684496605,36.233743775709243,0.0],[136.621807425612189,36.233807764075259,0.0],[136.621760837701004,36.233834445991512,0.0],[136.621693289778506,36.233875829574217,0.0],[136.621669260951506,36.233996574958539,0.0],[136.621696839518791,36.23413378739653,0.0],[136.62162503477191,36.234296847267991,0.0],[136.621535158517389,36.234579921603682,0.0],[136.6214192285465,36.23480844545719,0.0],[136.621357161065305,36.234934227677122,0.0],[136.621329949628887,36.234991376140457,0.0],[136.621284999975899,36.235041704899793,0.0],[136.621270752960214,36.235099096304488,0.0],[136.621215753601405,36.235200089520973,0.0],[136.621172083876587,36.235282980864312,0.0],[136.6211199668532,36.235341045878762,0.0],[136.620811640797797,36.235506673967947,0.0],[136.62073355917039,36.235580330489107,0.0],[136.620708971087112,36.235645852810919,0.0],[136.620748120456511,36.236011948573633,0.0],[136.620405663738893,36.236151944381163,0.0],[136.620370985476995,36.236230782871267,0.0],[136.620372901934388,36.236305838157058,0.0],[136.620427457632587,36.236523327166829,0.0],[136.620397888823987,36.236568614661223,0.0],[136.620465788251408,36.236620273046761,0.0],[136.620372948056399,36.236655480204902,0.0],[136.6203725639769,36.23670476832207,0.0],[136.620445338437406,36.236756448076846,0.0],[136.620826832028087,36.236584397055253,0.0],[136.621021877284306,36.236581337355197,0.0],[136.621099994624586,36.236565894229678,0.0],[136.621385290649414,36.236555344861252,0.0],[136.621425299516005,36.236410618264848,0.0],[136.621722424912889,36.236364080877458,0.0],[136.62199693149131,36.236449839913462,0.0],[136.622210248318396,36.23651225532867,0.0],[136.623332650839387,36.236729621784477,0.0],[136.62373256719269,36.236776675011889,0.0],[136.624023126503886,36.236798235872598,0.0],[136.624310114312493,36.236951131791088,0.0],[136.624311458770393,36.236881314237742,0.0],[136.624343916312398,36.236861562097367,0.0],[136.624378544567691,36.236901867295813,0.0],[136.624414940654788,36.236973265502833,0.0],[136.624594352715093,36.237040746798421,0.0],[136.624783364378601,36.237003549351641,0.0],[136.624889818297106,36.237102147058657,0.0],[136.625121409919586,36.237212687965638,0.0],[136.62532211222171,36.237282153612412,0.0],[136.625571895885798,36.237286810248428,0.0],[136.625732361559614,36.237267652821657,0.0],[136.625895364482886,36.237269385605948,0.0],[136.626047615657995,36.237297007405431,0.0],[136.626126638652295,36.237336465413428,0.0],[136.626176588089294,36.237342277183323,0.0],[136.626349208575107,36.237449485859642,0.0],[136.626477181052991,36.23751499976435,0.0],[136.626556495486199,36.237514741376962,0.0],[136.62666504255759,36.237483797554489,0.0],[136.626917226299014,36.237389465164341,0.0],[136.627176063606612,36.237287991689662,0.0],[136.627271382695511,36.23726506129524,0.0],[136.627244985545786,36.237338597260489,0.0],[136.627245341876204,36.237383732064551,0.0],[136.62732763731799,36.237550038800407,0.0],[136.627411850808187,36.23763134667572,0.0],[136.627554025892607,36.237686833661243,0.0],[136.62787427099201,36.237957111580123,0.0],[136.62799787548289,36.23807468351729,0.0],[136.628175033339801,36.238192000676086,0.0],[136.628346436590988,36.238437661304893,0.0],[136.628435023797692,36.23867307386039,0.0],[136.628517095943607,36.238700462405269,0.0],[136.6284675557919,36.238814784506623,0.0],[136.628419639700013,36.238903483409892,0.0],[136.628410551738,36.238950797356793,0.0],[136.628431165031287,36.239144430957751,0.0],[136.628477624900114,36.239242060664161,0.0],[136.628559255505195,36.239412202963187,0.0],[136.628486443849198,36.239599341701428,0.0],[136.628576588381407,36.23964576090313,0.0],[136.628724179710787,36.239787594141909,0.0],[136.628895423611993,36.239943895345711,0.0],[136.629025768879103,36.240043664760883,0.0],[136.629223519917389,36.240115773878387,0.0],[136.629276536791991,36.240177456500277,0.0],[136.629021647260402,36.240645526208127,0.0],[136.629084978990107,36.240711444393348,0.0],[136.628999136478399,36.240842415039239,0.0],[136.628999136478399,36.240842415039239,0.0]]]]}},{"type":"Feature","properties":{"口座番号":"371"},"geometry":{"type":"MultiPolygon","coordinates":[[[[136.6759857001245,36.439945847767753,0.0],[136.676198383889187,36.440035573960827,0.0],[136.676553554979506,36.44007734724179,0.0],[136.676631320258593,36.439886428024629,0.0],[136.676755660868395,36.439705391009269,0.0],[136.676947013111999,36.439502292241777,0.0],[136.676953032132502,36.43944509220379,0.0],[136.677108033298396,36.439295943248418,0.0],[136.677073111188889,36.439263043281748,0.0],[136.677048514936587,36.439116965492943,0.0],[136.677034621463605,36.438919340559053,0.0],[136.676962861247091,36.438683495170217,0.0],[136.676972440452886,36.438518904406102,0.0],[136.676954395010796,36.438395957844349,0.0],[136.67694933454419,36.438192855275737,0.0],[136.676864448603311,36.437854349772742,0.0],[136.676870074079403,36.437659901548663,0.0],[136.676911090212087,36.437606654648192,0.0],[136.676875272248793,36.437430853551732,0.0],[136.676927868132907,36.437364299455623,0.0],[136.676927474054395,36.437230504851897,0.0],[136.677021973722987,36.437170842308113,0.0],[136.677079942662402,36.437004932246943,0.0],[136.67714020161381,36.436924029160323,0.0],[136.677135734455305,36.436812509317903,0.0],[136.677169650345888,36.436693407837403,0.0],[136.677212796068488,36.436664326611343,0.0],[136.677454958448493,36.436601746031222,0.0],[136.677609930334199,36.436597527746343,0.0],[136.677703032414087,36.436392219008631,0.0],[136.677736623687309,36.436211253440248,0.0],[136.677991830326192,36.436238041593583,0.0],[136.678099495820106,36.43627574616086,0.0],[136.678217152522194,36.436406956366703,0.0],[136.678281902017687,36.436480831619392,0.0],[136.678452709823887,36.436552093477943,0.0],[136.678533243644409,36.436647645074942,0.0],[136.678771644995095,36.436743123589288,0.0],[136.67902163242681,36.436894927401717,0.0],[136.679186858989908,36.436646117727257,0.0],[136.679209841535112,36.436587218557797,0.0],[136.678554108984088,36.43594069746166,0.0],[136.67835400299731,36.435616782503921,0.0],[136.678214860517187,36.435701201030021,0.0],[136.678356210972908,36.435980955371768,0.0],[136.678288604360091,36.436105199809219,0.0],[136.678142367536907,36.436111792561213,0.0],[136.677809712877092,36.436042258654652,0.0],[136.677763659511413,36.436145033184047,0.0],[136.67772572376191,36.436159241921082,0.0],[136.677699556553989,36.436128593247908,0.0],[136.677408578208713,36.43609205507839,0.0],[136.677244859187397,36.43618336722966,0.0],[136.677093126748105,36.436174860985822,0.0],[136.676566058510701,36.436364026231288,0.0],[136.676509362310213,36.436517054335667,0.0],[136.676357281778706,36.436638801326588,0.0],[136.676308488072408,36.436439962212738,0.0],[136.676288477409003,36.436282316593683,0.0],[136.676047801084195,36.436215664624577,0.0],[136.675895062527701,36.436043491447997,0.0],[136.675790601034009,36.436077987154363,0.0],[136.6756108366489,36.435958091149523,0.0],[136.675481008469689,36.436017535143982,0.0],[136.675138063889108,36.436373595677871,0.0],[136.675177264644105,36.436776027380098,0.0],[136.675138743879188,36.436956995326852,0.0],[136.675179317228213,36.437175928623923,0.0],[136.675126191058695,36.437357131132742,0.0],[136.675119282742003,36.437525979445248,0.0],[136.675085111273688,36.437640835285407,0.0],[136.675152240844113,36.437793135094552,0.0],[136.675238337873992,36.438440601769301,0.0],[136.675266738894294,36.438503823151208,0.0],[136.675296535252613,36.438746988908562,0.0],[136.675346814448886,36.438816505407218,0.0],[136.675223539986888,36.438934837443647,0.0],[136.675338267685589,36.439216824331908,0.0],[136.675519951760606,36.439522439714487,0.0],[136.67565778084699,36.439644508389208,0.0],[136.675893926641606,36.439693605137961,0.0],[136.6759857001245,36.439945847767753,0.0],[136.6759857001245,36.439945847767753,0.0]]],[[[136.678520493581289,36.434485467284382,0.0],[136.67862515216521,36.434521037547398,0.0],[136.67878494116809,36.434456814255007,0.0],[136.678946281009104,36.434410828441258,0.0],[136.679220787612991,36.434264249297669,0.0],[136.679725601978305,36.434109918337057,0.0],[136.679842069089005,36.434118637028639,0.0],[136.67995885058599,36.434059320721012,0.0],[136.680340160589793,36.433897392571282,0.0],[136.680603530338288,36.433804524344893,0.0],[136.680789365224399,36.433647902913393,0.0],[136.680918756435005,36.433655693492291,0.0],[136.68117469633961,36.433550686390447,0.0],[136.680973721530393,36.433425765193959,0.0],[136.680821901751187,36.433274400981652,0.0],[136.680729709995887,36.433126435459627,0.0],[136.680448455606012,36.432876956644598,0.0],[136.6801446954467,36.43259413477378,0.0],[136.679973010484389,36.432355084414468,0.0],[136.67958537642221,36.431968508054993,0.0],[136.67946946522261,36.431789077698397,0.0],[136.67946764692951,36.431665275609163,0.0],[136.679341405524411,36.431589671022373,0.0],[136.679268672191114,36.431513147376037,0.0],[136.679169175662906,36.431438505268332,0.0],[136.679021651060594,36.431263859891509,0.0],[136.678726211981086,36.431204918815929,0.0],[136.678272085159392,36.431349217555223,0.0],[136.677911643945009,36.431795974252708,0.0],[136.67791485234909,36.4322863208901,0.0],[136.677948257770595,36.432377117870331,0.0],[136.677942948377108,36.432666834131993,0.0],[136.678131127542201,36.433029978427207,0.0],[136.678067145932289,36.433308300712007,0.0],[136.678110696162889,36.433530743998247,0.0],[136.6780362961577,36.433640845192492,0.0],[136.67803065728981,36.433863759497633,0.0],[136.67804992822559,36.434056083721458,0.0],[136.678174231854399,36.434186297391349,0.0],[136.678292172484589,36.434220260388123,0.0],[136.678520493581289,36.434485467284382,0.0],[136.678520493581289,36.434485467284382,0.0]]],[[[136.676027866049111,36.434986074480612,0.0],[136.676259177419297,36.435080385188918,0.0],[136.676401229355093,36.435034684999131,0.0],[136.676427649079898,36.434876601854832,0.0],[136.676233715414895,36.434572424382857,0.0],[136.676268255028788,36.434523017422777,0.0],[136.6762519837377,36.434213046363787,0.0],[136.676299741492613,36.434071724875047,0.0],[136.676257421533904,36.434000569608557,0.0],[136.676246878959091,36.433857742388362,0.0],[136.67603883578451,36.433642773475569,0.0],[136.675873568764899,36.433443222869798,0.0],[136.67574593961379,36.433400530512912,0.0],[136.675656776078199,36.433285399741393,0.0],[136.675328325770892,36.433484522227772,0.0],[136.675406935416987,36.43384802276632,0.0],[136.675554843199791,36.434134995805273,0.0],[136.675639260060706,36.43432600576125,0.0],[136.675718116355711,36.434585885122118,0.0],[136.676054393445298,36.434884013466402,0.0],[136.676027866049111,36.434986074480612,0.0],[136.676027866049111,36.434986074480612,0.0]]]]}},{"type":"Feature","properties":{"口座番号":"372"},"geometry":{"type":"MultiPolygon","coordinates":[[[[136.651872346028512,36.500027628296657,0.0],[136.651872346028512,36.500027628296657,0.0],[136.651893731965288,36.500067560686738,0.0],[136.651898435960788,36.500106855118403,0.0],[136.651884399577312,36.500127634773882,0.0],[136.651778076627892,36.500181139364578,0.0],[136.651534965850288,36.500245669367843,0.0],[136.651323086403096,36.500308636753303,0.0],[136.651237436593789,36.500322707281917,0.0],[136.651043778088592,36.50033395155311,0.0],[136.650854205453697,36.500372074561177,0.0],[136.650736890554299,36.500404539969438,0.0],[136.650695738538388,36.500443421636859,0.0],[136.65067891072681,36.500485448368202,0.0],[136.650678114206187,36.500578405773972,0.0],[136.650664236827794,36.500708903528661,0.0],[136.650599975374007,36.500869198158561,0.0],[136.650516099722694,36.501183975523027,0.0],[136.650469116476302,36.50125535483236,0.0],[136.650566130390189,36.501250177865941,0.0],[136.650894614248614,36.501524062324997,0.0],[136.650944755472608,36.501573002684083,0.0],[136.650960797219312,36.501676618797802,0.0],[136.650936042389304,36.501773516473641,0.0],[136.65087008494109,36.501901326898739,0.0],[136.650878871415614,36.501977898862933,0.0],[136.650961469815599,36.50202899830412,0.0],[136.651206298817414,36.502092492292029,0.0],[136.651247377344191,36.502163483592518,0.0],[136.651224008758703,36.502364855133372,0.0],[136.651260106306012,36.502434182852028,0.0],[136.651243629183199,36.50259826212244,0.0],[136.651229719437907,36.50281085526359,0.0],[136.651277629937994,36.503028251406512,0.0],[136.651286570793701,36.503254579873108,0.0],[136.651275416320601,36.503617204830483,0.0],[136.651703993826089,36.503426122326637,0.0],[136.651902854948787,36.503298756129382,0.0],[136.652083780711507,36.503076392129493,0.0],[136.652260979521202,36.502970067699962,0.0],[136.652289608261214,36.5029407783599,0.0],[136.652511473212201,36.502756552114128,0.0],[136.652653171436612,36.50258458658022,0.0],[136.652779783710088,36.502473345250174,0.0],[136.653224077212286,36.502290302661031,0.0],[136.653483938337388,36.502206056444088,0.0],[136.653726378417701,36.502091247697088,0.0],[136.653819872609887,36.502038804680581,0.0],[136.653890760943312,36.502030446694498,0.0],[136.653933384828207,36.502004740041329,0.0],[136.654011011082304,36.501995547555943,0.0],[136.654243807079212,36.501888190095762,0.0],[136.654460695126886,36.501729473551237,0.0],[136.654624492918913,36.501627751031641,0.0],[136.65469305792351,36.501528828948622,0.0],[136.654659210079387,36.501503802323043,0.0],[136.654794242565913,36.501266370320018,0.0],[136.654890899133193,36.501124971642739,0.0],[136.654933533776813,36.50097452076335,0.0],[136.65493416222651,36.500879021105888,0.0],[136.654869696837892,36.500688801522827,0.0],[136.654775541324796,36.500449821923702,0.0],[136.654734604407906,36.500338141533042,0.0],[136.654723996689711,36.500269754255108,0.0],[136.654704545202605,36.500201286667043,0.0],[136.654761367339404,36.500192984953593,0.0],[136.654749576022908,36.500212996813367,0.0],[136.654897931422511,36.50030066762524,0.0],[136.655195360177487,36.500487505258121,0.0],[136.655320089857099,36.500561669245712,0.0],[136.655414531058113,36.500597184410893,0.0],[136.655488924258009,36.500631607822733,0.0],[136.655779864663202,36.500816035126903,0.0],[136.656011047059991,36.500925781743163,0.0],[136.656078239044206,36.50100670666928,0.0],[136.656153275100309,36.501081213162273,0.0],[136.656189411783487,36.501096867275933,0.0],[136.656258916860992,36.501120509415351,0.0],[136.656333763158187,36.501131440774742,0.0],[136.656505952148109,36.501130054793151,0.0],[136.656562707372501,36.501113649811607,0.0],[136.656677048859791,36.50109470796059,0.0],[136.656763906663514,36.501091321061459,0.0],[136.656791179518791,36.501123574858369,0.0],[136.656838617306192,36.501183735129914,0.0],[136.656911503828013,36.501218801910483,0.0],[136.65698505733269,36.501226544166322,0.0],[136.657043100530302,36.50122004996247,0.0],[136.65709716386371,36.50116759904018,0.0],[136.657122766851188,36.501116043138147,0.0],[136.657137431477707,36.501069728977328,0.0],[136.657145067092188,36.50100019594769,0.0],[136.657147540219995,36.500910670341497,0.0],[136.657105570653613,36.500784476421558,0.0],[136.657073177081486,36.500733526274068,0.0],[136.656963143271412,36.500621269393918,0.0],[136.656904484527786,36.500544801090271,0.0],[136.656875980738107,36.500476590779343,0.0],[136.656861356340613,36.500403358591718,0.0],[136.656854496615011,36.500297640216942,0.0],[136.656873976494012,36.500206262235068,0.0],[136.656964728875806,36.500008246977359,0.0],[136.6570796007951,36.499835865835699,0.0],[136.657116426963512,36.499780476227357,0.0],[136.657132097010106,36.499699249688589,0.0],[136.657140088062903,36.499568289781763,0.0],[136.657119013337194,36.499385745047498,0.0],[136.656854594319412,36.499306200519619,0.0],[136.656707839457994,36.499216294884171,0.0],[136.656554095713801,36.499142596791152,0.0],[136.656409754538288,36.499037941534048,0.0],[136.65630226697931,36.498989460208151,0.0],[136.656174333491606,36.498940891302198,0.0],[136.655957175344014,36.498893440912923,0.0],[136.655871814307886,36.498872065819697,0.0],[136.655787770892204,36.498843665749916,0.0],[136.655642237375105,36.498734521701017,0.0],[136.65531611885811,36.498580055422472,0.0],[136.655130667903705,36.498516232348983,0.0],[136.654854459199413,36.49840399811373,0.0],[136.654361430946295,36.498193288712898,0.0],[136.654216772288891,36.49814464589106,0.0],[136.654098007717693,36.498115623243628,0.0],[136.653923423027408,36.498095363962477,0.0],[136.653605683615893,36.4980804920446,0.0],[136.653471900545696,36.498073914411563,0.0],[136.652966611635406,36.497973396767946,0.0],[136.652861986781403,36.497934660747028,0.0],[136.652760895258808,36.497829491573548,0.0],[136.652627766383091,36.497703916341678,0.0],[136.652605968063511,36.497635556341891,0.0],[136.652595611098405,36.49758664748957,0.0],[136.652576415211087,36.497528358316018,0.0],[136.652462323354712,36.497419359383471,0.0],[136.652353516069212,36.497316611578391,0.0],[136.652134089587804,36.497010217850381,0.0],[136.65203694082669,36.496901296080758,0.0],[136.651842193565187,36.496751855238877,0.0],[136.651648767589307,36.496623648446928,0.0],[136.651634449950706,36.496579949590043,0.0],[136.651667447729608,36.496530090434241,0.0],[136.651737203592205,36.496503733791528,0.0],[136.652009233043714,36.49645301514645,0.0],[136.652269692560793,36.49638455559122,0.0],[136.652431044138609,36.496282646069361,0.0],[136.652545350642697,36.496226528306927,0.0],[136.652678653463596,36.496169313452249,0.0],[136.652890235515599,36.495981525290112,0.0],[136.65299448786709,36.49576849785354,0.0],[136.652971951448706,36.495591201137508,0.0],[136.652828846515803,36.495403022777957,0.0],[136.652708128558686,36.495245657591987,0.0],[136.652550054920198,36.495072412820022,0.0],[136.652409074371292,36.494966036801067,0.0],[136.652187201806299,36.494879539225359,0.0],[136.651913833744004,36.494755742127502,0.0],[136.651504924774514,36.494619483624056,0.0],[136.651391034542712,36.494551343053267,0.0],[136.651386762062202,36.494499901736191,0.0],[136.651493576109601,36.494472057797047,0.0],[136.652146077640992,36.494535611504361,0.0],[136.652588736670793,36.494634236925101,0.0],[136.652763066550193,36.49464402375164,0.0],[136.652844113236711,36.494567443992537,0.0],[136.653039561259391,36.494148776108773,0.0],[136.652875008597704,36.493864151309943,0.0],[136.652852537950196,36.493766233198897,0.0],[136.652832889975002,36.493680346157333,0.0],[136.653013278600696,36.493806940309788,0.0],[136.653149608432813,36.493877721021043,0.0],[136.653395067556602,36.494072845441849,0.0],[136.653508496306614,36.494127011122679,0.0],[136.653658955579402,36.49360636007038,0.0],[136.653722673874711,36.493202231974401,0.0],[136.65385468658431,36.49292396697134,0.0],[136.653953832015503,36.492760428874327,0.0],[136.654192282704287,36.492529569044002,0.0],[136.654321087206,36.492058240713718,0.0],[136.654511886176493,36.491837127959577,0.0],[136.654872448134313,36.491358573346552,0.0],[136.654919036492686,36.491292237394717,0.0],[136.654937692915809,36.491170260794128,0.0],[136.654944101157014,36.490919927646637,0.0],[136.654926553239591,36.490635867410582,0.0],[136.654649642844191,36.490096438636122,0.0],[136.654532253138711,36.489860067891627,0.0],[136.654439802617503,36.489620363158707,0.0],[136.654360287323613,36.489585423197482,0.0],[136.654065186563514,36.489573583340601,0.0],[136.653836836768392,36.489579929183698,0.0],[136.653749251168193,36.489840883265288,0.0],[136.653684765096301,36.490046239998122,0.0],[136.653668766430911,36.49017012856001,0.0],[136.653649220186594,36.490336733219642,0.0],[136.653533473867412,36.490489386678092,0.0],[136.653260633488401,36.490666463673087,0.0],[136.653133680867001,36.490838057618667,0.0],[136.652726002479312,36.490741317995521,0.0],[136.65257081430039,36.490969847155959,0.0],[136.652699115503111,36.491098123496762,0.0],[136.652626048431813,36.491100710718833,0.0],[136.6526419992218,36.491183502366631,0.0],[136.652611971753004,36.491237149934328,0.0],[136.652554164445093,36.491235372364358,0.0],[136.652462306847895,36.491214814910933,0.0],[136.65195834500301,36.492054919150718,0.0],[136.651707216162208,36.492422015045733,0.0],[136.651531718234395,36.492589549392683,0.0],[136.651708032345709,36.492757665126589,0.0],[136.651820849954987,36.492877391289277,0.0],[136.651803865134099,36.492932018682907,0.0],[136.6517323093328,36.492953399995827,0.0],[136.651574686131198,36.492941047677277,0.0],[136.651202315188186,36.492844891469751,0.0],[136.650951685329801,36.493056502559192,0.0],[136.650868322060603,36.493189339872252,0.0],[136.650808505805088,36.493324997969488,0.0],[136.650441083322193,36.493901054089029,0.0],[136.650261234096007,36.494145736223388,0.0],[136.650153295655201,36.494216502885607,0.0],[136.650113322768505,36.494304517818698,0.0],[136.650095488339701,36.494347514395074,0.0],[136.650044245958213,36.494412872042233,0.0],[136.649659080055301,36.494719305509022,0.0],[136.649300897340595,36.49499541899614,0.0],[136.64926752948179,36.495081990548456,0.0],[136.649190411529588,36.495333333196619,0.0],[136.649069978334694,36.495529984595187,0.0],[136.648919079148698,36.495750340508792,0.0],[136.648940118572199,36.495949417086777,0.0],[136.649134910346191,36.496432064105228,0.0],[136.649127420443591,36.496713711774788,0.0],[136.649139981713887,36.496935935859653,0.0],[136.648980087127995,36.497188213372269,0.0],[136.649426746596106,36.497516610561263,0.0],[136.649582882892389,36.497738664747231,0.0],[136.649629436045501,36.497844776376617,0.0],[136.649606169250688,36.497975857028713,0.0],[136.649476573149087,36.498139243092929,0.0],[136.649601052097296,36.498445998923238,0.0],[136.650011791110387,36.499142870584841,0.0],[136.650183394891087,36.499286262402457,0.0],[136.650381995109598,36.499402097395212,0.0],[136.650606460369403,36.499488099416617,0.0],[136.650736821952108,36.499581842196193,0.0],[136.650997046881798,36.499788212411367,0.0],[136.651115732059708,36.499922869163022,0.0],[136.651245335607712,36.500119563695051,0.0],[136.651460747167107,36.500094071640198,0.0],[136.651604513711106,36.500053027278511,0.0],[136.651786302982089,36.49997251221216,0.0],[136.651872346028512,36.500027628296657,0.0],[136.651872346028512,36.500027628296657,0.0]]]]}},{"type":"Feature","properties":{"口座番号":"373"},"geometry":{"type":"MultiPolygon","coordinates":[[[[136.780282634340296,36.472011871094729,0.0],[136.780425125553791,36.472101279073492,0.0],[136.780423719634996,36.472361022793372,0.0],[136.780381830520014,36.472606308356163,0.0],[136.780380721083191,36.473012481227123,0.0],[136.780979388279491,36.47318240084558,0.0],[136.781306711715189,36.473254895551868,0.0],[136.782008992872591,36.473513464890672,0.0],[136.782080398030899,36.473563951227632,0.0],[136.782153501118586,36.473622686693297,0.0],[136.782232944659114,36.4737930943487,0.0],[136.782255545662196,36.473895814607829,0.0],[136.782211823018088,36.474560545697138,0.0],[136.782262556389497,36.474590326782717,0.0],[136.782349025373492,36.474703881118629,0.0],[136.782590218977788,36.474926851765971,0.0],[136.782736828314199,36.475021650656068,0.0],[136.782848103148893,36.475125062493177,0.0],[136.782878615785592,36.475616008124248,0.0],[136.782922814432311,36.475760018880123,0.0],[136.783339443009595,36.47629895476971,0.0],[136.783655059432192,36.476807624719513,0.0],[136.783788729337289,36.477305828916982,0.0],[136.783764736535204,36.477519437333378,0.0],[136.783784197719399,36.477915990263469,0.0],[136.783693139729507,36.478185055198878,0.0],[136.78409817322941,36.478449356809882,0.0],[136.78496872523931,36.478566243135759,0.0],[136.785254598525995,36.478594330645826,0.0],[136.7854117981054,36.478546165712217,0.0],[136.7854722390218,36.47850115321188,0.0],[136.785257477231596,36.478318895707211,0.0],[136.7852578767301,36.47823737569685,0.0],[136.785459636954698,36.477951460259533,0.0],[136.785630184697197,36.477792667379191,0.0],[136.785770671993589,36.47766969475655,0.0],[136.7861926539791,36.477565258070577,0.0],[136.786296369149113,36.477147912565933,0.0],[136.786272220347797,36.47667423170175,0.0],[136.786261863745608,36.476533467310738,0.0],[136.786225471181012,36.476297231125827,0.0],[136.785984699292612,36.475603311272188,0.0],[136.78569405275249,36.475479452876378,0.0],[136.78558323894859,36.475392455952687,0.0],[136.785587940815788,36.475341309020401,0.0],[136.785716550891692,36.47521477730222,0.0],[136.785755429947301,36.475070427120492,0.0],[136.785305139336288,36.474551544730971,0.0],[136.785326542259696,36.474205861665247,0.0],[136.785442363574305,36.474027839892827,0.0],[136.7858751609119,36.473792174015657,0.0],[136.786086605814091,36.473627857315307,0.0],[136.786397352395511,36.473286896028966,0.0],[136.7869266456118,36.473074821040832,0.0],[136.787117533590589,36.473000477017642,0.0],[136.787850482068507,36.472728496983109,0.0],[136.788130158303687,36.472477580583543,0.0],[136.788323912713906,36.472281301413148,0.0],[136.78840925574039,36.472158473344948,0.0],[136.788612229183087,36.471817438504537,0.0],[136.788900732671891,36.471323061026872,0.0],[136.789041986223594,36.470813190472207,0.0],[136.7893195637688,36.470556547925398,0.0],[136.789388558598205,36.47043040490594,0.0],[136.789474503262909,36.47005826142577,0.0],[136.789520781471907,36.469946492609587,0.0],[136.789825973238692,36.469957859769323,0.0],[136.79026988153899,36.470059718146963,0.0],[136.79035558507141,36.469807374229411,0.0],[136.790401102141487,36.469638541996147,0.0],[136.79044535107991,36.469352475099853,0.0],[136.790410439777986,36.468987856460373,0.0],[136.7903599710028,36.468745296042762,0.0],[136.790430217473101,36.468302424625861,0.0],[136.790482479604805,36.468019082146967,0.0],[136.790527974951601,36.467776860254787,0.0],[136.7905712826647,36.467607702791661,0.0],[136.790503548203503,36.467375968732107,0.0],[136.790457613179001,36.467194942646458,0.0],[136.790504435173489,36.466571096081211,0.0],[136.790540864504294,36.466300056991273,0.0],[136.790699358052791,36.465791134164583,0.0],[136.790845937102404,36.46554973333641,0.0],[136.791025427843806,36.465045551793928,0.0],[136.791203226691806,36.464544662276992,0.0],[136.791246497976999,36.464131036302483,0.0],[136.791270735890606,36.464110439711163,0.0],[136.791315581772892,36.464065142529847,0.0],[136.792209739387289,36.464068021532427,0.0],[136.792359924527005,36.46451437522785,0.0],[136.792445459349011,36.464639432062143,0.0],[136.792692265335489,36.464817165718209,0.0],[136.793091721861998,36.464941639851439,0.0],[136.793483189775003,36.464972238007128,0.0],[136.794027995899796,36.465037570173138,0.0],[136.794509430656092,36.465151245289519,0.0],[136.794749849725207,36.465270765696168,0.0],[136.795051265229603,36.465328587754122,0.0],[136.795585368265591,36.465519605395258,0.0],[136.796034304291794,36.465730052070633,0.0],[136.796285631652211,36.465311339169958,0.0],[136.796394717777389,36.46493242072426,0.0],[136.796487638145891,36.464805189558803,0.0],[136.79690959702711,36.46451755018014,0.0],[136.797044684008796,36.464367875631012,0.0],[136.797173857535114,36.464226995923802,0.0],[136.797271991553998,36.464063404984891,0.0],[136.797276227081113,36.463879928442282,0.0],[136.797195852238502,36.463796770217883,0.0],[136.796929819709504,36.463634626530748,0.0],[136.796547226770912,36.463374350716528,0.0],[136.7968098515137,36.463154919559052,0.0],[136.79759385908261,36.462314774680657,0.0],[136.798128352565101,36.461931758042191,0.0],[136.797836393739402,36.461794543226482,0.0],[136.797740738887313,36.461800023697293,0.0],[136.797520570305295,36.46188188380814,0.0],[136.797644930457409,36.461496260860748,0.0],[136.797580049667687,36.461397084209977,0.0],[136.797413249802588,36.461258002201127,0.0],[136.797271317097,36.461043114480567,0.0],[136.797169710264996,36.460937224988292,0.0],[136.797019406027403,36.460765201473627,0.0],[136.796901526382612,36.460646064365349,0.0],[136.796849197571589,36.460484241633189,0.0],[136.796797590839304,36.460170657111583,0.0],[136.796655395332095,36.460011854336287,0.0],[136.796044654752194,36.459697939869862,0.0],[136.795577572620005,36.459409342573082,0.0],[136.794844345791404,36.458978415854062,0.0],[136.794072677644408,36.458626174348943,0.0],[136.793815362293088,36.458564792471421,0.0],[136.793648514756796,36.45841456828532,0.0],[136.793313279960898,36.458016783995461,0.0],[136.792967190164092,36.457366829492507,0.0],[136.792551720723395,36.456895004708109,0.0],[136.792064271103101,36.456589138435312,0.0],[136.791823061065287,36.456531191504673,0.0],[136.791316165533999,36.45638150258079,0.0],[136.791099695528288,36.456110646047307,0.0],[136.790846888005603,36.45586706367483,0.0],[136.790600023645595,36.455708133110463,0.0],[136.790127192023306,36.455227052507418,0.0],[136.789832884382889,36.455032065799401,0.0],[136.789464373696291,36.454863345135919,0.0],[136.7890990532876,36.454505157438057,0.0],[136.788982324996397,36.454194414038227,0.0],[136.788684956710995,36.453720876406521,0.0],[136.788400251444699,36.453189333150682,0.0],[136.788206965972392,36.452691612768511,0.0],[136.788225947769689,36.452520123664243,0.0],[136.788287823870292,36.452348980521187,0.0],[136.788432762822595,36.452087089656573,0.0],[136.788457230057503,36.451979567864392,0.0],[136.788439800446213,36.451562411485718,0.0],[136.788458316094108,36.45113932428761,0.0],[136.78862502295209,36.450716237821972,0.0],[136.788752744575191,36.4504729271058,0.0],[136.789171877595095,36.449881280287947,0.0],[136.789289039232386,36.449621909528688,0.0],[136.789436686930912,36.449287261622061,0.0],[136.789501301450287,36.449054936907743,0.0],[136.789497996086709,36.448863433296943,0.0],[136.789374815910207,36.448515960790083,0.0],[136.789678305386786,36.447858875208013,0.0],[136.789756669495091,36.447745477675888,0.0],[136.789921942128387,36.44760817475732,0.0],[136.79024973802251,36.447282782189063,0.0],[136.790435865836912,36.44716488784649,0.0],[136.790718113022507,36.44697475699968,0.0],[136.790949597147886,36.446760286058932,0.0],[136.79130285355609,36.446739634877048,0.0],[136.791518836513404,36.446636341036303,0.0],[136.791899666819688,36.446482787073343,0.0],[136.792259185249492,36.446404122077027,0.0],[136.792469327240212,36.446313404066679,0.0],[136.792786395359514,36.446169922528817,0.0],[136.793014229249707,36.446099680405858,0.0],[136.79318907613191,36.446046369712278,0.0],[136.793389279070396,36.446000832030222,0.0],[136.793587231723905,36.445983498836227,0.0],[136.793801074908004,36.445961939414339,0.0],[136.794274277194887,36.445915542972138,0.0],[136.794540021276106,36.445883031695892,0.0],[136.794805834497595,36.445835986469383,0.0],[136.795013598904887,36.445757984019792,0.0],[136.795247041190208,36.445620218936227,0.0],[136.795799790030003,36.445533884334111,0.0],[136.795974380509108,36.445533572227099,0.0],[136.796233945049607,36.445465132140299,0.0],[136.796600368102389,36.445398732472427,0.0],[136.796796623370909,36.445292480264378,0.0],[136.79689139941101,36.445165396451237,0.0],[136.797003079376196,36.445043493926271,0.0],[136.797058882797586,36.444944128030613,0.0],[136.797059731484211,36.444765199851282,0.0],[136.7968255779613,36.444285714667657,0.0],[136.796691582107002,36.444142639493393,0.0],[136.796611732727001,36.443941699553328,0.0],[136.796546804706111,36.44385930414586,0.0],[136.796081360616512,36.44372376568387,0.0],[136.795965038254792,36.443651323344952,0.0],[136.795838429086103,36.443559676618413,0.0],[136.795749834342104,36.443310349576407,0.0],[136.795621496035693,36.443160100581743,0.0],[136.795291894581112,36.443069642696223,0.0],[136.795104717141811,36.443019874461747,0.0],[136.79476656488211,36.442779058873221,0.0],[136.794666788597198,36.442751254422078,0.0],[136.7944068466999,36.442519905806961,0.0],[136.794090854976702,36.442441980192712,0.0],[136.793922680771203,36.442429486591507,0.0],[136.793806002603105,36.442402857953319,0.0],[136.793720861259402,36.442347702178722,0.0],[136.793661072573514,36.442267532917768,0.0],[136.793556655713303,36.442184086896361,0.0],[136.793167167236504,36.442046427583193,0.0],[136.792975497047706,36.44194388900091,0.0],[136.792902054610011,36.441877791116468,0.0],[136.792687122766807,36.441768905626581,0.0],[136.792617465717001,36.441723206635473,0.0],[136.792532257086208,36.441682164300481,0.0],[136.792388751782113,36.441655053648532,0.0],[136.792195081334711,36.441565053863272,0.0],[136.79203392761309,36.441447935309768,0.0],[136.79121418263199,36.441087499157618,0.0],[136.7906700002425,36.440678356751206,0.0],[136.790486546509186,36.440555670934167,0.0],[136.790088615667202,36.440227989318743,0.0],[136.789840257285505,36.439912867973277,0.0],[136.789644917994792,36.43977321692963,0.0],[136.789489281518399,36.439761757979753,0.0],[136.789195061411107,36.439664195845751,0.0],[136.7889406355402,36.43962238145599,0.0],[136.788777498098909,36.439570927331218,0.0],[136.788597808998588,36.439534452545672,0.0],[136.788246165567813,36.439611987953732,0.0],[136.787707261200694,36.439598868663623,0.0],[136.787343795065709,36.439584332564138,0.0],[136.787087958205888,36.43954163012372,0.0],[136.786952015602907,36.439430062665963,0.0],[136.7866698104732,36.439122081239333,0.0],[136.786676205276109,36.438895556643423,0.0],[136.786500567670089,36.438679566749506,0.0],[136.786263968537696,36.438381313467808,0.0],[136.786126070733701,36.438237253203361,0.0],[136.78597561594691,36.438064941750469,0.0],[136.78587021418889,36.437945974716563,0.0],[136.785816650420401,36.437884145607093,0.0],[136.785662958099607,36.437797816377,0.0],[136.785494274896109,36.437717484684562,0.0],[136.785428770936392,36.437649572580042,0.0],[136.7853662785013,36.437578042518567,0.0],[136.785220134289688,36.437478437950681,0.0],[136.78516528274821,36.437374289751382,0.0],[136.785048979456008,36.437291706739707,0.0],[136.784977492288391,36.437223774357918,0.0],[136.784925515362204,36.437143814925342,0.0],[136.784761316648712,36.437064706013757,0.0],[136.78461237015361,36.436926404590167,0.0],[136.784476725104895,36.436821996587433,0.0],[136.784312775490605,36.436692109513352,0.0],[136.784065040588814,36.436561954633788,0.0],[136.783808660425791,36.43636406675693,0.0],[136.783505923333195,36.43616119433986,0.0],[136.783467100513008,36.436117422096707,0.0],[136.783323297972288,36.435931217792231,0.0],[136.783233475721289,36.435909557053137,0.0],[136.783167961874796,36.435893104260138,0.0],[136.783074299308993,36.435791927109257,0.0],[136.782994662418389,36.435639820137233,0.0],[136.782781093287099,36.4355307219843,0.0],[136.782632123454988,36.435398462695318,0.0],[136.782494301573507,36.435129623678257,0.0],[136.782288002108999,36.434762679938487,0.0],[136.78221640767859,36.434692349112296,0.0],[136.781975608086896,36.434607794848979,0.0],[136.781767841683802,36.434475472980679,0.0],[136.781649586492392,36.434444632956279,0.0],[136.781498941927197,36.434314204492729,0.0],[136.78139990892879,36.434230106344238,0.0],[136.781255713940794,36.43407918137455,0.0],[136.781140938661309,36.433982866184188,0.0],[136.781050726207496,36.433866147458232,0.0],[136.780999036231293,36.433781525937817,0.0],[136.781016036667893,36.433483605183291,0.0],[136.780910022410893,36.433197724292171,0.0],[136.780754438579891,36.432997178594313,0.0],[136.780520492694507,36.432811766352671,0.0],[136.780396614919596,36.43261816142688,0.0],[136.780292051545899,36.432369906536003,0.0],[136.780119450840203,36.432188112259539,0.0],[136.779790730059091,36.431915193698252,0.0],[136.779008468950906,36.431367238952767,0.0],[136.778800007677887,36.431164808392573,0.0],[136.778582692137007,36.431040999205813,0.0],[136.778230170222287,36.43087571397831,0.0],[136.778036428940794,36.430848622720973,0.0],[136.777572448241386,36.431265845252192,0.0],[136.777340733486795,36.431418783196591,0.0],[136.777056781746296,36.431538614858923,0.0],[136.776813829352591,36.431609963456737,0.0],[136.776503036173807,36.431663839004983,0.0],[136.776168976666298,36.431712932207979,0.0],[136.775873457046913,36.431817040511604,0.0],[136.775573905946089,36.431950932984357,0.0],[136.774966515987586,36.432345713684661,0.0],[136.774537727212191,36.432713738495018,0.0],[136.774200682498304,36.432952786825318,0.0],[136.774097645262202,36.432869092151037,0.0],[136.773969110270912,36.43279746871319,0.0],[136.773757842630005,36.432741882860171,0.0],[136.773459139414797,36.432648091215341,0.0],[136.773351698506787,36.432592123741493,0.0],[136.77310240070409,36.432481283638182,0.0],[136.772897460025092,36.432477928468693,0.0],[136.772725511304287,36.43245344289975,0.0],[136.772620971880997,36.432415619341228,0.0],[136.772479597299593,36.432265237446842,0.0],[136.772260463665106,36.43215959986594,0.0],[136.772001884845309,36.432111127714222,0.0],[136.771706036970812,36.432071260347797,0.0],[136.771430276304386,36.432073166001132,0.0],[136.771324358619211,36.432090499695967,0.0],[136.771154258253006,36.432150205766938,0.0],[136.771060184201303,36.432165066670713,0.0],[136.770964791406186,36.432169240586113,0.0],[136.770880927360906,36.432132599778797,0.0],[136.770796289706908,36.432021652601549,0.0],[136.770861744906796,36.431922401100323,0.0],[136.770926662368993,36.431810623976148,0.0],[136.77092759275979,36.431663588639807,0.0],[136.770794323687198,36.431449425644743,0.0],[136.770642054874486,36.431368357716018,0.0],[136.770222744025688,36.431246090159199,0.0],[136.769645992845312,36.431050107887778,0.0],[136.769567221431004,36.431016197662693,0.0],[136.769447234464309,36.430920740731644,0.0],[136.769401057139987,36.43082632690205,0.0],[136.769363757109005,36.430605521207667,0.0],[136.769343021421207,36.430365919119893,0.0],[136.769209426168089,36.429921894185767,0.0],[136.769161617728514,36.429609011190081,0.0],[136.7690843762459,36.429416906158437,0.0],[136.768881532376895,36.429097961257007,0.0],[136.768703964316586,36.428935463088699,0.0],[136.76854734848871,36.428814222670297,0.0],[136.768476973308793,36.428785113653028,0.0],[136.768292327792096,36.428761526582491,0.0],[136.767993750156506,36.428782896370251,0.0],[136.767358261379513,36.428715486888578,0.0],[136.767073273079802,36.428712720113531,0.0],[136.766902357369588,36.428783478516984,0.0],[136.766720623942291,36.428775615712539,0.0],[136.766517802412693,36.428795489207317,0.0],[136.766287727228388,36.428878742587003,0.0],[136.766064274491413,36.428983175547224,0.0],[136.765942759814891,36.429117185993363,0.0],[136.765889636472593,36.429258153752123,0.0],[136.765805783413214,36.429336286631226,0.0],[136.765634745329606,36.429385897607737,0.0],[136.765469295753405,36.429481007924153,0.0],[136.765381127458511,36.429585710244829,0.0],[136.765313545711905,36.429630642142733,0.0],[136.765129457637187,36.429643925898922,0.0],[136.764851584734089,36.429711299689302,0.0],[136.764413481682396,36.429807148027578,0.0],[136.763972116814188,36.429954970694332,0.0],[136.763662244123992,36.429989590412589,0.0],[136.763332482280987,36.43010937537634,0.0],[136.763143979620509,36.430174797526639,0.0],[136.76303690342391,36.430272799167817,0.0],[136.763354700370513,36.430586397662417,0.0],[136.763445314779887,36.430711834490317,0.0],[136.763649658459286,36.430989132268223,0.0],[136.763878763824096,36.431228327171517,0.0],[136.764184791672591,36.431649483315432,0.0],[136.764368063450405,36.431993101336452,0.0],[136.764414910204096,36.432137862374681,0.0],[136.764451245514209,36.432272201951491,0.0],[136.76458996470231,36.432452195002469,0.0],[136.764607812515095,36.432683929149988,0.0],[136.7647343524674,36.432969031879033,0.0],[136.764901408603009,36.433193574198498,0.0],[136.764999580109503,36.433518649016918,0.0],[136.765178881729696,36.433767130625959,0.0],[136.765438669008489,36.434199284512452,0.0],[136.765599463828607,36.434464570199943,0.0],[136.765640133825286,36.434579261323677,0.0],[136.765765798427992,36.4347461481672,0.0],[136.765777588119306,36.434986799432451,0.0],[136.765878700240108,36.435197717267499,0.0],[136.765956783828187,36.435349012925947,0.0],[136.765985894247109,36.435471049974758,0.0],[136.766029692376804,36.435595155107357,0.0],[136.766135575995492,36.43578443975521,0.0],[136.76621156590349,36.436012827578587,0.0],[136.766342163201898,36.436146415567812,0.0],[136.766504278360088,36.436204548130469,0.0],[136.766570838869313,36.436318492931349,0.0],[136.766588319092392,36.436408875839128,0.0],[136.766631825330592,36.43648886620047,0.0],[136.766778911735912,36.436605697010378,0.0],[136.766867405438404,36.436678176423953,0.0],[136.766988588923113,36.436859621069601,0.0],[136.767003569077701,36.436966315401477,0.0],[136.76717392370719,36.437053141641307,0.0],[136.767270501045289,36.437144425376033,0.0],[136.767302772635986,36.437285679218881,0.0],[136.767218399019896,36.437464182688458,0.0],[136.76721704880481,36.437727650891972,0.0],[136.767361450231107,36.437955535887987,0.0],[136.767366549432211,36.438096698809161,0.0],[136.767350947277407,36.438260195790463,0.0],[136.767273706789013,36.438369049195913,0.0],[136.767052812726007,36.438491045997431,0.0],[136.767024738540414,36.438601231822027,0.0],[136.767039724534612,36.438670527819937,0.0],[136.767103483442014,36.438763647609882,0.0],[136.767105889887603,36.438869509415632,0.0],[136.767144669732403,36.438941022798041,0.0],[136.767146231304508,36.439049170950462,0.0],[136.767066474064904,36.439231421783298,0.0],[136.767064961919289,36.439319897047881,0.0],[136.767058772525104,36.439392114308262,0.0],[136.767001017125693,36.439513314081204,0.0],[136.766889681275586,36.439973296716282,0.0],[136.76681067485481,36.440111950943781,0.0],[136.76666111911689,36.440242632411803,0.0],[136.766578300595398,36.44034412864783,0.0],[136.766583768529188,36.440515550474487,0.0],[136.766667975075393,36.440700014980273,0.0],[136.7666608485506,36.441051868269419,0.0],[136.766587558840513,36.441338619681368,0.0],[136.766645200909295,36.441453297826399,0.0],[136.766758849211612,36.441568743974521,0.0],[136.76717555464441,36.44179904783342,0.0],[136.767400291759714,36.441863637973277,0.0],[136.767434099300914,36.441884244578333,0.0],[136.767492431609014,36.441960524126927,0.0],[136.767479263885093,36.442052380630066,0.0],[136.767427465432689,36.442146672002039,0.0],[136.767396155667711,36.44226881563236,0.0],[136.767408988337507,36.442345370225112,0.0],[136.767617924756706,36.442661949054411,0.0],[136.767715911531809,36.442846076700761,0.0],[136.767769552602289,36.443115544211388,0.0],[136.76775670620961,36.443351448670967,0.0],[136.767691128660914,36.443553409745142,0.0],[136.767703063529495,36.4438056402374,0.0],[136.76781470499651,36.444009903178817,0.0],[136.767898375350086,36.444200822395267,0.0],[136.767875613883291,36.444306751428641,0.0],[136.767748729108888,36.444393098068709,0.0],[136.767562137747092,36.444419927379627,0.0],[136.767446309300908,36.444457913516437,0.0],[136.767424718484108,36.444541619737088,0.0],[136.767477961289813,36.444580514602869,0.0],[136.767747108547695,36.444824273333943,0.0],[136.767855952382291,36.445012049299102,0.0],[136.767823175359609,36.445248145763458,0.0],[136.767834285199712,36.445491041872238,0.0],[136.767911942056799,36.445604414505063,0.0],[136.768306595851499,36.445825889529132,0.0],[136.7686296780291,36.446260565882753,0.0],[136.768749297412796,36.446489408140842,0.0],[136.768758344582011,36.446599224073417,0.0],[136.768783369530894,36.446805571173627,0.0],[136.768858130944494,36.446948874850108,0.0],[136.769119439590213,36.447117195816681,0.0],[136.769292745604986,36.44731627496018,0.0],[136.769286661222111,36.447432693495237,0.0],[136.769310813395009,36.447541451115967,0.0],[136.769410639143899,36.447614973871289,0.0],[136.769515410926687,36.447660788748642,0.0],[136.769718935068113,36.447794748845268,0.0],[136.769897381777696,36.447976184199902,0.0],[136.769954366050086,36.448106058039727,0.0],[136.769949135254308,36.44820289977973,0.0],[136.769817219538993,36.448449824634039,0.0],[136.769795836528488,36.448592217703499,0.0],[136.769889270606711,36.448737858436417,0.0],[136.77005268666781,36.448855519811573,0.0],[136.770223317862502,36.449010821285967,0.0],[136.770534658875306,36.449171717655922,0.0],[136.770956789508489,36.44918679602408,0.0],[136.771003876641089,36.449291247429123,0.0],[136.770892356572688,36.449631169786713,0.0],[136.771004774830004,36.449947800872117,0.0],[136.771331446701396,36.450216461517122,0.0],[136.771713027775291,36.450341321124277,0.0],[136.771895919116986,36.450425049263842,0.0],[136.772018550364606,36.450550917713528,0.0],[136.772109653976401,36.450769211316199,0.0],[136.772102640905587,36.451195762137758,0.0],[136.772199777007813,36.451564630207763,0.0],[136.772368049568996,36.451686728665933,0.0],[136.772542826931897,36.45186609031655,0.0],[136.772596567521106,36.451987810234058,0.0],[136.772623063070512,36.452122770568209,0.0],[136.772557961507289,36.452328000832253,0.0],[136.77255630863641,36.452462868233248,0.0],[136.7725956011802,36.452562584201573,0.0],[136.772693237976597,36.452641320590658,0.0],[136.77290642845179,36.452711028196937,0.0],[136.773239758241999,36.453074509716558,0.0],[136.773313902215705,36.453165695524213,0.0],[136.773344438877587,36.453370951107843,0.0],[136.773400910379593,36.45346927870321,0.0],[136.773599505394202,36.453558093934078,0.0],[136.773751943430113,36.453681134154813,0.0],[136.773846653090487,36.453818954862648,0.0],[136.774123275645593,36.454087675567713,0.0],[136.774357918601993,36.45424259032454,0.0],[136.774452748938387,36.45435656929741,0.0],[136.774486519184904,36.454465356473207,0.0],[136.774440993925907,36.454646520166847,0.0],[136.774439823713209,36.45474243985857,0.0],[136.774523802121593,36.454830876859887,0.0],[136.774923693975609,36.454883201547247,0.0],[136.775101196687103,36.454936459269767,0.0],[136.775201026215399,36.455012194217993,0.0],[136.775251410394191,36.455093313237143,0.0],[136.7752765475486,36.455164907967728,0.0],[136.775293715423601,36.45530339339571,0.0],[136.775336421219293,36.455441962547177,0.0],[136.775336488433709,36.455577369108241,0.0],[136.775294028414606,36.455687851888143,0.0],[136.775294788977789,36.455983452293218,0.0],[136.775365515214389,36.456079312083901,0.0],[136.775840468745514,36.456357549759041,0.0],[136.776071245347595,36.45660116468364,0.0],[136.776231661749506,36.456914412024233,0.0],[136.776338481758586,36.456965772970356,0.0],[136.77664591195051,36.456980084859588,0.0],[136.776806960348097,36.457033722480347,0.0],[136.776941743365398,36.457165942325823,0.0],[136.776993881604795,36.457513696233661,0.0],[136.777020010979697,36.457675785487048,0.0],[136.776984944191298,36.457804427892789,0.0],[136.776876159319102,36.458009600626113,0.0],[136.776896123451195,36.458207334868248,0.0],[136.777084447964995,36.458572932826279,0.0],[136.777192674181407,36.458819324159542,0.0],[136.777256036312991,36.458996370266583,0.0],[136.777345689058308,36.459150436442187,0.0],[136.777416652184087,36.45923524374485,0.0],[136.777544636740402,36.459393086627173,0.0],[136.777572183020396,36.459539453548757,0.0],[136.777550075940297,36.459677778080042,0.0],[136.777494760991004,36.459794850144412,0.0],[136.777360022038607,36.459900029835588,0.0],[136.77720546771431,36.459979318544541,0.0],[136.776657810829704,36.460252574126628,0.0],[136.776571226854202,36.460357473150502,0.0],[136.776539448254198,36.460426886163248,0.0],[136.77645169620439,36.460615200810587,0.0],[136.776317249908288,36.460825927232918,0.0],[136.776025825885313,36.461412502820089,0.0],[136.775870384988991,36.461616011288697,0.0],[136.775546902694089,36.461995301765988,0.0],[136.775140206068386,36.462267384424557,0.0],[136.77473603030279,36.462571635885283,0.0],[136.774326072367501,36.462880419148362,0.0],[136.774043877594892,36.463115987595963,0.0],[136.773944101019907,36.463214879492448,0.0],[136.773827153746197,36.46338167427129,0.0],[136.773651471384511,36.463517013957407,0.0],[136.773465506843706,36.4635818239164,0.0],[136.773353802345298,36.463604537710467,0.0],[136.773309331379409,36.463667258581793,0.0],[136.773402452345806,36.463751589668227,0.0],[136.773576743114091,36.463846580331399,0.0],[136.773711908330711,36.463941212110448,0.0],[136.774004097650987,36.464043087355698,0.0],[136.774278144731113,36.464203528396382,0.0],[136.774472463565104,36.464365629202661,0.0],[136.774619156635396,36.464534301069968,0.0],[136.77478537181139,36.464843355683939,0.0],[136.775096912923999,36.465120209505237,0.0],[136.775436844670793,36.465333007486237,0.0],[136.775585827705811,36.465430626802338,0.0],[136.776051855051605,36.465582839722913,0.0],[136.776173437252311,36.465624251550842,0.0],[136.776649445548088,36.46606648285843,0.0],[136.776816825289387,36.466205591992768,0.0],[136.777219583275098,36.466292946294629,0.0],[136.777375796822895,36.466369265255842,0.0],[136.777465924767,36.466433554972369,0.0],[136.777904616347797,36.466461589581648,0.0],[136.77816597347379,36.466453128043959,0.0],[136.778551381584094,36.464805328001098,0.0],[136.778612179063401,36.464619341450529,0.0],[136.778915944778589,36.464033971560518,0.0],[136.779149821867691,36.463656318841728,0.0],[136.779225236299794,36.463507216998792,0.0],[136.779622201292909,36.463183970116482,0.0],[136.780021335561514,36.46298629979114,0.0],[136.780528615978,36.462749378113543,0.0],[136.780794897548788,36.462667967980892,0.0],[136.781131543869606,36.462645270153942,0.0],[136.781448520032995,36.462691447057793,0.0],[136.781836502319692,36.462829887534788,0.0],[136.782573651232809,36.463150277325447,0.0],[136.783254793327188,36.463524473718579,0.0],[136.78333898926661,36.463620490042203,0.0],[136.783378440556589,36.463776205482667,0.0],[136.783453476892504,36.464443254499777,0.0],[136.783425409149487,36.464985158570677,0.0],[136.783381686102189,36.465267129430188,0.0],[136.783314544450093,36.465448252935019,0.0],[136.783192276713208,36.465657014492074,0.0],[136.783021043882798,36.465778571527721,0.0],[136.782572336210194,36.465922980825077,0.0],[136.781773866337602,36.466014735756033,0.0],[136.781383705666997,36.466193397421762,0.0],[136.78106662502509,36.466434921622188,0.0],[136.780869784225814,36.46665661692316,0.0],[136.780851170412888,36.467018463453442,0.0],[136.780878994229397,36.467575617966283,0.0],[136.780856005365195,36.467903848197487,0.0],[136.780814692770804,36.468145488621538,0.0],[136.780711871043593,36.468430959649197,0.0],[136.780414539167907,36.468840340042142,0.0],[136.780198450417288,36.469087556429479,0.0],[136.779723070393288,36.469455013638452,0.0],[136.7796557690572,36.469579608200192,0.0],[136.779576071634096,36.469807187653501,0.0],[136.779386488353197,36.470304673703033,0.0],[136.779088361913097,36.470897023664023,0.0],[136.7790249960496,36.471055487749148,0.0],[136.779021165437513,36.471223524465863,0.0],[136.779081664728892,36.471399023350841,0.0],[136.779214225151009,36.471532441744259,0.0],[136.780282634340296,36.472011871094729,0.0],[136.780282634340296,36.472011871094729,0.0]]]]}},{"type":"Feature","properties":{"口座番号":"471"},"geometry":{"type":"MultiPolygon","coordinates":[[[[136.789167263179991,36.720160408869873,0.0],[136.789304834497386,36.720081616156847,0.0],[136.789542431662909,36.719978331736208,0.0],[136.78970701855809,36.719965448481872,0.0],[136.789974356599487,36.719980699732119,0.0],[136.789996683242407,36.719887137424251,0.0],[136.789990897043594,36.719647033298969,0.0],[136.789978368905793,36.719566164171603,0.0],[136.789932597973007,36.719574822332909,0.0],[136.789773432507189,36.719597527326428,0.0],[136.7896780746442,36.719582019250758,0.0],[136.789434772642693,36.719327557963631,0.0],[136.78937401661409,36.719148101305812,0.0],[136.789345382143608,36.718828139713757,0.0],[136.789396723781607,36.718475733912463,0.0],[136.7893732680987,36.71842790536995,0.0],[136.789302496608514,36.718311526818397,0.0],[136.789342209938809,36.718224060534467,0.0],[136.789407417424286,36.718153487104658,0.0],[136.789504476206503,36.718065250817439,0.0],[136.789518881032706,36.71803343148391,0.0],[136.789449193360213,36.717892769744267,0.0],[136.789387075294513,36.71779084071553,0.0],[136.789325841913808,36.717686129719233,0.0],[136.789302567413614,36.717589186698433,0.0],[136.789254023706889,36.717575405603419,0.0],[136.789169354780313,36.717634650315851,0.0],[136.789112272677613,36.717652313232357,0.0],[136.789047504897496,36.717622792333103,0.0],[136.788953435897611,36.717518556452511,0.0],[136.788832343652814,36.717434327197573,0.0],[136.78872870157349,36.717331521612167,0.0],[136.788748395202504,36.717275153982449,0.0],[136.788810227599214,36.717224646404389,0.0],[136.788897105135788,36.717206289633559,0.0],[136.788937902761205,36.717145865007453,0.0],[136.788926490848695,36.717114880346458,0.0],[136.788851754110311,36.717015166713168,0.0],[136.788823486958989,36.71687999464136,0.0],[136.788789137163292,36.716805357347702,0.0],[136.788616294754689,36.716655751125387,0.0],[136.788568241994994,36.71655929431018,0.0],[136.788486128524312,36.716515697883437,0.0],[136.788345483509687,36.716426647615307,0.0],[136.788238114326788,36.716404019407371,0.0],[136.78806795174151,36.716388501118793,0.0],[136.787907362285807,36.716376201528512,0.0],[136.787900143181787,36.716392625639742,0.0],[136.787870710495895,36.716495008565957,0.0],[136.787829822018409,36.716574065057507,0.0],[136.787789390935188,36.716559962217538,0.0],[136.787679552310408,36.716540980052542,0.0],[136.787561598818286,36.716503835093093,0.0],[136.787448168919695,36.716530927350007,0.0],[136.7874078736765,36.71653520949549,0.0],[136.787276539169909,36.716520770862317,0.0],[136.787160835678293,36.716547168876779,0.0],[136.787054518413498,36.716596538811878,0.0],[136.787014562530288,36.716672887154537,0.0],[136.786961020977486,36.71676227591243,0.0],[136.786919969823202,36.716873937338477,0.0],[136.786925412105489,36.716943824597713,0.0],[136.786907756633099,36.717004322364161,0.0],[136.7868728354035,36.717046133429427,0.0],[136.786815952829102,36.717138754909662,0.0],[136.786767980864909,36.717190197882687,0.0],[136.7866637912648,36.717199181127128,0.0],[136.786524610158494,36.717263949175589,0.0],[136.7864490507921,36.717333577745187,0.0],[136.786402305320991,36.717426589180533,0.0],[136.786390160033989,36.717543001098711,0.0],[136.786343506213001,36.717617380289177,0.0],[136.786348946895487,36.717687268460907,0.0],[136.786429696055194,36.717738764703363,0.0],[136.786545114638898,36.717799687411677,0.0],[136.786729871022601,36.717879463850039,0.0],[136.786891599657991,36.717935875672268,0.0],[136.787000356256613,36.71795125928675,0.0],[136.787163442891512,36.717955375169623,0.0],[136.787215377250902,36.717983489047597,0.0],[136.787203541684192,36.718051954969987,0.0],[136.787175433634104,36.718087267582867,0.0],[136.787060885273689,36.718081809605742,0.0],[136.786822911584494,36.718017671094223,0.0],[136.786549269717,36.717917201299983,0.0],[136.786415282774414,36.717862447542622,0.0],[136.786225266876386,36.717766488809083,0.0],[136.786145124851487,36.717768495583762,0.0],[136.786057427179088,36.717816462369861,0.0],[136.785866947909,36.717970078082139,0.0],[136.785738441816989,36.718024886734597,0.0],[136.785529302390302,36.718102645046379,0.0],[136.785414198335587,36.718126974090453,0.0],[136.785349077351611,36.718218722223853,0.0],[136.785351424836307,36.718241365425072,0.0],[136.785325624827607,36.718270426090633,0.0],[136.785298493372807,36.718355505276719,0.0],[136.785298635072195,36.718397947294108,0.0],[136.785336212001113,36.718475028271072,0.0],[136.785356628754187,36.718600646583788,0.0],[136.785303119818991,36.718750937501042,0.0],[136.785173589843311,36.718922809364628,0.0],[136.785066746054895,36.719108709038778,0.0],[136.785086365909308,36.719161590017791,0.0],[136.785284337816904,36.719270619247467,0.0],[136.785381127542905,36.719313936836869,0.0],[136.785498018675213,36.719272435603713,0.0],[136.785652999087802,36.719227742433297,0.0],[136.785701908551914,36.719273853448783,0.0],[136.785729423922589,36.719476679383561,0.0],[136.785611558483112,36.719590743103979,0.0],[136.785567241473586,36.719707443022934,0.0],[136.785614517660207,36.720153158581319,0.0],[136.785678190120791,36.720214445460321,0.0],[136.785772265922986,36.720234989495047,0.0],[136.785864409562492,36.720315180119997,0.0],[136.785864025834712,36.720392915403032,0.0],[136.78579082165939,36.720551393153563,0.0],[136.785710408937206,36.720670192775167,0.0],[136.78570490094441,36.720840471246227,0.0],[136.785740445577204,36.720975544683789,0.0],[136.785574953626508,36.721141378173883,0.0],[136.785623883094786,36.721168489081059,0.0],[136.785899857882299,36.721142690108763,0.0],[136.78624581292749,36.721404354764204,0.0],[136.786530697430209,36.721327394126703,0.0],[136.786640404005908,36.721388819377012,0.0],[136.786716428047299,36.721356997950693,0.0],[136.786814972369086,36.721374108300111,0.0],[136.786894483114395,36.721404899479772,0.0],[136.786857526471692,36.721463164595633,0.0],[136.786884177658607,36.721501663672022,0.0],[136.786960785194509,36.721490718659489,0.0],[136.787049369037106,36.721488171409383,0.0],[136.787125762961097,36.721522454592943,0.0],[136.787244618270705,36.721522746997479,0.0],[136.788196492834686,36.721227346450434,0.0],[136.78821890925181,36.72109181276943,0.0],[136.788312647587105,36.721021519041877,0.0],[136.788613592330989,36.720875960243077,0.0],[136.788625219661697,36.72082560965881,0.0],[136.7885964483267,36.720697641184103,0.0],[136.788683410700713,36.720647701077539,0.0],[136.788827733040591,36.720602887931257,0.0],[136.789317142548413,36.720509211444487,0.0],[136.789358024430811,36.720452682906704,0.0],[136.789381711988995,36.720284297621461,0.0],[136.789246807841209,36.720224248643859,0.0],[136.789167263179991,36.720160408869873,0.0],[136.789167263179991,36.720160408869873,0.0]]],[[[136.784866721799091,36.736157666965603,0.0],[136.784732013609499,36.736250962956447,0.0],[136.784531963050512,36.736287055783727,0.0],[136.78445305645721,36.736362107242293,0.0],[136.784461790718495,36.736405350863024,0.0],[136.784794897717887,36.736639407349017,0.0],[136.784793149441697,36.736708439586593,0.0],[136.784707330134694,36.736757167307488,0.0],[136.784601620904908,36.736766677285893,0.0],[136.784523018843487,36.736821995135813,0.0],[136.784591127112293,36.736897929595422,0.0],[136.784735805856286,36.736932460498039,0.0],[136.784878205842688,36.736908486584532,0.0],[136.784987830986211,36.736865249540912,0.0],[136.785145137544788,36.7366794708797,0.0],[136.785210687293187,36.736651855334607,0.0],[136.785303231661402,36.736654851033357,0.0],[136.78540834945241,36.736692436505237,0.0],[136.785751809264497,36.736410391518042,0.0],[136.786012699297203,36.73627842709903,0.0],[136.786138902918509,36.736256157219898,0.0],[136.786274646373414,36.736203687614058,0.0],[136.786467804812787,36.736205384478957,0.0],[136.786495794882313,36.736035785640979,0.0],[136.786742681272187,36.735956857765899,0.0],[136.786881026762501,36.73592059045896,0.0],[136.787067434013494,36.73593090197253,0.0],[136.787179535739511,36.735964969119792,0.0],[136.787461423864301,36.735968235085998,0.0],[136.787793169268809,36.735944028106843,0.0],[136.787986902519208,36.735874620003457,0.0],[136.788095087132206,36.735906104484691,0.0],[136.788324525497586,36.735894957078678,0.0],[136.788255827181501,36.735953041354307,0.0],[136.788048805868812,36.736024869719557,0.0],[136.788077422864603,36.736444917788212,0.0],[136.788149130163191,36.736623609173577,0.0],[136.788267456625391,36.736622785041803,0.0],[136.788500763299311,36.736594316689377,0.0],[136.788679903976288,36.736459237012539,0.0],[136.78883045320481,36.736477321943468,0.0],[136.789039452492887,36.73653920697101,0.0],[136.789144543301688,36.736500326159423,0.0],[136.789205857178104,36.736466908322342,0.0],[136.789315573696712,36.73639683143,0.0],[136.789419202125202,36.736351943698892,0.0],[136.78958761594069,36.736299098026372,0.0],[136.789895530467902,36.736340648260636,0.0],[136.789877509051507,36.736168098384283,0.0],[136.789869415197302,36.736097902978223,0.0],[136.789868208006112,36.73605715468522,0.0],[136.789909779965996,36.73603861238437,0.0],[136.790043282942889,36.73605544591527,0.0],[136.790202705517402,36.736091601157362,0.0],[136.790298163599488,36.736124724131649,0.0],[136.790393385893594,36.736205947307937,0.0],[136.79043080135699,36.736318676819259,0.0],[136.790416190838499,36.736431241852237,0.0],[136.790498674257606,36.73638566629937,0.0],[136.790627587049414,36.736334577817971,0.0],[136.790760439965993,36.736340656190357,0.0],[136.79086641618369,36.736379471510233,0.0],[136.790926167100992,36.736381923097753,0.0],[136.790779423420787,36.736196414879217,0.0],[136.79019292033621,36.735791933276232,0.0],[136.790082931812492,36.735758259564548,0.0],[136.789910485708702,36.735750295048952,0.0],[136.789791319105291,36.735677485032802,0.0],[136.789541114355899,36.735616138552977,0.0],[136.789291814456305,36.73559922392613,0.0],[136.789213940713893,36.735565023998333,0.0],[136.789141162555495,36.735495189331978,0.0],[136.789067655564395,36.735287275662522,0.0],[136.788867197040304,36.735292836195917,0.0],[136.788634345623308,36.735211701018727,0.0],[136.788553458650512,36.735144340182892,0.0],[136.788585942168908,36.735008394445657,0.0],[136.788632081870901,36.734723639682933,0.0],[136.788648066859594,36.734505212593191,0.0],[136.788749315265306,36.734336674033827,0.0],[136.788934372543991,36.734109180369501,0.0],[136.789140867195698,36.733970586415253,0.0],[136.789462682928303,36.733834758462677,0.0],[136.789539632923493,36.733775689356577,0.0],[136.789603754949212,36.733669203988569,0.0],[136.78961033677561,36.733543180171871,0.0],[136.789534101967092,36.733375278901569,0.0],[136.789528075845311,36.733184391279508,0.0],[136.789672705280594,36.732683470808936,0.0],[136.78964473948551,36.732607755589349,0.0],[136.789593163662687,36.732581983483648,0.0],[136.789461563085695,36.732553556040507,0.0],[136.789234063492387,36.732515622142692,0.0],[136.788996977420908,36.732404830808328,0.0],[136.788920335977309,36.73210993776577,0.0],[136.788920814632093,36.732012229454789,0.0],[136.788964631206994,36.73182990370816,0.0],[136.788964891725499,36.731776717061862,0.0],[136.788795720497205,36.731672815169347,0.0],[136.788792906326393,36.731597298550057,0.0],[136.788781118677605,36.731629549593308,0.0],[136.788845159175708,36.731444487134937,0.0],[136.788826498062008,36.731328236085922,0.0],[136.788784280656813,36.7312886381685,0.0],[136.788635136616989,36.73128996516072,0.0],[136.788428032028008,36.731351729322562,0.0],[136.788375157016901,36.731388374709269,0.0],[136.788323850251402,36.73151065510752,0.0],[136.788202970596103,36.73162791263448,0.0],[136.788083364871397,36.73168835384741,0.0],[136.788058893495389,36.731812320025277,0.0],[136.787969094315088,36.731876857295553,0.0],[136.787664465223912,36.731955916662777,0.0],[136.787531893222905,36.732024318748557,0.0],[136.787444993375686,36.732105670573738,0.0],[136.787347580927502,36.732100558519917,0.0],[136.787293925359592,36.73219028115453,0.0],[136.787330688630391,36.732330721752319,0.0],[136.78738455781729,36.732466407105143,0.0],[136.787299858379498,36.732504551127242,0.0],[136.787147707766593,36.732510468231091,0.0],[136.786826104520401,36.732401403725888,0.0],[136.78659445428201,36.732399063654363,0.0],[136.78649714023561,36.732488385145061,0.0],[136.786504675063895,36.732691485498627,0.0],[136.786631033338608,36.732841524622017,0.0],[136.786692079273394,36.733157021361087,0.0],[136.786684796498889,36.73328754700897,0.0],[136.786791546126892,36.733374920075441,0.0],[136.786784620812512,36.733432920403459,0.0],[136.786644459525291,36.733581344287508,0.0],[136.786633097301007,36.733769878424297,0.0],[136.786568487290111,36.733792575380839,0.0],[136.78652792029979,36.733748165898028,0.0],[136.78644721170329,36.733778824903837,0.0],[136.786386512648505,36.733764509957197,0.0],[136.78626851921959,36.73384124108167,0.0],[136.786105220810612,36.733872783991252,0.0],[136.786064231982209,36.733913878645382,0.0],[136.786063840063093,36.733993275552102,0.0],[136.786102574289004,36.734024700144012,0.0],[136.786465696758114,36.733976260963367,0.0],[136.786473435103801,36.734030007548462,0.0],[136.78633338274949,36.734101300674062,0.0],[136.786180124052891,36.734099679798888,0.0],[136.785969641904899,36.734295934906058,0.0],[136.786148133633702,36.734313482657299,0.0],[136.786426052683197,36.734422872640181,0.0],[136.78662992698429,36.734481922946671,0.0],[136.787125202092398,36.734830077950093,0.0],[136.787563488487308,36.735038232492563,0.0],[136.787587365950003,36.735092831578612,0.0],[136.787769423081301,36.735305567185293,0.0],[136.787897689420504,36.735409084372549,0.0],[136.788074635611196,36.735514656930143,0.0],[136.7879456695008,36.735661333513747,0.0],[136.78770236666989,36.735759042940849,0.0],[136.787365351012795,36.735817518392253,0.0],[136.78719138410429,36.73579212385787,0.0],[136.786985772521604,36.735648515029283,0.0],[136.786763009110103,36.735454935941434,0.0],[136.786692805572386,36.735375483109692,0.0],[136.786598859367189,36.735231050385977,0.0],[136.786562628234094,36.735093276199152,0.0],[136.786451946801691,36.73484098660947,0.0],[136.786356286746013,36.734584563308211,0.0],[136.786092905399101,36.734434949209962,0.0],[136.78590644859139,36.734435432480211,0.0],[136.785711049915108,36.734888270280699,0.0],[136.785327906189991,36.735329708945358,0.0],[136.78512801224619,36.73533446651912,0.0],[136.785027124706403,36.735391365187027,0.0],[136.784992884042993,36.735533772255003,0.0],[136.784974019195886,36.735821984424703,0.0],[136.784820089123997,36.736025548226571,0.0],[136.784866721799091,36.736157666965603,0.0],[136.784866721799091,36.736157666965603,0.0]]],[[[136.789563854873592,36.729226477683667,0.0],[136.789391899039714,36.729172786701852,0.0],[136.789306696439894,36.729093221101763,0.0],[136.78929620963919,36.729001155582942,0.0],[136.789243085792407,36.728886146190227,0.0],[136.78905612790561,36.728793920156477,0.0],[136.788947727221199,36.728665635283967,0.0],[136.788843291256001,36.728530056802107,0.0],[136.788782749737692,36.7284749729181,0.0],[136.7884639225245,36.728479687428063,0.0],[136.788333115489195,36.728464002538693,0.0],[136.788232535943507,36.728425549066444,0.0],[136.788161704764605,36.728411543463338,0.0],[136.787952319241214,36.728510672693048,0.0],[136.787778698909506,36.728571411293061,0.0],[136.787569572778807,36.728573399450298,0.0],[136.787472264136312,36.72858952210261,0.0],[136.787204862268197,36.728770369654363,0.0],[136.78704197834719,36.728912614214032,0.0],[136.7869684121587,36.729021551889147,0.0],[136.786951240115599,36.729080161241619,0.0],[136.786907084312588,36.72914885192629,0.0],[136.786836130845899,36.729185048737968,0.0],[136.786744034952903,36.729185320758397,0.0],[136.786906616155392,36.729290528437573,0.0],[136.787108895571606,36.729383872826787,0.0],[136.787178078963592,36.729394781757641,0.0],[136.787296484416004,36.729352888063083,0.0],[136.787411758190899,36.729357216240437,0.0],[136.787532695942701,36.729415760995813,0.0],[136.787676502202288,36.72929559500794,0.0],[136.787822883806399,36.729342336255513,0.0],[136.787623392481692,36.729522346445862,0.0],[136.787588754649505,36.72958240257605,0.0],[136.787608340963686,36.729707676082832,0.0],[136.787583331209788,36.729863703663881,0.0],[136.787512058243294,36.729978931281387,0.0],[136.787363723257101,36.730154078829862,0.0],[136.787333060435003,36.730227156480943,0.0],[136.787334801043812,36.730324878191183,0.0],[136.787380640644301,36.730411059885228,0.0],[136.787436948958288,36.730463275050347,0.0],[136.787703052809007,36.730577950582067,0.0],[136.787815958908595,36.73062384174623,0.0],[136.787950631753802,36.730762490385267,0.0],[136.788014991177789,36.730821234909961,0.0],[136.788078942943287,36.730839430061813,0.0],[136.78819663106799,36.730857587888188,0.0],[136.788327943612302,36.730858005375232,0.0],[136.788586692368796,36.730890625816393,0.0],[136.788832710614088,36.730916522826739,0.0],[136.788905350170211,36.730934640574347,0.0],[136.789074110139808,36.730990071357837,0.0],[136.789209647052303,36.731020493469281,0.0],[136.789341795882393,36.731024874200003,0.0],[136.789624961605597,36.730913160254808,0.0],[136.789787305865389,36.730815716748289,0.0],[136.78998951146761,36.73066326238105,0.0],[136.790045755664295,36.73062286619038,0.0],[136.790217891923191,36.730595400322848,0.0],[136.790403869928213,36.730583984318272,0.0],[136.790744797121789,36.730542932850057,0.0],[136.790876917778093,36.730553865369558,0.0],[136.791221669920304,36.730283392392778,0.0],[136.791444513172507,36.730155631542907,0.0],[136.791938200375796,36.729999452976671,0.0],[136.791968673228098,36.729977229596628,0.0],[136.791996198132892,36.729925280495458,0.0],[136.79199733157489,36.729900079978613,0.0],[136.792031909553401,36.729838762482977,0.0],[136.792147398749393,36.729769203014669,0.0],[136.792202627952406,36.729690065072973,0.0],[136.792227069484312,36.729426844112879,0.0],[136.792316603724487,36.729293783900182,0.0],[136.792466757318493,36.729157661756261,0.0],[136.792492979532,36.729130858451967,0.0],[136.79249722127571,36.729089405396927,0.0],[136.792471259182207,36.729027531537852,0.0],[136.792402933371704,36.728953328417617,0.0],[136.792269904460795,36.728926134239423,0.0],[136.792073936141691,36.728893752754793,0.0],[136.791746520382588,36.728924431756177,0.0],[136.791344644805093,36.729043671117722,0.0],[136.791273500443396,36.728986358820357,0.0],[136.791218108278514,36.728952849313821,0.0],[136.791137807712005,36.728932399007519,0.0],[136.790940545065695,36.728944710596807,0.0],[136.79078630495431,36.728931289456632,0.0],[136.790646019675791,36.728907267133742,0.0],[136.790554970904111,36.728877931712702,0.0],[136.7903836359894,36.728861292789503,0.0],[136.790272273276088,36.728849442155187,0.0],[136.790215258216904,36.728823964925617,0.0],[136.790163836978707,36.728822961448962,0.0],[136.790134370846999,36.728835269760367,0.0],[136.790117933182302,36.728862752369963,0.0],[136.790091749429592,36.728959255609027,0.0],[136.789893859646895,36.72911500786978,0.0],[136.789733388757213,36.729213385736017,0.0],[136.789606866608693,36.729233990340092,0.0],[136.789563854873592,36.729226477683667,0.0],[136.789563854873592,36.729226477683667,0.0]]],[[[136.784693771364601,36.73397124427332,0.0],[136.784562751659195,36.733835661548753,0.0],[136.784147390758989,36.734007106740528,0.0],[136.784072938970809,36.734018994972843,0.0],[136.783982998974693,36.734008519469327,0.0],[136.783910634936888,36.733971543650753,0.0],[136.783759724852104,36.733850807450587,0.0],[136.783567321754902,36.733732767294612,0.0],[136.783453969141902,36.733838495185339,0.0],[136.783347172852899,36.733951904342639,0.0],[136.783133150122808,36.734074129579589,0.0],[136.78306761708771,36.734091477498318,0.0],[136.782838384814312,36.734062383761163,0.0],[136.782767748297204,36.734070958927383,0.0],[136.782611158895406,36.734168888975439,0.0],[136.782528912052499,36.734317325415176,0.0],[136.782436448626896,36.734364280833397,0.0],[136.782301739452009,36.734368426696953,0.0],[136.782247552996608,36.734392681608377,0.0],[136.782241453722008,36.734439477811577,0.0],[136.782402013503997,36.734527991977139,0.0],[136.782584058686211,36.734537916112053,0.0],[136.782792623074499,36.734587255984977,0.0],[136.782880816570611,36.734652006456528,0.0],[136.783022004915807,36.734870806097767,0.0],[136.783147300250505,36.735060780615591,0.0],[136.783259844400988,36.735184727545857,0.0],[136.783361293349714,36.7352849242749,0.0],[136.783479974740089,36.735561703011513,0.0],[136.7835552571741,36.73579893304786,0.0],[136.783755895814892,36.736319710278067,0.0],[136.783802067729312,36.736476411961078,0.0],[136.783813426226203,36.736547162592259,0.0],[136.783959345969492,36.736416527052477,0.0],[136.7839622270223,36.736376588522923,0.0],[136.783999863833913,36.73635463628537,0.0],[136.78410719499891,36.736146327628433,0.0],[136.784361607006389,36.736025479514502,0.0],[136.784405803160695,36.735903390787207,0.0],[136.784356272774403,36.735761290701568,0.0],[136.784293821704409,36.735641246675002,0.0],[136.784408923708497,36.735557643763492,0.0],[136.784453194291501,36.735562312709099,0.0],[136.784656717755894,36.735778569095189,0.0],[136.784769440216195,36.735874000076549,0.0],[136.784814678969411,36.735834020797007,0.0],[136.784798187668514,36.735642866053382,0.0],[136.784752852850289,36.735587657740098,0.0],[136.784750929552587,36.735434337338589,0.0],[136.784803607424095,36.735361089543083,0.0],[136.784939767818997,36.735269048084938,0.0],[136.785029709898311,36.735210659843858,0.0],[136.785091499006398,36.735193583627243,0.0],[136.785200429046313,36.735137789425004,0.0],[136.785304770391605,36.734962941781347,0.0],[136.785061491870408,36.734824085351619,0.0],[136.785099044433792,36.73475310141523,0.0],[136.7851450018577,36.734713438825843,0.0],[136.78539971577041,36.734814417037768,0.0],[136.785843095692286,36.734296624119082,0.0],[136.785857414189906,36.734244902791218,0.0],[136.785939219931691,36.734194235492403,0.0],[136.785934481985606,36.733990288859268,0.0],[136.785977917641702,36.733886779957643,0.0],[136.785955640543989,36.733858716301057,0.0],[136.785865195749011,36.733808063884311,0.0],[136.785626349603888,36.733768818789869,0.0],[136.785459752704014,36.733763192577513,0.0],[136.78543112501589,36.733786779199257,0.0],[136.785433743677402,36.733904580780219,0.0],[136.785304531470388,36.733874174640498,0.0],[136.785016894364105,36.733749323108512,0.0],[136.784693771364601,36.73397124427332,0.0],[136.784693771364601,36.73397124427332,0.0]]],[[[136.788343447179386,36.725666543181752,0.0],[136.788850311081205,36.72563928745241,0.0],[136.789003215431791,36.725653838770967,0.0],[136.789162899500297,36.725713283472359,0.0],[136.789309078886504,36.725721669530337,0.0],[136.789418870669294,36.725695987052227,0.0],[136.789518709772892,36.72565310401184,0.0],[136.789542350802492,36.72559159122423,0.0],[136.789574465646297,36.725530071031798,0.0],[136.7896373517558,36.725478251584391,0.0],[136.789672475147995,36.725411138981002,0.0],[136.789678936737886,36.725309522938247,0.0],[136.789722123724999,36.725220027303763,0.0],[136.789724495276204,36.725141607129451,0.0],[136.789684187668911,36.725048800975102,0.0],[136.789589325761114,36.72493070350157,0.0],[136.789501884203986,36.724921623448331,0.0],[136.789418505299892,36.724894950193978,0.0],[136.789196152045491,36.724845419568076,0.0],[136.789094712095107,36.724837463689752,0.0],[136.788927667163989,36.724863653617923,0.0],[136.788765870119192,36.724979947496308,0.0],[136.788738228538506,36.725008107218002,0.0],[136.788659456912399,36.725019308738787,0.0],[136.788597688312109,36.725044305845479,0.0],[136.788521994658993,36.725201335314033,0.0],[136.788450278197587,36.725320968197977,0.0],[136.788479454521109,36.725560019067373,0.0],[136.788446029600806,36.725607247038212,0.0],[136.788343447179386,36.725666543181752,0.0],[136.788343447179386,36.725666543181752,0.0]]]]}},{"type":"Feature","properties":{"口座番号":"472"},"geometry":{"type":"MultiPolygon","coordinates":[[[[136.791816520580397,36.72423431788436,0.0],[136.792005863557108,36.724184266986029,0.0],[136.792178827099491,36.724177454724092,0.0],[136.79244771833001,36.724249037197808,0.0],[136.79253329536769,36.72428722007588,0.0],[136.7927374431099,36.724373310608478,0.0],[136.792797628022811,36.724284089830462,0.0],[136.792933963541998,36.724147572982098,0.0],[136.792983934763612,36.724135280574671,0.0],[136.793210379037504,36.723971883824241,0.0],[136.793300054838312,36.72388954501757,0.0],[136.79336519838651,36.723792416968578,0.0],[136.793369405377888,36.723649260495847,0.0],[136.793350257544404,36.723538851904543,0.0],[136.793385288258207,36.723417861803583,0.0],[136.793375100519995,36.723198831545332,0.0],[136.793403930760093,36.723051791462147,0.0],[136.793475954889601,36.72298524221079,0.0],[136.793522093021807,36.722893147202747,0.0],[136.793493353953693,36.722876080127918,0.0],[136.793267452038606,36.722927999590887,0.0],[136.793184762269703,36.722874546293703,0.0],[136.793100566758511,36.722841460946732,0.0],[136.793051306034698,36.722852623719469,0.0],[136.792953256159393,36.72292248676127,0.0],[136.792817420204699,36.723101445873631,0.0],[136.792704997763792,36.723090907257408,0.0],[136.792507226335914,36.722995216295949,0.0],[136.792302816088693,36.722964015375993,0.0],[136.792198400942198,36.722896912744503,0.0],[136.79201445435811,36.722622341102422,0.0],[136.792085697303008,36.722486516987473,0.0],[136.792106233253207,36.722352132920143,0.0],[136.791856245037394,36.722242506971462,0.0],[136.791733687069097,36.722131064982257,0.0],[136.791573801402507,36.722051337754898,0.0],[136.790859843287905,36.722023970870048,0.0],[136.790787057660111,36.721664810147203,0.0],[136.79063065282071,36.721542466347273,0.0],[136.790384553944705,36.72140828172595,0.0],[136.790154717949292,36.721240977227737,0.0],[136.789918378035907,36.721116918756401,0.0],[136.789752836253996,36.721044526847471,0.0],[136.789635406530209,36.721041990244103,0.0],[136.789567907191298,36.721055824472437,0.0],[136.789470603779307,36.721116632579403,0.0],[136.7894086710034,36.721131715408468,0.0],[136.789205773018409,36.721104330589966,0.0],[136.789068100970411,36.721058767687417,0.0],[136.788992416012803,36.721065718320631,0.0],[136.788837254928211,36.721153791350147,0.0],[136.788767351113904,36.721259864368292,0.0],[136.788673698774005,36.72139122375993,0.0],[136.788628265742688,36.721533530009033,0.0],[136.788516259996413,36.721669223471622,0.0],[136.788518322462295,36.72172897929012,0.0],[136.788618999169813,36.72180159678846,0.0],[136.788543152992901,36.721861377303483,0.0],[136.788446391537207,36.721929094049848,0.0],[136.788224953084608,36.721877972078659,0.0],[136.788077169451611,36.722011150539792,0.0],[136.788026874633601,36.722078771398493,0.0],[136.788038731488001,36.722167884620802,0.0],[136.788083008673993,36.722214625174189,0.0],[136.788216555103787,36.722259175751923,0.0],[136.788369272054098,36.722455958059818,0.0],[136.788596296499804,36.722662588506132,0.0],[136.788707817972693,36.72278364520367,0.0],[136.788815264878991,36.722922740076811,0.0],[136.78893347431881,36.722951806155542,0.0],[136.789037527355191,36.723019360198023,0.0],[136.789167283553297,36.723116606692237,0.0],[136.789240965810308,36.723125144992132,0.0],[136.789393356197508,36.723237366299657,0.0],[136.789411098623191,36.723268634104272,0.0],[136.789393657485789,36.723379018375489,0.0],[136.789385720721413,36.723440242081473,0.0],[136.789436796742507,36.723502399027012,0.0],[136.78953824945819,36.72360058458915,0.0],[136.789735888966987,36.723735429466601,0.0],[136.789858310066194,36.723849605514083,0.0],[136.790001374476304,36.723929138504893,0.0],[136.790232370630008,36.724060316548261,0.0],[136.790394843492095,36.724176871722662,0.0],[136.790770419690688,36.724424546229493,0.0],[136.79090180055141,36.724449831724939,0.0],[136.791110415744413,36.724425619470587,0.0],[136.79120605558569,36.724391618483118,0.0],[136.791520484543099,36.724278364555893,0.0],[136.791512177886403,36.724271875806323,0.0],[136.791565871652892,36.724250872026168,0.0],[136.791816520580397,36.72423431788436,0.0],[136.791816520580397,36.72423431788436,0.0]],[[136.791267953537414,36.722086850908163,0.0],[136.791476470071103,36.722087108208193,0.0],[136.791593684455307,36.722106184015203,0.0],[136.791733687069097,36.722131064982257,0.0],[136.791267953537414,36.722086850908163,0.0],[136.791267953537414,36.722086850908163,0.0]]]]}},{"type":"Feature","properties":{"口座番号":"472"},"geometry":{"type":"MultiPolygon","coordinates":[[[[136.7656494913806,36.704935010346396,0.0],[136.765571534841712,36.705039073714467,0.0],[136.76548630329259,36.705103888208171,0.0],[136.765418290542499,36.705122539367828,0.0],[136.765339966954798,36.705121231758874,0.0],[136.765148349948788,36.705084218188283,0.0],[136.765096751077209,36.705138109598998,0.0],[136.765074828107686,36.705176244289021,0.0],[136.764910894181497,36.705339917045087,0.0],[136.764829133187305,36.705451043385168,0.0],[136.764748704364706,36.705635368707611,0.0],[136.76466439877359,36.705729944611967,0.0],[136.764549201595798,36.705804097416447,0.0],[136.764518440151392,36.705811154530373,0.0],[136.764479462158505,36.70584357459223,0.0],[136.76441303925219,36.705867112402721,0.0],[136.764391988889599,36.70602784251485,0.0],[136.764400244198413,36.706072791261022,0.0],[136.764436946545089,36.706089190237037,0.0],[136.764483906594393,36.70607665443503,0.0],[136.764563707627303,36.706123471534497,0.0],[136.764619245594901,36.706183363419221,0.0],[136.764718737616306,36.706253033124987,0.0],[136.764774236983811,36.706308556637808,0.0],[136.764919263693514,36.706380494124971,0.0],[136.765039473780007,36.706406294044598,0.0],[136.765196828052012,36.706406449889649,0.0],[136.76506869024351,36.706220809878388,0.0],[136.76507424655199,36.706162887978067,0.0],[136.765264656301412,36.706162879463541,0.0],[136.76532644628179,36.706175131566752,0.0],[136.765483733459604,36.706169802036158,0.0],[136.765523260157607,36.706109716323652,0.0],[136.765520602161104,36.706076504958681,0.0],[136.765460836384506,36.706063934440813,0.0],[136.765342013124297,36.70605800050523,0.0],[136.7653437996793,36.706025454793192,0.0],[136.765454952401086,36.705873816804043,0.0],[136.765495584708589,36.705835927140619,0.0],[136.765530826635313,36.705822374523763,0.0],[136.765633117235296,36.705742317617577,0.0],[136.76571379893781,36.705697669420218,0.0],[136.765801270376187,36.70566866832327,0.0],[136.765885812607593,36.705658862104713,0.0],[136.765926750413996,36.705638166621767,0.0],[136.765969043025109,36.705591497379231,0.0],[136.766098261493909,36.705583147225873,0.0],[136.766258045925696,36.705539995841377,0.0],[136.766385340370192,36.705471415484553,0.0],[136.766427548576388,36.705439657229249,0.0],[136.766376868988914,36.705390009455797,0.0],[136.766263686227603,36.705302805278542,0.0],[136.766133170219604,36.705213176098631,0.0],[136.76582687890479,36.705030510657778,0.0],[136.7656494913806,36.704935010346396,0.0],[136.7656494913806,36.704935010346396,0.0]]]]}},{"type":"Feature","properties":{"口座番号":"561"},"geometry":{"type":"MultiPolygon","coordinates":[[[[136.793064702561708,37.046798246653502,0.0],[136.793086425625887,37.046879137401064,0.0],[136.793074623242688,37.047018164555261,0.0],[136.793170397502394,37.047238961036797,0.0],[136.793200037997508,37.047315446580008,0.0],[136.793223704049296,37.047430072929927,0.0],[136.793236942746802,37.047487089539317,0.0],[136.793247363420704,37.047520373339488,0.0],[136.793269601708403,37.047593247144817,0.0],[136.793277475487287,37.047626400368287,0.0],[136.793299911738586,37.047729105887861,0.0],[136.793379086361313,37.047813831560859,0.0],[136.793424692526997,37.047902560869112,0.0],[136.793424999113597,37.04791043616909,0.0],[136.7933678495599,37.048003424585843,0.0],[136.793373249971609,37.048008355602853,0.0],[136.793448100750396,37.047999228038258,0.0],[136.793528744933099,37.048039228258169,0.0],[136.793537159442593,37.048105954072938,0.0],[136.793542611349693,37.048151127440647,0.0],[136.793530376125204,37.048201398013859,0.0],[136.7934594438305,37.048271710491001,0.0],[136.79342594281789,37.048326848906321,0.0],[136.793273091327507,37.048374521419227,0.0],[136.793203898551297,37.048474297229347,0.0],[136.793200014894808,37.048495037814021,0.0],[136.793211006209788,37.0485520806849,0.0],[136.793253403402787,37.048821304959013,0.0],[136.793261908342799,37.048851866625618,0.0],[136.793272161537004,37.048877837878877,0.0],[136.793275978937203,37.048902754344851,0.0],[136.793282751162991,37.048949427798803,0.0],[136.793299377595389,37.049011495235739,0.0],[136.79330264767961,37.04902076494335,0.0],[136.793323027405108,37.04905198757691,0.0],[136.793352993153889,37.049098734010222,0.0],[136.793373067837194,37.049141517554531,0.0],[136.79339638798109,37.049173582999572,0.0],[136.793408951532399,37.04919957953193,0.0],[136.793437526371804,37.049262456831897,0.0],[136.793448912088394,37.049315010435933,0.0],[136.793447360489097,37.049363936725072,0.0],[136.793383608524806,37.049558762433371,0.0],[136.793377236320794,37.049608989245101,0.0],[136.793384507253108,37.049643387758998,0.0],[136.7934173891868,37.049720308765757,0.0],[136.793470707333,37.049884033367952,0.0],[136.793631999369609,37.049818013415177,0.0],[136.793831311706214,37.049620634435087,0.0],[136.794076959219694,37.049501444672238,0.0],[136.794098565713796,37.04945060781597,0.0],[136.794231537551809,37.04913983413114,0.0],[136.794305581155186,37.049192810525682,0.0],[136.79425633724,37.049317405306077,0.0],[136.794230562607993,37.049399421850829,0.0],[136.794233988226608,37.049458340514462,0.0],[136.794234688745604,37.049485243232233,0.0],[136.794259536377012,37.049592965659123,0.0],[136.794260940846414,37.049664251799477,0.0],[136.794195307550211,37.049752088159948,0.0],[136.794182377423311,37.049756168567932,0.0],[136.794181244940489,37.049764057368748,0.0],[136.79421119735261,37.049769061823973,0.0],[136.794341332631689,37.049768337540549,0.0],[136.794398776590612,37.049756672959937,0.0],[136.7944607596597,37.049744239484298,0.0],[136.79464432320421,37.049713809933699,0.0],[136.794693292122986,37.049803299041699,0.0],[136.794653747176397,37.04992822807472,0.0],[136.794656533379595,37.049940162758233,0.0],[136.794727976782099,37.049985697065281,0.0],[136.794871848280906,37.05005311589855,0.0],[136.794916939013291,37.050094859231749,0.0],[136.794928702111292,37.050105769482528,0.0],[136.795014393762102,37.050256955157309,0.0],[136.795040932970608,37.050288958266883,0.0],[136.795107604948612,37.050347043167392,0.0],[136.795122108090908,37.050360706912208,0.0],[136.7951371159823,37.050424435256453,0.0],[136.795142147287009,37.050439642760878,0.0],[136.795188623343506,37.050490882241199,0.0],[136.795242091130092,37.050538731802227,0.0],[136.795296050665513,37.050544049047197,0.0],[136.795366090068597,37.050522565642567,0.0],[136.795572189437308,37.050402076614773,0.0],[136.795661250514598,37.050176888623533,0.0],[136.795673751518194,37.050143398268567,0.0],[136.795811720996113,37.050015456731032,0.0],[136.79582653075019,37.050000776272547,0.0],[136.79585698730051,37.04997383667871,0.0],[136.795977546331102,37.04988362344816,0.0],[136.795981867342903,37.049872450853712,0.0],[136.79599094263321,37.049898337085367,0.0],[136.796064282068812,37.049845424816077,0.0],[136.796191532572891,37.049955260886833,0.0],[136.796226353783794,37.049993954572848,0.0],[136.796611682923299,37.049927279051033,0.0],[136.7969090736498,37.049966133397596,0.0],[136.797016021869297,37.049980714005542,0.0],[136.797243954133108,37.050010791862178,0.0],[136.797322774433411,37.050020146191947,0.0],[136.797558084250994,37.050121790383884,0.0],[136.797673813041712,37.050217989617941,0.0],[136.797741431451101,37.050292783487862,0.0],[136.79778414420079,37.050366727588361,0.0],[136.797960111164514,37.050506640736913,0.0],[136.797955172915891,37.05066684166303,0.0],[136.797944804697607,37.050720975441827,0.0],[136.797948446925687,37.050721080482241,0.0],[136.797943941515712,37.050757404840603,0.0],[136.797912626019496,37.050819052262902,0.0],[136.797901063031304,37.050851721206627,0.0],[136.797839419182907,37.05103724055094,0.0],[136.79791513287779,37.051040120812537,0.0],[136.797969355020513,37.051045185333969,0.0],[136.798105445123412,37.051047361846919,0.0],[136.7982164002687,37.050998599599247,0.0],[136.798303575260604,37.050980279381363,0.0],[136.79833301931501,37.050954765250523,0.0],[136.798361478437187,37.050861549339508,0.0],[136.798380999156308,37.05077185083514,0.0],[136.798387165887704,37.050707643429433,0.0],[136.798399577079209,37.050675059976577,0.0],[136.798437507905788,37.050613794320988,0.0],[136.798464121841107,37.050563392155347,0.0],[136.798533156130787,37.050461418484844,0.0],[136.79854527806279,37.050450295235621,0.0],[136.798612090176107,37.050400316042243,0.0],[136.798682408143094,37.050343503376837,0.0],[136.798710515805396,37.050322720597883,0.0],[136.798746721077094,37.050301611472257,0.0],[136.798761430998809,37.050287709840447,0.0],[136.798875952469501,37.050236753788688,0.0],[136.79906282482861,37.050188956003701,0.0],[136.79905946023419,37.05021288038116,0.0],[136.799096892468611,37.050214979813077,0.0],[136.799130803200711,37.050195207089651,0.0],[136.799328661434714,37.05020442505149,0.0],[136.799406563676314,37.050220540161227,0.0],[136.799492772337402,37.050242235676293,0.0],[136.799601706720296,37.050264568273079,0.0],[136.799706279015311,37.050291781476247,0.0],[136.799744098300806,37.050298969849187,0.0],[136.799791690423007,37.050304195066339,0.0],[136.799877891353589,37.050297401013538,0.0],[136.799905849488511,37.050248741913393,0.0],[136.8004252611087,37.050254834264123,0.0],[136.80046031326259,37.050260211547119,0.0],[136.80047989974301,37.05026439390852,0.0],[136.800625092116206,37.050283391438519,0.0],[136.800651240282605,37.050293133445663,0.0],[136.800823728962598,37.050384158131017,0.0],[136.800975053745589,37.050464747686178,0.0],[136.800991698131611,37.050472421900011,0.0],[136.801008740617789,37.05047773269532,0.0],[136.801017713765702,37.050477706281683,0.0],[136.801023582576192,37.050472555317107,0.0],[136.801160315465211,37.050326430947187,0.0],[136.80125988216281,37.05019974982045,0.0],[136.801291697800508,37.050152295407351,0.0],[136.80136001928949,37.050028811700443,0.0],[136.801383444914507,37.049987544923809,0.0],[136.801437598060687,37.04989709371516,0.0],[136.801479096272089,37.049881226773181,0.0],[136.801490226334096,37.049882718207989,0.0],[136.801504469712711,37.049893563350857,0.0],[136.801550890060611,37.049817139172113,0.0],[136.801600118228009,37.049713131900639,0.0],[136.801661310158806,37.049606931945227,0.0],[136.8016611231848,37.049598551484017,0.0],[136.801654396464187,37.049596464428802,0.0],[136.801627335534107,37.049555490136811,0.0],[136.801651946122206,37.049517455805152,0.0],[136.801713326591397,37.049429594102428,0.0],[136.801760333615192,37.049370956030778,0.0],[136.801808195880596,37.04930086412346,0.0],[136.801833402268898,37.049261868244407,0.0],[136.801859772813287,37.049215474712547,0.0],[136.801858737100304,37.049205426297647,0.0],[136.801849972992102,37.049193989762081,0.0],[136.801760364001495,37.049134931516683,0.0],[136.801702602703301,37.049113175568188,0.0],[136.801681178380107,37.049101923561352,0.0],[136.801580023750887,37.049089483613287,0.0],[136.801422426908289,37.049044228914568,0.0],[136.801193441036105,37.048905168648119,0.0],[136.801133663171896,37.048894421990319,0.0],[136.801130798199097,37.048880656955873,0.0],[136.801124874798688,37.048865803809583,0.0],[136.801109818687507,37.048847717998477,0.0],[136.801097147390806,37.048836383815313,0.0],[136.801064772254307,37.048811418344648,0.0],[136.8010514705785,37.04880025073092,0.0],[136.80104163691729,37.04878658227048,0.0],[136.801034669875008,37.048772972207502,0.0],[136.800986239104702,37.048582310502603,0.0],[136.800970265918494,37.048512385318261,0.0],[136.800966661041912,37.048488346576129,0.0],[136.800967903869804,37.048457307245393,0.0],[136.800975692685711,37.048430146858969,0.0],[136.800987820899394,37.048410541655592,0.0],[136.801000453706394,37.048395664590657,0.0],[136.801015958352991,37.048383268257467,0.0],[136.801221899836008,37.048375188570773,0.0],[136.801241605214614,37.048389185707357,0.0],[136.801289638400505,37.048423194734021,0.0],[136.801362697112097,37.04851905261819,0.0],[136.801453354236912,37.048627106861439,0.0],[136.801622528707895,37.048760479229507,0.0],[136.801870687215711,37.048755059667513,0.0],[136.80188097643881,37.048738639726658,0.0],[136.801894048351187,37.048709273263732,0.0],[136.801908665550712,37.048668045074578,0.0],[136.801918855870611,37.048629998787007,0.0],[136.801919648572607,37.048590743087139,0.0],[136.801909282395997,37.048539140529819,0.0],[136.801858510585987,37.048344359076559,0.0],[136.801853596100813,37.048295564168512,0.0],[136.801828948968989,37.048180905869003,0.0],[136.80180536985381,37.048051707023269,0.0],[136.801793058463289,37.04796495502562,0.0],[136.80184835927551,37.047902094340017,0.0],[136.801963170305697,37.047769932620469,0.0],[136.801999635075589,37.047782970047813,0.0],[136.802023200892904,37.047738970338862,0.0],[136.802040993829195,37.047701273620667,0.0],[136.802068785795996,37.047631863358284,0.0],[136.802101497187209,37.047563213464571,0.0],[136.802118378399314,37.04751796761613,0.0],[136.802189336712786,37.047351754846233,0.0],[136.802209633719286,37.047309948391273,0.0],[136.802216821597312,37.047271035841973,0.0],[136.802181498568189,37.04720688817735,0.0],[136.802133559805412,37.047124763243282,0.0],[136.802054245711787,37.046981514393167,0.0],[136.801988729655392,37.046852153327087,0.0],[136.801976142993794,37.046808129903482,0.0],[136.801955399701512,37.046693196131827,0.0],[136.801942285550609,37.046540434368467,0.0],[136.801935729285105,37.046487737784602,0.0],[136.801928997418599,37.046469864201043,0.0],[136.801893661627986,37.046445161996992,0.0],[136.801859192635789,37.046429389342457,0.0],[136.801836057393103,37.046419663170937,0.0],[136.801773757615592,37.046378118232212,0.0],[136.801502431955498,37.046364262581513,0.0],[136.801488448313194,37.046341812188253,0.0],[136.801467718814308,37.046317577457977,0.0],[136.801426279542198,37.046277669972127,0.0],[136.80141351214769,37.046265822762663,0.0],[136.801346888145702,37.046192064924369,0.0],[136.80134315317639,37.046186020154863,0.0],[136.801328854323202,37.046151711302933,0.0],[136.801325426079813,37.046129286183167,0.0],[136.801318410933192,37.046050687897612,0.0],[136.80130802066239,37.045938586687917,0.0],[136.801292459503003,37.045765152790381,0.0],[136.801287476644291,37.045731903547868,0.0],[136.801322551622206,37.045670402822537,0.0],[136.801343918481109,37.045669740478438,0.0],[136.801337842307305,37.045562240356013,0.0],[136.801347880715213,37.045364431385558,0.0],[136.801324368385309,37.04527981751103,0.0],[136.801304099075907,37.045241499026233,0.0],[136.801107038785887,37.045198627591724,0.0],[136.800799734660103,37.045414312133182,0.0],[136.800740750494413,37.04545286300754,0.0],[136.800660978268013,37.045459093585933,0.0],[136.800540249993986,37.045454204473977,0.0],[136.800420318784802,37.045413985899827,0.0],[136.800211627774388,37.045286363481772,0.0],[136.800141624808504,37.045175519877262,0.0],[136.800120440254005,37.045138760975973,0.0],[136.800063873245392,37.045046117217403,0.0],[136.800023754746292,37.04497428519894,0.0],[136.79997619021799,37.044930822118253,0.0],[136.799920059045888,37.044873374461972,0.0],[136.799868836982199,37.04471180293686,0.0],[136.799740467245698,37.044502597180177,0.0],[136.799495342663988,37.044414759697368,0.0],[136.799285573246408,37.044480081606473,0.0],[136.799184576748104,37.044498694106018,0.0],[136.799198216073592,37.044483214760071,0.0],[136.799213138862399,37.044473878093612,0.0],[136.799259848448713,37.044406500584238,0.0],[136.799330025775191,37.044281494399897,0.0],[136.799358307051904,37.04422440691885,0.0],[136.799407791445589,37.044125643302607,0.0],[136.799732039837295,37.043489654773794,0.0],[136.799756818583205,37.043431880485933,0.0],[136.799766324122686,37.043385528036232,0.0],[136.799766568815187,37.04333468259717,0.0],[136.799755935388106,37.043293973117777,0.0],[136.799746455008091,37.043270628967257,0.0],[136.799723752325008,37.043230378698972,0.0],[136.799703667647606,37.043204195533342,0.0],[136.799690593876306,37.043190532248708,0.0],[136.799626193233706,37.043206468324122,0.0],[136.799583256843704,37.043191562761251,0.0],[136.799591773460406,37.043105923861347,0.0],[136.799542359358298,37.043061410428692,0.0],[136.799471014764805,37.042984663971673,0.0],[136.79945352518331,37.042606207885299,0.0],[136.799820504282991,37.042067647729581,0.0],[136.799912797350288,37.041569495476217,0.0],[136.799897665585689,37.04137633168277,0.0],[136.799924812864191,37.041192898641647,0.0],[136.799981373588594,37.041182911061597,0.0],[136.800310574600104,37.041177627079783,0.0],[136.8003071387636,37.040981888772798,0.0],[136.800371347786808,37.040732341005047,0.0],[136.800444716228299,37.04057963321528,0.0],[136.800512135278012,37.040390427106672,0.0],[136.800500570620898,37.040247278895848,0.0],[136.800440420456908,37.040198687372992,0.0],[136.800382033604393,37.040178993395351,0.0],[136.800400135782496,37.040153473418073,0.0],[136.800630317280991,37.039867250377313,0.0],[136.801160839348114,37.039215690705809,0.0],[136.801289969024708,37.039080190563958,0.0],[136.801448708950289,37.038993495511008,0.0],[136.801597557410389,37.038826716026463,0.0],[136.801752241656487,37.038670743904419,0.0],[136.801874811820994,37.03854569353161,0.0],[136.802136588407592,37.038334753921887,0.0],[136.802263751273102,37.038237307212263,0.0],[136.803145551653103,37.037501375785759,0.0],[136.803206402715801,37.037443871625094,0.0],[136.803320201289296,37.037307331877741,0.0],[136.803404904235407,37.037224141840703,0.0],[136.803556326594389,37.037009760230937,0.0],[136.803681836920987,37.036761059505068,0.0],[136.803736163566413,37.036334921117849,0.0],[136.803640027184287,37.036032858514098,0.0],[136.803578608437391,37.035947365689282,0.0],[136.803598757376193,37.035492677536197,0.0],[136.803746258363503,37.035039953259002,0.0],[136.803790622266007,37.035008960096143,0.0],[136.803961805756387,37.034851548503788,0.0],[136.804006859695903,37.034780595329487,0.0],[136.803994787391701,37.034665919782377,0.0],[136.803867819120313,37.034378966549141,0.0],[136.803871317689612,37.03427560311836,0.0],[136.803832415755892,37.033965960147569,0.0],[136.803730761661512,37.03376334552636,0.0],[136.803709141182196,37.033534339992883,0.0],[136.803731530203493,37.033425164161358,0.0],[136.803511442322389,37.032658098967033,0.0],[136.803361788390589,37.032644153159772,0.0],[136.803143502224401,37.032559191682353,0.0],[136.803036086110694,37.032628050209482,0.0],[136.803020105152711,37.032683567816598,0.0],[136.803010521840605,37.033110449751007,0.0],[136.803056491063899,37.033167184527251,0.0],[136.803061954350312,37.033256214488532,0.0],[136.802972839151408,37.033599857391557,0.0],[136.802976031213888,37.033812285560231,0.0],[136.803103846953292,37.034038698673697,0.0],[136.803128048720509,37.034036633465163,0.0],[136.803172165292892,37.034133874264157,0.0],[136.80328518684351,37.034245486946709,0.0],[136.803358627933505,37.034417821209587,0.0],[136.80344624462299,37.034731118058588,0.0],[136.803422938737413,37.034799690042121,0.0],[136.803384420036991,37.03483043061582,0.0],[136.803202159490013,37.035043364089852,0.0],[136.80317303660641,37.03512789130037,0.0],[136.802983411598092,37.035374628785867,0.0],[136.802882092033286,37.035365186721009,0.0],[136.802473642118713,37.035579461992647,0.0],[136.802468747334814,37.035608057061708,0.0],[136.802513674865992,37.035665891851991,0.0],[136.802591958531394,37.035713815264486,0.0],[136.802639715974806,37.035801698925603,0.0],[136.802827010074992,37.035929001093507,0.0],[136.802952659942207,37.036022369110569,0.0],[136.802837661972688,37.036064931688628,0.0],[136.802762358512496,37.036140517324249,0.0],[136.802808488675794,37.036167395366647,0.0],[136.802773743375809,37.036372293247119,0.0],[136.802712553745891,37.036481300266637,0.0],[136.802579200273897,37.036631093214581,0.0],[136.802403380800001,37.036580963551224,0.0],[136.802360912316004,37.036630899920453,0.0],[136.802514485937195,37.03685548308804,0.0],[136.802537170928304,37.036838148567313,0.0],[136.802856977251395,37.036986893976369,0.0],[136.802692537986587,37.03718576001031,0.0],[136.802605241131488,37.037231485689638,0.0],[136.802143039164207,37.0370006083077,0.0],[136.801400719456211,37.036543343273777,0.0],[136.801369970370189,37.036583608948959,0.0],[136.801443547732504,37.036797458566753,0.0],[136.801395165673199,37.037121982015947,0.0],[136.801005124629995,37.037418166734447,0.0],[136.800686036548086,37.037652528544669,0.0],[136.800881455083299,37.0377724900072,0.0],[136.800755606371411,37.037879323089697,0.0],[136.800636635503793,37.038165125422907,0.0],[136.800427180908201,37.038305843414037,0.0],[136.800349701979002,37.038458217752662,0.0],[136.800132412333596,37.038554440504463,0.0],[136.80000467108249,37.038529769434383,0.0],[136.799857859355001,37.038622375009737,0.0],[136.799814800473513,37.0387998184653,0.0],[136.799816395695899,37.038990463206737,0.0],[136.799644018038691,37.039204948142419,0.0],[136.799594816766898,37.039444823884111,0.0],[136.799556126260796,37.03945089966556,0.0],[136.799450810930409,37.039618412372207,0.0],[136.799493802264692,37.039649966212068,0.0],[136.799394062294795,37.03998200491494,0.0],[136.799313413787502,37.040148185318451,0.0],[136.799152721055691,37.040065755008207,0.0],[136.799031009337796,37.040011093797283,0.0],[136.798812974447088,37.040132136974492,0.0],[136.798717983149601,37.040274916200786,0.0],[136.798655707626295,37.040434695398972,0.0],[136.798710543065908,37.040614648927829,0.0],[136.798714614985414,37.040816796511841,0.0],[136.798478603558408,37.040967782054793,0.0],[136.797972358270613,37.041016848964297,0.0],[136.797735821513101,37.0407011948449,0.0],[136.797388317403488,37.040545014959847,0.0],[136.797076073960397,37.040577085620349,0.0],[136.796859736981986,37.040780737210177,0.0],[136.796812872440114,37.041077302926801,0.0],[136.796521600924194,37.041294207043997,0.0],[136.796251199941992,37.041543544393903,0.0],[136.796186985437714,37.041774643983928,0.0],[136.796183033061396,37.042068645304298,0.0],[136.796048813875899,37.042337289329893,0.0],[136.795910324044911,37.042792038384597,0.0],[136.795940676474402,37.043123909977233,0.0],[136.795965871514198,37.043132755190783,0.0],[136.796082989772088,37.043267315603259,0.0],[136.796135250443911,37.043419206349299,0.0],[136.796150977243201,37.043471853508393,0.0],[136.796166707137388,37.043697133318751,0.0],[136.796397917796611,37.043724154572629,0.0],[136.796675910478513,37.043507362659703,0.0],[136.796900000689391,37.043406082306667,0.0],[136.796966430931803,37.043239518713847,0.0],[136.797002929146487,37.043207707013899,0.0],[136.7970314933917,37.043228871453223,0.0],[136.797069554451497,37.043250575526493,0.0],[136.797104988125199,37.043258863934341,0.0],[136.79713410220549,37.043264012830562,0.0],[136.797148701251587,37.043263719462757,0.0],[136.797174005613499,37.043265819572319,0.0],[136.797282210741997,37.043272195175597,0.0],[136.797283074637903,37.043316406107543,0.0],[136.797341585909294,37.043373634434239,0.0],[136.797355454279312,37.043378208639169,0.0],[136.797419492701096,37.043444383732847,0.0],[136.797439174961909,37.043469247631947,0.0],[136.797462461165196,37.043516446295648,0.0],[136.79746428707881,37.043522900683527,0.0],[136.7974962878084,37.04355970813873,0.0],[136.7975861867383,37.043652750605261,0.0],[136.7975971902396,37.04366346178584,0.0],[136.797756875782795,37.043843730951131,0.0],[136.797756026898213,37.043871168653972,0.0],[136.797763860760995,37.043925211285313,0.0],[136.797766734289894,37.043967016050978,0.0],[136.797820741880201,37.044102522069018,0.0],[136.797852346609602,37.044158528322768,0.0],[136.797880871110692,37.044166882433828,0.0],[136.797858899463904,37.044210843043118,0.0],[136.797474592338403,37.044272086526043,0.0],[136.7974560991548,37.044270924156173,0.0],[136.797110967979592,37.044045012782988,0.0],[136.796765564451107,37.04437056748759,0.0],[136.79679235925579,37.044492359063391,0.0],[136.796896879672602,37.04452356312305,0.0],[136.797006225942397,37.044511971593742,0.0],[136.797055838605303,37.044496401809688,0.0],[136.797083759163911,37.044504118011233,0.0],[136.797111725953698,37.044502298269251,0.0],[136.797184424184792,37.044476299111643,0.0],[136.797349966035597,37.044563597183988,0.0],[136.797531771681292,37.04460898578948,0.0],[136.797689539967308,37.044700299104633,0.0],[136.797883341360404,37.04473851158788,0.0],[136.79794904082479,37.044798155430058,0.0],[136.7981238239947,37.04481967930036,0.0],[136.798021798827392,37.044882780610394,0.0],[136.797673869934897,37.044869778491197,0.0],[136.797568176575396,37.044903506389787,0.0],[136.797640202244992,37.044943105742952,0.0],[136.797639316714992,37.045003184259969,0.0],[136.797518106951088,37.045049630590768,0.0],[136.797221214919091,37.044906655649349,0.0],[136.797092474160792,37.044982737989891,0.0],[136.797008088004588,37.045041669628318,0.0],[136.796847909145413,37.045016248862773,0.0],[136.796694236002509,37.045045777502892,0.0],[136.79659714907919,37.045305284675599,0.0],[136.796420335663214,37.045398878165848,0.0],[136.796353734628099,37.045428003981407,0.0],[136.796254400131602,37.045549091013832,0.0],[136.796087269528499,37.045635342739601,0.0],[136.79599504503571,37.045786727138918,0.0],[136.795989216983713,37.045890780330957,0.0],[136.795962292382598,37.045978024047962,0.0],[136.795817165641012,37.046066246482731,0.0],[136.795615156750813,37.046260499800411,0.0],[136.795444415554101,37.046262846702227,0.0],[136.795176126689199,37.046519419762141,0.0],[136.79520227991739,37.046523792974,0.0],[136.79533282077,37.046469366019458,0.0],[136.795540248615708,37.046506731023612,0.0],[136.795743438299496,37.046559341761053,0.0],[136.795755865704109,37.046572731301509,0.0],[136.795949838259503,37.046685869933711,0.0],[136.795987025630808,37.046623044591428,0.0],[136.795934826042611,37.046560390537223,0.0],[136.796002629558814,37.046203275232671,0.0],[136.796015084922487,37.046139927432819,0.0],[136.796177686597787,37.046015859804541,0.0],[136.79624849452469,37.045960937094243,0.0],[136.796331174663493,37.045946421579188,0.0],[136.796351532941088,37.045944193473197,0.0],[136.796383885523511,37.045954949768287,0.0],[136.796477015201901,37.0459710251099,0.0],[136.796496394265489,37.045971346009743,0.0],[136.796491517895987,37.045990218214222,0.0],[136.796487728419606,37.046030207094397,0.0],[136.796475308333413,37.046052806389881,0.0],[136.796370682242298,37.046184605307623,0.0],[136.796348709421693,37.046228043843421,0.0],[136.796298752776806,37.046289855289153,0.0],[136.796276416339197,37.046328983327179,0.0],[136.796212148347394,37.046443937434198,0.0],[136.796198648926008,37.046502376075438,0.0],[136.796278278516809,37.046483687714257,0.0],[136.796330818617093,37.046461949927632,0.0],[136.796381966238698,37.04645909158441,0.0],[136.796441574798394,37.046487730840539,0.0],[136.796514063255302,37.046530839628709,0.0],[136.796512270097708,37.046582469613853,0.0],[136.79645871184951,37.046631431957998,0.0],[136.796452565511004,37.046635622098442,0.0],[136.796414441429789,37.046691625584977,0.0],[136.796408871197087,37.046693397905827,0.0],[136.796353150520503,37.046699389739217,0.0],[136.796289166838989,37.046706269527817,0.0],[136.796228559351505,37.046720762010779,0.0],[136.796212916608511,37.046755933212083,0.0],[136.796218977711703,37.046782242584449,0.0],[136.796272163085405,37.04684015317914,0.0],[136.796312548380996,37.046877367400363,0.0],[136.796341988044389,37.046938885075583,0.0],[136.79634100658879,37.046948139630437,0.0],[136.796331454179494,37.047022823199548,0.0],[136.796173717506406,37.047064071566268,0.0],[136.796084234272314,37.047107988594703,0.0],[136.796075214408802,37.047163031216847,0.0],[136.795961570257987,37.047250076097853,0.0],[136.795878762567298,37.047270863024238,0.0],[136.795836803946088,37.047289679677377,0.0],[136.795804049667112,37.04727357809935,0.0],[136.795773848644302,37.04723527990933,0.0],[136.795769779811707,37.047232773679539,0.0],[136.79572861082309,37.047179190857058,0.0],[136.79571269934479,37.047161398167042,0.0],[136.795661814151487,37.047056874801562,0.0],[136.795644597400411,37.047042790800177,0.0],[136.795527687489795,37.047034830161337,0.0],[136.795452567892994,37.047083705670481,0.0],[136.79546240135511,37.047097626018271,0.0],[136.795528418088196,37.047139004753731,0.0],[136.795585632472807,37.047202692976761,0.0],[136.795604577299002,37.04724216626866,0.0],[136.795611896829314,37.047266743069791,0.0],[136.795591903662313,37.047328765963329,0.0],[136.795495224538712,37.047457195159453,0.0],[136.795486778602594,37.047484089991542,0.0],[136.795481374853495,37.047515379385587,0.0],[136.795487701864602,37.04756415554327,0.0],[136.795508984412209,37.047619718263768,0.0],[136.795506252097908,37.047624412870221,0.0],[136.795496098714494,37.04768195171421,0.0],[136.795419380425102,37.047718225779249,0.0],[136.795389920812909,37.04773914503906,0.0],[136.795299747963099,37.047834358743827,0.0],[136.795227505707089,37.047888735678271,0.0],[136.795138675460009,37.047919698051153,0.0],[136.795121362498293,37.047915876084183,0.0],[136.795116426264713,37.047888578908243,0.0],[136.79511378380991,37.047895359070957,0.0],[136.7951104583058,37.047886352376267,0.0],[136.794943028772707,37.047699447297077,0.0],[136.794957710264214,37.047607722764603,0.0],[136.7949807193217,37.047521479940819,0.0],[136.795002769470301,37.047441435890718,0.0],[136.795007249893104,37.047410942053943,0.0],[136.794960423423589,37.047495373731508,0.0],[136.7949140776918,37.047544834677211,0.0],[136.794851139395206,37.047584307415107,0.0],[136.794790163462409,37.047594158832318,0.0],[136.794661562636207,37.047568953043303,0.0],[136.794590564520405,37.047534006006487,0.0],[136.794521015634814,37.047455534740187,0.0],[136.794486501628512,37.047426406418282,0.0],[136.794452273795713,37.047401992952167,0.0],[136.794246972797794,37.04730560944391,0.0],[136.794122726066888,37.047212704473601,0.0],[136.794025337458891,37.047016403522129,0.0],[136.794081655284089,37.046866010061322,0.0],[136.793929155553286,37.046649981663847,0.0],[136.79387302259309,37.04662989957292,0.0],[136.793777410841301,37.04660039250831,0.0],[136.793691954255507,37.046646746312319,0.0],[136.793628727013612,37.046643973816401,0.0],[136.793408428381611,37.046728284677947,0.0],[136.793247320250714,37.04678147153421,0.0],[136.7931275740236,37.046749525141117,0.0],[136.793044180294686,37.046711379584039,0.0],[136.793059776453703,37.046772029911637,0.0],[136.793103005051307,37.046797656245182,0.0],[136.793064702561708,37.046798246653502,0.0],[136.793064702561708,37.046798246653502,0.0]],[[136.801292903596391,37.045560374447817,0.0],[136.801297382919614,37.045563572943372,0.0],[136.801322551622206,37.045670402822537,0.0],[136.801292903596391,37.045560374447817,0.0],[136.801292903596391,37.045560374447817,0.0]]]]}},{"type":"Feature","properties":{"口座番号":"571"},"geometry":{"type":"MultiPolygon","coordinates":[[[[136.796487739852807,36.775328727851239,0.0],[136.796747598496893,36.775320923373428,0.0],[136.796969868357394,36.77528218314216,0.0],[136.7973827715781,36.775326992680803,0.0],[136.797526655506687,36.775355673863722,0.0],[136.79768252141011,36.775409705880392,0.0],[136.797841077801195,36.7754072767598,0.0],[136.798003516674498,36.775352284275129,0.0],[136.798081192084908,36.775306765559023,0.0],[136.79807950236389,36.775181653750018,0.0],[136.7980621088916,36.775102385160537,0.0],[136.798023110834805,36.775051502352802,0.0],[136.797851848494588,36.774927324001261,0.0],[136.797634494742113,36.774824421289743,0.0],[136.7973759893313,36.774722364645442,0.0],[136.797377642280594,36.774644005807417,0.0],[136.797427351442508,36.774611533004837,0.0],[136.797675884794813,36.774521759513213,0.0],[136.797718610942809,36.774490276978042,0.0],[136.797720135597388,36.774398641233446,0.0],[136.797682419219797,36.774345284881441,0.0],[136.797544798935292,36.774207565324829,0.0],[136.797422329808199,36.774112034618142,0.0],[136.797256556117901,36.774014057744033,0.0],[136.796991213873099,36.773948128924687,0.0],[136.796807207200999,36.773927035746887,0.0],[136.7966041100116,36.773911875892871,0.0],[136.796104328415311,36.77390155783133,0.0],[136.795631542101489,36.773814407022677,0.0],[136.794948961105405,36.773815197031603,0.0],[136.794734763758811,36.773875240614643,0.0],[136.794599008981692,36.773994877784453,0.0],[136.794262144699701,36.774248803391004,0.0],[136.794118487418586,36.774397835883633,0.0],[136.794045866938689,36.774552242884333,0.0],[136.793935287944208,36.774723191423632,0.0],[136.793939975404413,36.774815456679747,0.0],[136.794031972214214,36.774903865237327,0.0],[136.79415322523181,36.774959320086829,0.0],[136.794800882774496,36.775172009312818,0.0],[136.794999076293891,36.775244227302323,0.0],[136.795385520492005,36.775321161927479,0.0],[136.795726019370392,36.775342877835897,0.0],[136.795909062732989,36.775362724226433,0.0],[136.796102395407104,36.775378472180464,0.0],[136.796487739852807,36.775328727851239,0.0],[136.796487739852807,36.775328727851239,0.0]]]]}},{"type":"Feature","properties":{"口座番号":"572"},"geometry":{"type":"MultiPolygon","coordinates":[[[[136.726733683967211,37.194336159764383,0.0],[136.726660120288187,37.194419086625622,0.0],[136.726597839349211,37.19449531035,0.0],[136.726552488067597,37.194560353464588,0.0],[136.726509909058393,37.194632151860993,0.0],[136.726515386228897,37.194656907482283,0.0],[136.726523609643408,37.194692916775303,0.0],[136.726458452677292,37.194780373205937,0.0],[136.726418762180401,37.194838690497022,0.0],[136.726409964295499,37.194901621048551,0.0],[136.726440478358001,37.194971442684178,0.0],[136.726521573291507,37.195043701475207,0.0],[136.726633692798089,37.195098085177428,0.0],[136.726695400065211,37.195120801295808,0.0],[136.726877659518692,37.195197933066659,0.0],[136.727270509666113,37.195314071974693,0.0],[136.727349042907093,37.195343596058237,0.0],[136.727458351915999,37.195397969459187,0.0],[136.727578735685313,37.195481616643313,0.0],[136.72771591937601,37.195576568519009,0.0],[136.727766163281586,37.195637468676068,0.0],[136.727886547771192,37.195721115548679,0.0],[136.72808528446501,37.195865765491149,0.0],[136.728197366173703,37.195926894373919,0.0],[136.728345990425311,37.195988158357963,0.0],[136.728475016481894,37.196035857867599,0.0],[136.728604172627087,37.196061070782832,0.0],[136.728744701608605,37.196063838662333,0.0],[136.728862757859105,37.19606427499653,0.0],[136.728939494184914,37.196072813852098,0.0],[136.72902296322431,37.196071612825463,0.0],[136.729214243640996,37.196047584018118,0.0],[136.72971190617119,37.196024685332347,0.0],[136.729918271612689,37.196028629104703,0.0],[136.729963808142088,37.196022603465252,0.0],[136.730041498252604,37.195992679251248,0.0],[136.730113223881091,37.195962733007413,0.0],[136.730182954415113,37.195934368972416,0.0],[136.730232789708197,37.195909111712751,0.0],[136.730268648443598,37.195894932873941,0.0],[136.73030447055541,37.195887115005341,0.0],[136.730360158136193,37.195880959892051,0.0],[136.730425461220392,37.195880259589373,0.0],[136.730529461693095,37.19588064250356,0.0],[136.73060815312769,37.195883181407417,0.0],[136.730669939833092,37.195892403046827,0.0],[136.730756965609203,37.195911837276277,0.0],[136.730846790062913,37.195933530070803,0.0],[136.730908538068206,37.195949497344493,0.0],[136.730974521687386,37.195962108113868,0.0],[136.731044715082902,37.195975858042317,0.0],[136.731120543410697,37.195987380312467,0.0],[136.731189370950204,37.195994379232843,0.0],[136.731262432958488,37.19599802072544,0.0],[136.731336940613488,37.195994921584138,0.0],[136.73140586387251,37.195985055977907,0.0],[136.731456543435087,37.195970625745304,0.0],[136.731501626804288,37.195951677367283,0.0],[136.73157628812649,37.195921595035131,0.0],[136.731639674295394,37.195897092537322,0.0],[136.731681894414294,37.195887128711952,0.0],[136.731741025618902,37.195869356437903,0.0],[136.73178186685621,37.195854889946723,0.0],[136.731842357525011,37.195844993130798,0.0],[136.73188738914709,37.195835038649918,0.0],[136.731968987707688,37.195820722565372,0.0],[136.732028066107802,37.195811944188591,0.0],[136.732081504304887,37.195806518944273,0.0],[136.732174333873701,37.195794491348579,0.0],[136.732248872378705,37.195785770461953,0.0],[136.732350094527789,37.195780519404281,0.0],[136.7324344454168,37.195776331941019,0.0],[136.732531425589087,37.195775562748089,0.0],[136.732601709221598,37.19577357104761,0.0],[136.732664580955912,37.195773919436427,0.0],[136.732698405536098,37.195767683128523,0.0],[136.732756099181501,37.195758354128643,0.0],[136.732806846251094,37.195747410057884,0.0],[136.732844677796493,37.195735622968328,0.0],[136.732885490964208,37.19572384768508,0.0],[136.732930288365907,37.195710495568981,0.0],[136.732965148455293,37.19569710795848,0.0],[136.733003011778806,37.195679756421583,0.0],[136.733053822418697,37.19565768164923,0.0],[136.733103620214507,37.195638783256101,0.0],[136.733159363073213,37.195623086704202,0.0],[136.733207132909712,37.195611335864122,0.0],[136.733277763467498,37.195598873834392,0.0],[136.733323490607006,37.1955966566996,0.0],[136.733379178869797,37.195590500168073,0.0],[136.733429893943509,37.195585120225587,0.0],[136.733488571778707,37.195577384971749,0.0],[136.733540280338588,37.195572008614548,0.0],[136.7336059194661,37.195563503049833,0.0],[136.733679504304803,37.195555822191857,0.0],[136.733760032281793,37.195550551064663,0.0],[136.733747140615293,37.195545733343543,0.0],[136.733809277532913,37.195516125588263,0.0],[136.733866734866808,37.195548136587291,0.0],[136.733900631856812,37.195529179767703,0.0],[136.73396843598951,37.195489675631613,0.0],[136.733968644696404,37.195453105601572,0.0],[136.73394898684171,37.195414872505133,0.0],[136.73394913203191,37.195389433071703,0.0],[136.733961311495307,37.195344956043058,0.0],[136.733961665395213,37.195282945677093,0.0],[136.733951973173589,37.195239978365542,0.0],[136.733928358410111,37.195198551604747,0.0],[136.733900381683696,37.195162527434732,0.0],[136.733838307576093,37.19511824503784,0.0],[136.733739587803512,37.195062217565379,0.0],[136.7335653653723,37.194921219864433,0.0],[136.733403237545787,37.19475567594278,0.0],[136.733366825093611,37.194702949781238,0.0],[136.733343635126289,37.194652321154599,0.0],[136.733326958106602,37.194582591539508,0.0],[136.733326997681104,37.194500970401293,0.0],[136.733371964127514,37.194326621792371,0.0],[136.733375869221504,37.194240916421833,0.0],[136.733408818340791,37.194152585024668,0.0],[136.733410419913497,37.194096241049053,0.0],[136.733390903401698,37.193925754953028,0.0],[136.73336922269209,37.193835175475648,0.0],[136.733344340159505,37.193782149938343,0.0],[136.733264665523194,37.193680429331259,0.0],[136.733232925352496,37.193632159208939,0.0],[136.733067295936308,37.193482312395957,0.0],[136.732962312902913,37.193402014477343,0.0],[136.732888895328387,37.193326271039517,0.0],[136.732849063975294,37.193274556782669,0.0],[136.732771873763198,37.193186505257579,0.0],[136.732586258802598,37.193172506527297,0.0],[136.732448088960496,37.193147752429823,0.0],[136.732335907245812,37.193132314773592,0.0],[136.7323052342214,37.193121274243339,0.0],[136.732195175847494,37.193033101832583,0.0],[136.732097354898087,37.192969905037991,0.0],[136.731990424385089,37.192931946200162,0.0],[136.731939619881587,37.192932784380517,0.0],[136.731878420166709,37.192959880441599,0.0],[136.731832297815487,37.192963126472897,0.0],[136.731606097201592,37.192954782357937,0.0],[136.731568043630006,37.192965230058277,0.0],[136.73151360945451,37.193003621285428,0.0],[136.731490131160797,37.193003535047289,0.0],[136.731471889333903,37.19298366016848,0.0],[136.731468184455196,37.192959740320767,0.0],[136.731450013208502,37.192927571498572,0.0],[136.731428391512509,37.19290153664658,0.0],[136.731350961345697,37.192855831302573,0.0],[136.731273843308401,37.192829934926891,0.0],[136.731131365490114,37.192812335605097,0.0],[136.731049088658295,37.192792908297932,0.0],[136.730981240872296,37.192788218910529,0.0],[136.730878260230497,37.192805940374541,0.0],[136.73079957118739,37.192830580830851,0.0],[136.730746149545894,37.192841313257333,0.0],[136.730724424056092,37.192833378114017,0.0],[136.730646243546005,37.192769569330437,0.0],[136.730567049445,37.19273376046818,0.0],[136.730438824768697,37.192709622770849,0.0],[136.730267472781691,37.19269249191678,0.0],[136.730025867530799,37.192690577123393,0.0],[136.729915908039999,37.192660118924067,0.0],[136.729819817541994,37.192667278322112,0.0],[136.729727466770612,37.192692209221349,0.0],[136.729652577374111,37.192724376601078,0.0],[136.729601997139099,37.192760390451348,0.0],[136.729566724132411,37.1928070473015,0.0],[136.729544506591509,37.192884489159077,0.0],[136.729528617998312,37.192900823100153,0.0],[136.729495747989887,37.192900701813343,0.0],[136.729473220013489,37.192883884586742,0.0],[136.729431077972492,37.192789129610112,0.0],[136.729385341639613,37.192725439730182,0.0],[136.729322097843692,37.19266270979643,0.0],[136.729245562398489,37.192610175770348,0.0],[136.729146298761492,37.192517593280023,0.0],[136.729093986100111,37.192481178014987,0.0],[136.728967601964996,37.192413094415869,0.0],[136.728648206566305,37.192210514584069,0.0],[136.728579658857512,37.192162929861013,0.0],[136.728385266093596,37.192058855085037,0.0],[136.728306336305195,37.192032000279362,0.0],[136.728146507634307,37.192005811127302,0.0],[136.728080102723396,37.192005565318333,0.0],[136.728016645501611,37.192017404708317,0.0],[136.727937405723594,37.192044157094877,0.0],[136.727875011711404,37.192081115008349,0.0],[136.72781489727771,37.192141263958867,0.0],[136.72779762370871,37.192215667153008,0.0],[136.727736907186198,37.192225880081551,0.0],[136.727722781436597,37.192194491642013,0.0],[136.727715231255587,37.192116654174882,0.0],[136.72769741746211,37.192004175052979,0.0],[136.727655296846308,37.191872138616219,0.0],[136.727640507131014,37.191806227884307,0.0],[136.727637818901599,37.191659654441473,0.0],[136.727657155385714,37.191454036363197,0.0],[136.72765189078109,37.191388842182128,0.0],[136.727635788532893,37.191302571716882,0.0],[136.727593116244293,37.19121765180887,0.0],[136.72757756575291,37.191140570461933,0.0],[136.727560569390192,37.191104274584937,0.0],[136.727531081610607,37.191036066427117,0.0],[136.727501459395,37.191005083700361,0.0],[136.72747327208009,37.190960509040849,0.0],[136.727437874734392,37.190921015284808,0.0],[136.727425368317313,37.19089150717069,0.0],[136.727397264152813,37.190845037711249,0.0],[136.727286867028312,37.190727266160998,0.0],[136.727208673030788,37.190626035366712,0.0],[136.727111217844595,37.190546071967887,0.0],[136.727020775503888,37.190495660242497,0.0],[136.726874524683495,37.190449024318532,0.0],[136.726810478168602,37.190441284596552,0.0],[136.726488377258704,37.19046194538393,0.0],[136.726380127859301,37.190431661473617,0.0],[136.726328724434012,37.190406152110207,0.0],[136.726181952687909,37.190339740663909,0.0],[136.726039911084001,37.190284911810807,0.0],[136.72600398007711,37.190260872830763,0.0],[136.725932145422604,37.190171470631491,0.0],[136.72589147017311,37.190155780117713,0.0],[136.725805964907408,37.190146428986537,0.0],[136.725660494848398,37.190107364916337,0.0],[136.725485730110393,37.190058693607817,0.0],[136.725464717330595,37.190080851798271,0.0],[136.725436977246801,37.190127708506488,0.0],[136.725398754165695,37.190207067997278,0.0],[136.725374590592708,37.190384120659488,0.0],[136.725320138913588,37.190704569130112,0.0],[136.725295589271809,37.190844551184753,0.0],[136.725262975596991,37.19094722498653,0.0],[136.725248427268099,37.191026572592627,0.0],[136.725258664946409,37.191237287351257,0.0],[136.725277096386208,37.191389492125069,0.0],[136.72532263410821,37.191552181662857,0.0],[136.725344357063108,37.191605872970072,0.0],[136.725392064590096,37.191706991427253,0.0],[136.725447627280886,37.191889867649877,0.0],[136.725562103124105,37.191895892679653,0.0],[136.7258056642589,37.191902301592577,0.0],[136.725865644277803,37.191902524771663,0.0],[136.725938899462392,37.191912127667493,0.0],[136.725987162890704,37.191921637561052,0.0],[136.726022058197913,37.191937763418622,0.0],[136.726055272137899,37.191956548573238,0.0],[136.726093483782392,37.191975351402583,0.0],[136.726121691203105,37.19199545070078,0.0],[136.726151557917888,37.192016888942113,0.0],[136.72617972665401,37.192043652884621,0.0],[136.726202874490809,37.192074397395437,0.0],[136.726219365377801,37.192103783472248,0.0],[136.726232500126997,37.192137156311688,0.0],[136.726245682464594,37.192162531744401,0.0],[136.726260530715194,37.192187912467148,0.0],[136.72629535653769,37.192216033908153,0.0],[136.726331871504499,37.192240163276487,0.0],[136.726391658309609,37.192273709480979,0.0],[136.726443130013308,37.192304558297067,0.0],[136.726639722144313,37.192446601167127,0.0],[136.726756510372809,37.192550854750529,0.0],[136.726783851334289,37.192620966421913,0.0],[136.726782303539011,37.193120378309168,0.0],[136.726792028334188,37.193156985213562,0.0],[136.726877713964711,37.193288102291142,0.0],[136.726905552164197,37.193353726313831,0.0],[136.726916844921192,37.193541258552109,0.0],[136.72692722468031,37.193817275324051,0.0],[136.726947084278208,37.194101676290693,0.0],[136.726937232382909,37.194165614052849,0.0],[136.726917824100809,37.19420504510061,0.0],[136.726821287399389,37.194255533315037,0.0],[136.726733683967211,37.194336159764383,0.0],[136.726733683967211,37.194336159764383,0.0]]],[[[136.714103358216903,37.214381963706977,0.0],[136.714163767444489,37.214367245617453,0.0],[136.714190648743909,37.214062930510472,0.0],[136.714267894709991,37.213932081979628,0.0],[136.714231810515798,37.21378585078282,0.0],[136.714231560223396,37.21375663151214,0.0],[136.714190060110298,37.213734728666047,0.0],[136.713960378480607,37.213569751257602,0.0],[136.713907994258193,37.213378950728888,0.0],[136.71377620291571,37.213325106172462,0.0],[136.713447538024411,37.213303463658633,0.0],[136.713316770579098,37.213220743018837,0.0],[136.713111335753808,37.213192776615372,0.0],[136.713041707618402,37.213223461176803,0.0],[136.712972866559909,37.21314734019483,0.0],[136.712889098973392,37.213090803071943,0.0],[136.712805047717012,37.213081831977007,0.0],[136.712693794902009,37.213100624992848,0.0],[136.712553100700404,37.213120265642608,0.0],[136.712474060667688,37.213177140342857,0.0],[136.712351139872709,37.213386218258478,0.0],[136.712303534856403,37.21341054015074,0.0],[136.712244224348694,37.213483345795467,0.0],[136.712248192838302,37.213522760326732,0.0],[136.71220584079461,37.213572567428614,0.0],[136.712078039862888,37.213646071695671,0.0],[136.711822862935009,37.213832155438219,0.0],[136.711764935831894,37.213872396525659,0.0],[136.711584839130808,37.21393999523508,0.0],[136.711416827351513,37.213975702189543,0.0],[136.711362446247392,37.213976852976323,0.0],[136.711172336215611,37.214013834446639,0.0],[136.710880595138093,37.214094431373397,0.0],[136.710822928950193,37.214093248855967,0.0],[136.710748628347403,37.214160710908367,0.0],[136.710558658855888,37.214182081619242,0.0],[136.710331559846907,37.214085139923959,0.0],[136.710341733121311,37.214229913554341,0.0],[136.710437181031295,37.214604687199959,0.0],[136.710538851192609,37.214850966159787,0.0],[136.710555973245192,37.215000461410973,0.0],[136.710609824311604,37.215410189999147,0.0],[136.710669244114712,37.215519487273127,0.0],[136.710834853967697,37.215553278265233,0.0],[136.711106836246302,37.215881051654371,0.0],[136.711345748660904,37.216113562093433,0.0],[136.711386624416008,37.216209815018303,0.0],[136.711386654272104,37.216704710424082,0.0],[136.711413313710011,37.216867214862773,0.0],[136.711551794989504,37.216917237198572,0.0],[136.711983269999791,37.216998653479038,0.0],[136.712181439208706,37.217113768556217,0.0],[136.712331981418487,37.217256568121812,0.0],[136.712553830092702,37.21733045200655,0.0],[136.712741071417014,37.217464743585808,0.0],[136.712775576271611,37.217621992635017,0.0],[136.712946943381297,37.217698565043158,0.0],[136.713270549652094,37.217936200796622,0.0],[136.713368166052391,37.217988466991407,0.0],[136.713551785926512,37.218025685236057,0.0],[136.714067133827086,37.218010626012678,0.0],[136.714304347624903,37.218125857888992,0.0],[136.714511640435404,37.218272063213213,0.0],[136.714762140094109,37.218415316015431,0.0],[136.714880473385506,37.218437085508889,0.0],[136.715161916774093,37.218365596869937,0.0],[136.715423847551307,37.218325825149122,0.0],[136.715791795121589,37.218175018010513,0.0],[136.716126036323999,37.217979437643898,0.0],[136.716100637377508,37.217872257738968,0.0],[136.716042114421811,37.217783699857783,0.0],[136.716014872350911,37.217578386874777,0.0],[136.715833303800991,37.217249836221413,0.0],[136.715810908039799,37.217015662146537,0.0],[136.715696932597496,37.216893597073422,0.0],[136.715580430234212,37.216696777878141,0.0],[136.715560736951687,37.216663255563347,0.0],[136.715395377213298,37.216586709810649,0.0],[136.71534335891721,37.21644380835783,0.0],[136.715079727347813,37.216223704109453,0.0],[136.714972355574304,37.216195427191337,0.0],[136.714883046461495,37.216060071774812,0.0],[136.714834032554307,37.215627114352081,0.0],[136.714568613228607,37.215541163573988,0.0],[136.714481254647893,37.215586696826961,0.0],[136.714510590428603,37.215725087529258,0.0],[136.714441815269993,37.215860045237598,0.0],[136.714461054748313,37.215981749885707,0.0],[136.7145209401437,37.216126373187507,0.0],[136.714818526848603,37.216446195009418,0.0],[136.714937970898802,37.216434419538899,0.0],[136.715007128277108,37.21652030071688,0.0],[136.7150121359129,37.216606616711367,0.0],[136.715053133546604,37.216713114711418,0.0],[136.715292802603699,37.216898453037587,0.0],[136.715252010073698,37.216954312837537,0.0],[136.715291054119888,37.217056322877397,0.0],[136.715406942625094,37.217167755961327,0.0],[136.715329437036587,37.217269322792987,0.0],[136.715035651034896,37.217067842598887,0.0],[136.715032619470605,37.216971734337598,0.0],[136.714911740053594,37.21679061264107,0.0],[136.714754278924801,37.21669920131189,0.0],[136.714721309324489,37.216888385304067,0.0],[136.71476320173079,37.217016352674783,0.0],[136.714838371960013,37.217105047689707,0.0],[136.714781404370797,37.217389275327641,0.0],[136.714724020857403,37.217440948062212,0.0],[136.714579918209495,37.217426463932547,0.0],[136.714537918721589,37.217356101848843,0.0],[136.714424212299605,37.2168464561801,0.0],[136.714424597635201,37.216781905069517,0.0],[136.714491210479594,37.216649939007901,0.0],[136.714490652741688,37.216533459271339,0.0],[136.714365155585114,37.216349514156953,0.0],[136.714271184522602,37.216220069931147,0.0],[136.714190820666687,37.216161325455602,0.0],[136.714120257809213,37.216168530768691,0.0],[136.714016649210606,37.216232008002869,0.0],[136.713920013922205,37.216336961165553,0.0],[136.713574945332113,37.216285698248733,0.0],[136.713588976096389,37.216212706165088,0.0],[136.713668701088608,37.216101971818112,0.0],[136.713792671775394,37.215946796955777,0.0],[136.713879931366705,37.215704548521941,0.0],[136.713937972848697,37.215659922843138,0.0],[136.71355601217661,37.215489033257228,0.0],[136.71354804204671,37.2154154893163,0.0],[136.71364092634181,37.215354343244243,0.0],[136.71376785421549,37.215432398985477,0.0],[136.713930495902787,37.21548059061449,0.0],[136.713947495327204,37.215425665807302,0.0],[136.713940612802304,37.215370864188323,0.0],[136.713991579445207,37.215286975246308,0.0],[136.714079139387394,37.215211874273727,0.0],[136.714161206341203,37.215050746397893,0.0],[136.714167279008393,37.214967808668902,0.0],[136.714104437666094,37.214899178060428,0.0],[136.713912575678989,37.214817187957927,0.0],[136.713883523483901,37.214752812665672,0.0],[136.713939622841792,37.214665766865622,0.0],[136.714061334831911,37.214593780074161,0.0],[136.714094107212105,37.214547869155673,0.0],[136.71404095726669,37.2144218968457,0.0],[136.71403530338489,37.214397187822037,0.0],[136.714103358216903,37.214381963706977,0.0],[136.714103358216903,37.214381963706977,0.0]]],[[[136.706805954962903,37.211205764539912,0.0],[136.706970712188792,37.211200900836701,0.0],[136.707081255958798,37.21117896548315,0.0],[136.707051204805595,37.211082271811463,0.0],[136.707098159755191,37.210967138772133,0.0],[136.707152687323088,37.210890953199879,0.0],[136.707029257670598,37.21054540182589,0.0],[136.706882114870808,37.210249481861467,0.0],[136.706767839083795,37.210014234614583,0.0],[136.706700871501909,37.209792462667991,0.0],[136.706693200284093,37.209743990690328,0.0],[136.706649874452694,37.209632327997767,0.0],[136.706575766576606,37.209572970026912,0.0],[136.706512559641396,37.209694802754797,0.0],[136.706436442848087,37.209454968849009,0.0],[136.706280037523612,37.209382556106327,0.0],[136.705958770015286,37.209165091043033,0.0],[136.705773558068103,37.209097583096707,0.0],[136.705540816052803,37.208963172677507,0.0],[136.705340479416009,37.208867601573409,0.0],[136.705187545575313,37.208704854235592,0.0],[136.70498108937619,37.208480520145812,0.0],[136.704583870823313,37.208947440490533,0.0],[136.704588764470287,37.209044892753717,0.0],[136.704630424301513,37.209182007603118,0.0],[136.704584590410292,37.2092824781299,0.0],[136.70466666617699,37.209516312385119,0.0],[136.704642400248304,37.209653635060107,0.0],[136.704471868396098,37.209936933790097,0.0],[136.704378232774502,37.210054640191878,0.0],[136.704188402879197,37.210120812788809,0.0],[136.704139712531088,37.210125907819403,0.0],[136.704085986111295,37.210131909527647,0.0],[136.703938858440097,37.210210071332739,0.0],[136.703901163649704,37.210261566177508,0.0],[136.704028633934087,37.210327644920383,0.0],[136.703898676965792,37.21036029084749,0.0],[136.703790224198599,37.210412720322047,0.0],[136.703726227921692,37.21046484224555,0.0],[136.70367537180789,37.210529508795148,0.0],[136.703596469125813,37.210722743790143,0.0],[136.703564477592607,37.210952969791947,0.0],[136.703553243170091,37.210997645465277,0.0],[136.703347390715692,37.211402937560933,0.0],[136.70332463826,37.21148885443364,0.0],[136.703318415836293,37.211720421992119,0.0],[136.703309294484001,37.211752990178219,0.0],[136.7034518704763,37.211769403241028,0.0],[136.703828058647588,37.211913088649801,0.0],[136.704192561427988,37.212015004818078,0.0],[136.704432465839801,37.21210270676174,0.0],[136.704706866522912,37.21238373289458,0.0],[136.704716490590101,37.212756137171823,0.0],[136.70468615621499,37.212985881454472,0.0],[136.704554700841811,37.213095580740273,0.0],[136.704418065891701,37.213132286888751,0.0],[136.704404148327797,37.213359526019246,0.0],[136.704620364934414,37.213360369628873,0.0],[136.704699777682208,37.213399326224312,0.0],[136.705311949284891,37.213742196813527,0.0],[136.705653266982296,37.21396191958916,0.0],[136.706298414769208,37.214270014375238,0.0],[136.706457877173392,37.214029432542141,0.0],[136.706481956952587,37.213823400251947,0.0],[136.706267174546213,37.213676979616672,0.0],[136.705911775615789,37.213647024594003,0.0],[136.705596860216588,37.213608278756041,0.0],[136.705673953516794,37.213477287481147,0.0],[136.705686242930511,37.213259437062071,0.0],[136.705677084342113,37.213184926453231,0.0],[136.705671028283007,37.213136782428052,0.0],[136.705638881243999,37.212695319721867,0.0],[136.705671533163496,37.212503054174313,0.0],[136.705725786993213,37.212275037348,0.0],[136.705785850914509,37.212079235144039,0.0],[136.705815495010313,37.21194625684452,0.0],[136.705881003907507,37.211784694462978,0.0],[136.70595398756339,37.211645819185343,0.0],[136.705954827100697,37.211466787270929,0.0],[136.70600936614241,37.211290182787103,0.0],[136.7060888207792,37.211165565965011,0.0],[136.706596285699106,37.211245784283669,0.0],[136.706805954962903,37.211205764539912,0.0],[136.706805954962903,37.211205764539912,0.0]]],[[[136.703834781055207,37.21861208328427,0.0],[136.703933436581195,37.218666149137981,0.0],[136.704065299476611,37.218708453283057,0.0],[136.704150900993,37.218882740152083,0.0],[136.70423822826109,37.218982967917867,0.0],[136.704310352471509,37.219068527133679,0.0],[136.704344007995303,37.219192327947781,0.0],[136.704419182774387,37.219265327321693,0.0],[136.70449936399271,37.219353295948594,0.0],[136.704618709419407,37.219219220891411,0.0],[136.704666146412393,37.219173199531511,0.0],[136.704749654566598,37.219133774535393,0.0],[136.704873766415005,37.219174227267132,0.0],[136.704961373441392,37.219192346317847,0.0],[136.705085165632909,37.219188023977708,0.0],[136.705102151498011,37.219259681440313,0.0],[136.705179097812788,37.219351273067431,0.0],[136.705333309903693,37.219383104324059,0.0],[136.705664080328688,37.219329137545373,0.0],[136.705928274706594,37.219256652161377,0.0],[136.706301885082212,37.21907360007917,0.0],[136.706363743386589,37.218978705362218,0.0],[136.706275979543193,37.218887553652792,0.0],[136.706102772343002,37.218620213890908,0.0],[136.706009524345887,37.218443033977579,0.0],[136.705931325720911,37.218458586125877,0.0],[136.705660294081412,37.218667981737163,0.0],[136.705531840453887,37.218648742675903,0.0],[136.705469211141093,37.218574024829948,0.0],[136.705395604643797,37.218526170179672,0.0],[136.705332354525808,37.218454812864877,0.0],[136.705430728700804,37.218283184433481,0.0],[136.705342372080793,37.218191068211638,0.0],[136.704921312623895,37.218076514836177,0.0],[136.704645357767987,37.218107630745678,0.0],[136.70445868260839,37.218079515243247,0.0],[136.704440380612596,37.218125089728559,0.0],[136.704283278367313,37.218173485465471,0.0],[136.704179847210696,37.218188937051167,0.0],[136.704097557001688,37.218284231144622,0.0],[136.704072390173309,37.218470078593462,0.0],[136.70403871038809,37.218672710592813,0.0],[136.703909703574595,37.218547281010068,0.0],[136.703834781055207,37.21861208328427,0.0],[136.703834781055207,37.21861208328427,0.0]]],[[[136.708522776750186,37.209256261840629,0.0],[136.708834714113493,37.209329059300607,0.0],[136.709068852125597,37.209452486546567,0.0],[136.709287188486911,37.209506663339923,0.0],[136.709509838102292,37.209543077928451,0.0],[136.709743426642689,37.20965833385327,0.0],[136.709874849482986,37.209680942813058,0.0],[136.710021940041713,37.20969544416009,0.0],[136.710156216107492,37.209743048615323,0.0],[136.710481115496293,37.209459375615147,0.0],[136.710583015352114,37.208997544500541,0.0],[136.710539889876713,37.208776837874403,0.0],[136.710634375961803,37.208448552158309,0.0],[136.710272301195488,37.208414974618861,0.0],[136.710034056228892,37.208406241826168,0.0],[136.709805036807694,37.208417589839478,0.0],[136.709614245359887,37.208429084915842,0.0],[136.709368710659106,37.208502203204013,0.0],[136.708869209055507,37.208497216278232,0.0],[136.708742071028297,37.208800122793939,0.0],[136.708931743179988,37.208833472383247,0.0],[136.7087506217959,37.208931639247659,0.0],[136.708794378529092,37.209071447039783,0.0],[136.708795730554812,37.209128869747843,0.0],[136.708661538814312,37.209192903622608,0.0],[136.708522776750186,37.209256261840629,0.0],[136.708522776750186,37.209256261840629,0.0]]],[[[136.69926870018881,37.218502407774011,0.0],[136.69941901113711,37.218484261807191,0.0],[136.699332878741899,37.218408463076678,0.0],[136.699089576219905,37.218181908277863,0.0],[136.698880034655502,37.217992179475601,0.0],[136.698592763305186,37.218142266094013,0.0],[136.698374356777407,37.218289162153383,0.0],[136.698274042735505,37.218435537225552,0.0],[136.698108229791387,37.218593885068302,0.0],[136.697751689582589,37.218817389167739,0.0],[136.697612139590689,37.218850811952677,0.0],[136.697526043590386,37.218895997006527,0.0],[136.697326987787108,37.218933939913121,0.0],[136.6972617274605,37.218959592416702,0.0],[136.69750895632319,37.219183017933112,0.0],[136.697500893343488,37.21927138153243,0.0],[136.697497632874104,37.219523463591962,0.0],[136.697596422886591,37.219486482270923,0.0],[136.697733783963201,37.219395293760897,0.0],[136.697890800325212,37.219390808598632,0.0],[136.698035773197688,37.219337372103233,0.0],[136.698226215116591,37.219318420421253,0.0],[136.69851319142461,37.219214912129303,0.0],[136.6988621259203,37.218984580283013,0.0],[136.698939640417194,37.218952950325892,0.0],[136.699085810380808,37.218810831551373,0.0],[136.699157825137803,37.218706472879788,0.0],[136.699373989456802,37.218649567907534,0.0],[136.69926870018881,37.218502407774011,0.0],[136.69926870018881,37.218502407774011,0.0]]],[[[136.702026641910209,37.214821300745321,0.0],[136.701848260761409,37.21467654684848,0.0],[136.701698275617588,37.214612085056622,0.0],[136.701511126173699,37.214788700193331,0.0],[136.701116864720603,37.215071862902583,0.0],[136.700809679207708,37.215425354970947,0.0],[136.700730345902798,37.215615303345437,0.0],[136.700643544372696,37.215760702772947,0.0],[136.700864131686387,37.21598475100388,0.0],[136.701045912875486,37.21597192352985,0.0],[136.701173854125102,37.215881075093947,0.0],[136.701366673086795,37.215898438761911,0.0],[136.701730443937691,37.2156002067182,0.0],[136.701749077723491,37.215609793105692,0.0],[136.701818170030805,37.215651011700857,0.0],[136.701944055173186,37.215696190086348,0.0],[136.701968065282387,37.215503611529691,0.0],[136.702032948080614,37.215307830276217,0.0],[136.702259521986093,37.215196286439891,0.0],[136.702311964345711,37.215167663037413,0.0],[136.702502799236413,37.215202044859929,0.0],[136.702361528914309,37.215092903903638,0.0],[136.70226587442059,37.215042077246068,0.0],[136.702026641910209,37.214821300745321,0.0],[136.702026641910209,37.214821300745321,0.0]]],[[[136.708276369500709,37.20754524299651,0.0],[136.7086466946499,37.206919732811983,0.0],[136.708779005691298,37.206744891914482,0.0],[136.708787945708707,37.206600871314429,0.0],[136.709011721479413,37.206472290984117,0.0],[136.70908471308141,37.206342788142358,0.0],[136.709198660342906,37.206253873670697,0.0],[136.709491472809503,37.206228503580327,0.0],[136.709418607838302,37.206125956328371,0.0],[136.709250860272391,37.206050223572689,0.0],[136.709077604131295,37.206042759887893,0.0],[136.7089741612117,37.206010083462623,0.0],[136.708749478906213,37.206077845447993,0.0],[136.70859349938749,37.206163539414462,0.0],[136.708415140287997,37.206157073307843,0.0],[136.708309665249089,37.206109099814682,0.0],[136.708215271783814,37.20619537129086,0.0],[136.708108635260288,37.206269364215281,0.0],[136.708024383711802,37.206329089562381,0.0],[136.707900549330901,37.206559212734653,0.0],[136.70792167796219,37.20670694883917,0.0],[136.70784066240401,37.206798701139398,0.0],[136.707986540207088,37.206814160914398,0.0],[136.708067234516591,37.206797998827497,0.0],[136.708035210729804,37.206895723489339,0.0],[136.70807314438639,37.207084772189553,0.0],[136.707962742460012,37.207148897400607,0.0],[136.708041981717798,37.207391107989352,0.0],[136.708276369500709,37.20754524299651,0.0],[136.708276369500709,37.20754524299651,0.0]]],[[[136.70753408323219,37.215083637744989,0.0],[136.707667634435808,37.214853453858503,0.0],[136.707664027528409,37.214855912587353,0.0],[136.707640970351406,37.214794321881293,0.0],[136.707533589280189,37.214669461175042,0.0],[136.707514234858706,37.214492569638949,0.0],[136.707409175565402,37.214480150252719,0.0],[136.707204004553404,37.214432267721662,0.0],[136.70710320398851,37.21451019495484,0.0],[136.707112470357913,37.214666387163547,0.0],[136.707055605677112,37.214742714982542,0.0],[136.706598578712089,37.21480421188997,0.0],[136.706694101428297,37.214996696085187,0.0],[136.706727967754205,37.215163153109337,0.0],[136.706547262069989,37.215372086088642,0.0],[136.7063395460099,37.215538786803492,0.0],[136.705956261471897,37.215961526907591,0.0],[136.706103500768791,37.216273160266653,0.0],[136.706273463384889,37.216137578019477,0.0],[136.706535437450611,37.215810396615822,0.0],[136.7066926600682,37.215663555081377,0.0],[136.706997019469895,37.215491463399943,0.0],[136.707267876531404,37.215379716853363,0.0],[136.707426878286412,37.215219291257512,0.0],[136.70753408323219,37.215083637744989,0.0],[136.70753408323219,37.215083637744989,0.0]]],[[[136.706720367796294,37.209350011021527,0.0],[136.70688893411409,37.20935099884602,0.0],[136.707091745166707,37.209488482308657,0.0],[136.707213738571511,37.2097782056371,0.0],[136.707413168156108,37.209978498794278,0.0],[136.707553688947911,37.209986731082687,0.0],[136.707661020816602,37.209920360492063,0.0],[136.707697564095611,37.209820621443519,0.0],[136.707669895664594,37.209683544765028,0.0],[136.707632999691413,37.209477155035408,0.0],[136.707635915762609,37.209255585897012,0.0],[136.707674627251407,37.209112553110799,0.0],[136.707748868068194,37.208955242539027,0.0],[136.707410216949512,37.208830446018752,0.0],[136.707063573703408,37.208735888376573,0.0],[136.706867440621409,37.208884076369593,0.0],[136.706776492344488,37.209121561989562,0.0],[136.706663509214508,37.209228270678167,0.0],[136.706629845804514,37.209330962797409,0.0],[136.706654965634499,37.209349318202086,0.0],[136.706720367796294,37.209350011021527,0.0],[136.706720367796294,37.209350011021527,0.0]]],[[[136.705208942492305,37.216791294045883,0.0],[136.705242852456394,37.21680365721074,0.0],[136.705323921400094,37.216815524604613,0.0],[136.705384224591199,37.21681881790856,0.0],[136.705452093313596,37.216835729705409,0.0],[136.705735342216002,37.216922789442847,0.0],[136.705927127401708,37.217030896432767,0.0],[136.706050026169294,37.217149948022907,0.0],[136.706090190812006,37.217251689669062,0.0],[136.706298721438998,37.217191005340709,0.0],[136.706497006706513,37.21706844609345,0.0],[136.706848836436308,37.216705599388924,0.0],[136.706594651706411,37.21648903012111,0.0],[136.706489213980689,37.21643961158415,0.0],[136.706332146570901,37.216384226868733,0.0],[136.706178868763914,37.216488803041493,0.0],[136.705960984269012,37.216481161231691,0.0],[136.705566877545294,37.216600578455747,0.0],[136.705287533514309,37.216709570198063,0.0],[136.705208942492305,37.216791294045883,0.0],[136.705208942492305,37.216791294045883,0.0]]],[[[136.707314883712002,37.208566208445703,0.0],[136.707438357836992,37.208512393037218,0.0],[136.707571168868611,37.20850365861677,0.0],[136.707638873510888,37.208532750042778,0.0],[136.707927232424993,37.208530503185202,0.0],[136.708060691658403,37.208116965586242,0.0],[136.708072477677604,37.207956049939916,0.0],[136.70806397304321,37.207872413498613,0.0],[136.707942393472507,37.207514464166621,0.0],[136.707839546072506,37.207535207327098,0.0],[136.707772493320306,37.207596929320893,0.0],[136.707531380399587,37.207736625836993,0.0],[136.707322975016808,37.207726838987583,0.0],[136.707283765056189,37.207853053716512,0.0],[136.707163013171908,37.208052465673482,0.0],[136.707244964551194,37.208307918609279,0.0],[136.707253433368493,37.208397321311359,0.0],[136.707314883712002,37.208566208445703,0.0],[136.707314883712002,37.208566208445703,0.0]]],[[[136.708712255116694,37.208016437279049,0.0],[136.708826715695295,37.207962584664813,0.0],[136.708975219709004,37.207842077807769,0.0],[136.709184929408309,37.207732376544428,0.0],[136.709292656812011,37.207599699690377,0.0],[136.709565791791107,37.207332164944283,0.0],[136.709832502767512,37.207033853606177,0.0],[136.709856813239298,37.206688001410313,0.0],[136.709780623252186,37.206571911047909,0.0],[136.709733907023804,37.206449208270193,0.0],[136.709696684890702,37.206445701656257,0.0],[136.70947752566471,37.206628880040299,0.0],[136.709278898715297,37.206992798277867,0.0],[136.709091343979111,37.207214056382327,0.0],[136.708807545985792,37.207655483727763,0.0],[136.708822787758209,37.207718004678057,0.0],[136.708751245533989,37.207826797679857,0.0],[136.708712255116694,37.208016437279049,0.0],[136.708712255116694,37.208016437279049,0.0]]],[[[136.708619779164906,37.213563724100382,0.0],[136.70939057986331,37.213669307905491,0.0],[136.709495942163187,37.213153340615293,0.0],[136.709181478685309,37.213263516351248,0.0],[136.708690583051208,37.213375775695653,0.0],[136.708619779164906,37.213563724100382,0.0],[136.708619779164906,37.213563724100382,0.0]]],[[[136.705419880317692,37.21566979943335,0.0],[136.705513177625505,37.215626335262947,0.0],[136.705702942973403,37.215647118703266,0.0],[136.705882498968805,37.215530263808333,0.0],[136.705876440318491,37.215408948801247,0.0],[136.70574318473399,37.215386686019038,0.0],[136.705516712095488,37.21532498983219,0.0],[136.705390174872889,37.215246013946768,0.0],[136.705265168553808,37.215334202036047,0.0],[136.705392461641509,37.215568107175628,0.0],[136.705419880317692,37.21566979943335,0.0],[136.705419880317692,37.21566979943335,0.0]]],[[[136.710711453662697,37.213809985945453,0.0],[136.710926009781787,37.213734027982113,0.0],[136.711218634195291,37.213673998168836,0.0],[136.711273420515397,37.213605579482888,0.0],[136.710962531370313,37.213453534286693,0.0],[136.710810730223102,37.21340742317075,0.0],[136.710677549269406,37.213655608628962,0.0],[136.710711453662697,37.213809985945453,0.0],[136.710711453662697,37.213809985945453,0.0]]],[[[136.707431313784014,37.213259896885972,0.0],[136.707521088573486,37.21323646223177,0.0],[136.707628230096702,37.21322124915833,0.0],[136.707611740906714,37.213138285599157,0.0],[136.707466449718112,37.213069772558839,0.0],[136.707344116478112,37.213138607022771,0.0],[136.707360658923193,37.213212737026083,0.0],[136.707431313784014,37.213259896885972,0.0],[136.707431313784014,37.213259896885972,0.0]]]]}},{"type":"Feature","properties":{"口座番号":"573"},"geometry":{"type":"MultiPolygon","coordinates":[[[[136.828857409880186,36.798444712305788,0.0],[136.828937302197289,36.798421492703447,0.0],[136.829136899556005,36.798393677849447,0.0],[136.829422320754588,36.798389550725553,0.0],[136.829738273638412,36.79842129691319,0.0],[136.830019059131899,36.798424559473972,0.0],[136.830168031959801,36.798394131204759,0.0],[136.830321758005709,36.798329164230282,0.0],[136.830418754611401,36.798254164959623,0.0],[136.830532791065991,36.798142193421597,0.0],[136.830862122623103,36.797921003422083,0.0],[136.831034384370895,36.797827706393939,0.0],[136.831212777742593,36.797735659247657,0.0],[136.831397271567795,36.797652267920213,0.0],[136.831543151598993,36.797626765068202,0.0],[136.831827394543893,36.797539951957091,0.0],[136.832088021446992,36.797522724497419,0.0],[136.83241964863069,36.797546553670507,0.0],[136.832575984825098,36.797586480742197,0.0],[136.832934335526886,36.797747906496568,0.0],[136.832963366549905,36.797776369408609,0.0],[136.833049437181103,36.797743293539583,0.0],[136.833234002820888,36.797642622675447,0.0],[136.833392322786892,36.797578899235859,0.0],[136.83359052125229,36.797518988490317,0.0],[136.833753022118913,36.797552760770358,0.0],[136.833970799385298,36.797578050369282,0.0],[136.834141213180999,36.797556315076562,0.0],[136.834525487139587,36.797400671190651,0.0],[136.834771425003908,36.797300169296221,0.0],[136.834889668532099,36.797278287338109,0.0],[136.835107902809312,36.797197451832659,0.0],[136.835218441625699,36.797182952320092,0.0],[136.835565080083711,36.797214767635531,0.0],[136.835848548695111,36.797306872207997,0.0],[136.836047933914188,36.797327170980402,0.0],[136.836538905471713,36.797335938081503,0.0],[136.836796777755211,36.797314441697182,0.0],[136.837332816460588,36.79734509175708,0.0],[136.837592434900301,36.79727423890666,0.0],[136.838074194433403,36.797284208824941,0.0],[136.838303990375209,36.79727990758893,0.0],[136.8385601373474,36.797302826325968,0.0],[136.838778742515188,36.797313918225584,0.0],[136.839041059117193,36.797423276128441,0.0],[136.83920539601479,36.797269229815598,0.0],[136.839261472966911,36.797137987553292,0.0],[136.839243590016991,36.796867489352579,0.0],[136.83917450684919,36.796700182578057,0.0],[136.838971503039289,36.796319464263412,0.0],[136.838761536772409,36.79608415742797,0.0],[136.838604941464808,36.795980393197553,0.0],[136.838362714341287,36.795871290738951,0.0],[136.837964749865193,36.795458139829989,0.0],[136.837801594243899,36.795405385019201,0.0],[136.837652557506686,36.795389665078012,0.0],[136.837491103567601,36.795310124594359,0.0],[136.837386758356502,36.795229466807918,0.0],[136.837170046794199,36.79505003806127,0.0],[136.836960052182889,36.794840168797137,0.0],[136.836912379957397,36.794766321229268,0.0],[136.836803619277589,36.794517786961549,0.0],[136.836691924972513,36.794405802308937,0.0],[136.836425479689098,36.79429348982611,0.0],[136.836251636294804,36.794145026462751,0.0],[136.835800800551198,36.794227968689427,0.0],[136.835560915168912,36.794314048816979,0.0],[136.835419261763292,36.794425916827002,0.0],[136.835121532891094,36.794315377080302,0.0],[136.834942047528813,36.79437228304927,0.0],[136.834553841288596,36.794276797287083,0.0],[136.834260508241414,36.794250464023641,0.0],[136.833907100767391,36.794178036861211,0.0],[136.833786429517687,36.794205764360058,0.0],[136.833583957579492,36.794076352151137,0.0],[136.833338597941491,36.793960851091349,0.0],[136.833192737161994,36.793945134466433,0.0],[136.833078057679188,36.793967404160817,0.0],[136.832992458711288,36.794041525632807,0.0],[136.832664586145796,36.793933446469183,0.0],[136.83206878046829,36.793795271734453,0.0],[136.831854884871291,36.79370921449781,0.0],[136.831412413961999,36.793723260629591,0.0],[136.830785122332486,36.79353030052647,0.0],[136.830499350551491,36.793523404699627,0.0],[136.830089272684205,36.793465254952189,0.0],[136.829924478814206,36.793368374593889,0.0],[136.829728611379693,36.79333969077426,0.0],[136.829388328841986,36.793305199031792,0.0],[136.82903956494971,36.793260835736469,0.0],[136.828585851750404,36.793276130865543,0.0],[136.828243477710288,36.793221578216219,0.0],[136.827830881532691,36.793265052598883,0.0],[136.827543776540807,36.793266785674483,0.0],[136.827413323565906,36.793354437420987,0.0],[136.827317473968606,36.793508524138282,0.0],[136.827154790657005,36.793710896438107,0.0],[136.827006131661307,36.793838022363488,0.0],[136.826648163149514,36.794082083451478,0.0],[136.826713414542212,36.794214439852269,0.0],[136.827164814648796,36.794606319721431,0.0],[136.827354758906495,36.794904052900748,0.0],[136.827567204504788,36.795431045584508,0.0],[136.827560983848713,36.795569944987648,0.0],[136.827495477065895,36.795672592232997,0.0],[136.827419278388589,36.795910517673569,0.0],[136.827319599966813,36.796092799125063,0.0],[136.827171620159589,36.796329618370123,0.0],[136.827271309817093,36.796716428001822,0.0],[136.82754359919889,36.797184926887383,0.0],[136.827572237214412,36.797304079433928,0.0],[136.827665878066597,36.797425353936461,0.0],[136.827957051404212,36.797568256573527,0.0],[136.828325469662701,36.797676969586483,0.0],[136.82843899473599,36.79775035896705,0.0],[136.828503946531612,36.797900263410831,0.0],[136.828550143714011,36.798216767776317,0.0],[136.8286333681271,36.798409635559949,0.0],[136.828765683855408,36.798621777909169,0.0],[136.829141681176594,36.798972387128821,0.0],[136.829828366590903,36.799457775527927,0.0],[136.829800648659102,36.799294645870638,0.0],[136.829744632266312,36.799121727430332,0.0],[136.829615396284311,36.798849882386449,0.0],[136.829548126532899,36.798790710085633,0.0],[136.829416229595807,36.798728883425539,0.0],[136.829137421121601,36.798624436661328,0.0],[136.828936776671696,36.798541189322293,0.0],[136.828897039626611,36.798505290782003,0.0],[136.828857409880186,36.798444712305788,0.0],[136.828857409880186,36.798444712305788,0.0]]]]}},{"type":"Feature","properties":{"口座番号":"574"},"geometry":{"type":"MultiPolygon","coordinates":[[[[136.83162535478661,36.800243071916633,0.0],[136.831890721876391,36.800264797255437,0.0],[136.832540935037002,36.800356707671497,0.0],[136.833250805902992,36.800491971728071,0.0],[136.833358024872012,36.800536695928542,0.0],[136.833437324625891,36.800650445712293,0.0],[136.833472082971696,36.800773943297273,0.0],[136.833522324007987,36.800865399771617,0.0],[136.833625407692494,36.800943178018557,0.0],[136.833860239237396,36.801107339791933,0.0],[136.834115954724012,36.801232689004657,0.0],[136.834421675843402,36.801327327544897,0.0],[136.834749638802805,36.801423878434491,0.0],[136.835299340085299,36.801697507370953,0.0],[136.835512130212607,36.801814712408337,0.0],[136.835636996069496,36.801908873860768,0.0],[136.835728709910086,36.802150699811307,0.0],[136.835823611066104,36.802269394815049,0.0],[136.835933594800309,36.802367925016469,0.0],[136.836327054639696,36.80252732930721,0.0],[136.836746015485687,36.802672426222387,0.0],[136.836985616524203,36.802797035134603,0.0],[136.837472185859809,36.803037903373642,0.0],[136.837897860541005,36.803215120900013,0.0],[136.838272144474587,36.803389359843763,0.0],[136.838389110950686,36.803511101184213,0.0],[136.838464491517101,36.803556967530753,0.0],[136.838860277671813,36.803585514978657,0.0],[136.839626485335287,36.803563561478157,0.0],[136.840295633193705,36.803604904548571,0.0],[136.840541246667414,36.803638270169543,0.0],[136.840769414709001,36.803695176343894,0.0],[136.841222120379996,36.80389754269833,0.0],[136.841637627967202,36.804185916961217,0.0],[136.841887521282302,36.804353096894907,0.0],[136.842287862803403,36.804495109833347,0.0],[136.842863676053298,36.804582626210554,0.0],[136.843112628066194,36.804600755452682,0.0],[136.843393384835508,36.804667834492449,0.0],[136.843709935850598,36.804653556182792,0.0],[136.843881906876987,36.804612880647397,0.0],[136.843669934272697,36.804290532347892,0.0],[136.843698192879003,36.804080944426047,0.0],[136.843822548051492,36.80366917761323,0.0],[136.843820725345097,36.803555028691541,0.0],[136.843699763795399,36.803491765992348,0.0],[136.843434290162293,36.8034916621083,0.0],[136.843213875628408,36.803541656136289,0.0],[136.843061342185109,36.803505455518973,0.0],[136.84299868348981,36.803442984273417,0.0],[136.842923467303791,36.803303403826654,0.0],[136.842938914636989,36.803131955041081,0.0],[136.843201373896107,36.802757059578362,0.0],[136.843316415645802,36.80249298421564,0.0],[136.843316504731888,36.802213762529639,0.0],[136.843127597589103,36.801981146014811,0.0],[136.842696228800293,36.801866537910762,0.0],[136.842601083892788,36.801786001739558,0.0],[136.84264817397559,36.801425759655473,0.0],[136.842690051447107,36.801294068934062,0.0],[136.842767359078209,36.801155454350592,0.0],[136.842728982494606,36.800794405346338,0.0],[136.842567649150396,36.800663162237889,0.0],[136.842379944123593,36.800417702076921,0.0],[136.842358204084405,36.800296710938618,0.0],[136.8424956104096,36.800097795334622,0.0],[136.842558348027893,36.799957290082283,0.0],[136.842459264270303,36.799801536198508,0.0],[136.84235612655209,36.79969759912116,0.0],[136.842221926603486,36.799500410382777,0.0],[136.842047150510894,36.799464765102599,0.0],[136.84194613059671,36.799404639823017,0.0],[136.841945096576495,36.799286173503972,0.0],[136.842090838736397,36.799111343101941,0.0],[136.842087245037987,36.799053953057189,0.0],[136.841757902456209,36.798921015565767,0.0],[136.841383137974191,36.79882497329816,0.0],[136.841067793237187,36.798648265796317,0.0],[136.840741510994491,36.79860238338015,0.0],[136.840642661875108,36.798514961114719,0.0],[136.840622784472714,36.798440164786967,0.0],[136.840666393542108,36.798291648669931,0.0],[136.840678808521801,36.798178248775649,0.0],[136.840581733839088,36.798042734324547,0.0],[136.840179056047987,36.797820869226207,0.0],[136.840056623554688,36.797780395481148,0.0],[136.839906710990391,36.797723007212582,0.0],[136.839726249898689,36.797581835920639,0.0],[136.839411693714794,36.797582204593589,0.0],[136.839293598011892,36.7975695394817,0.0],[136.839066860383411,36.797486237376511,0.0],[136.839041059117193,36.797423276128441,0.0],[136.838778742515188,36.797313918225584,0.0],[136.8385601373474,36.797302826325968,0.0],[136.838303990375209,36.79727990758893,0.0],[136.838074194433403,36.797284208824941,0.0],[136.837592434900301,36.79727423890666,0.0],[136.837332816460588,36.79734509175708,0.0],[136.836796777755211,36.797314441697182,0.0],[136.836538905471713,36.797335938081503,0.0],[136.836047933914188,36.797327170980402,0.0],[136.835848548695111,36.797306872207997,0.0],[136.835565080083711,36.797214767635531,0.0],[136.835218441625699,36.797182952320092,0.0],[136.835107902809312,36.797197451832659,0.0],[136.834889668532099,36.797278287338109,0.0],[136.834771425003908,36.797300169296221,0.0],[136.834525487139587,36.797400671190651,0.0],[136.834141213180999,36.797556315076562,0.0],[136.833970799385298,36.797578050369282,0.0],[136.833753022118913,36.797552760770358,0.0],[136.83359052125229,36.797518988490317,0.0],[136.833392322786892,36.797578899235859,0.0],[136.833234002820888,36.797642622675447,0.0],[136.833049437181103,36.797743293539583,0.0],[136.832963366549905,36.797776369408609,0.0],[136.832934335526886,36.797747906496568,0.0],[136.832575984825098,36.797586480742197,0.0],[136.83241964863069,36.797546553670507,0.0],[136.832088021446992,36.797522724497419,0.0],[136.831827394543893,36.797539951957091,0.0],[136.831543151598993,36.797626765068202,0.0],[136.831397271567795,36.797652267920213,0.0],[136.831212777742593,36.797735659247657,0.0],[136.831034384370895,36.797827706393939,0.0],[136.830862122623103,36.797921003422083,0.0],[136.830532791065991,36.798142193421597,0.0],[136.830418754611401,36.798254164959623,0.0],[136.830321758005709,36.798329164230282,0.0],[136.830168031959801,36.798394131204759,0.0],[136.830019059131899,36.798424559473972,0.0],[136.829738273638412,36.79842129691319,0.0],[136.829422320754588,36.798389550725553,0.0],[136.829136899556005,36.798393677849447,0.0],[136.828937302197289,36.798421492703447,0.0],[136.828857409880186,36.798444712305788,0.0],[136.828897039626611,36.798505290782003,0.0],[136.828936776671696,36.798541189322293,0.0],[136.829137421121601,36.798624436661328,0.0],[136.829416229595807,36.798728883425539,0.0],[136.829548126532899,36.798790710085633,0.0],[136.829615396284311,36.798849882386449,0.0],[136.829744632266312,36.799121727430332,0.0],[136.829800648659102,36.799294645870638,0.0],[136.829828366590903,36.799457775527927,0.0],[136.830225558132298,36.799861183055917,0.0],[136.830433820923304,36.799958023602372,0.0],[136.830960000931498,36.800118998653531,0.0],[136.831040109105999,36.800161107938258,0.0],[136.831259075842297,36.800208843902553,0.0],[136.83162535478661,36.800243071916633,0.0],[136.83162535478661,36.800243071916633,0.0]]]]}},{"type":"Feature","properties":{"口座番号":"575"},"geometry":{"type":"MultiPolygon","coordinates":[[[[136.824030007458504,36.794305664734857,0.0],[136.824232248462209,36.794355833837173,0.0],[136.824453297352193,36.794128807279762,0.0],[136.824783210368906,36.79384967590687,0.0],[136.824812659285698,36.793864788047159,0.0],[136.824865128339212,36.79384135445089,0.0],[136.824909262241789,36.793808210792513,0.0],[136.824903101825299,36.793780397402102,0.0],[136.825167575778806,36.793756793103668,0.0],[136.825558762993609,36.793814586614403,0.0],[136.825742930393091,36.79376288832632,0.0],[136.825932685354701,36.793624221097417,0.0],[136.826434322715613,36.793852231191423,0.0],[136.826648163149514,36.794082083451478,0.0],[136.827006131661307,36.793838022363488,0.0],[136.827064665352111,36.793787966562029,0.0],[136.827154790657005,36.793710896438107,0.0],[136.827317473968606,36.793508524138282,0.0],[136.827413323565906,36.793354437420987,0.0],[136.827543776540807,36.793266785674483,0.0],[136.827830881532691,36.793265052598883,0.0],[136.828243477710288,36.793221578216219,0.0],[136.828585851750404,36.793276130865543,0.0],[136.82903956494971,36.793260835736469,0.0],[136.829388328841986,36.793305199031792,0.0],[136.829728611379693,36.79333969077426,0.0],[136.829924478814206,36.793368374593889,0.0],[136.830089272684205,36.793465254952189,0.0],[136.830499350551491,36.793523404699627,0.0],[136.830785122332486,36.79353030052647,0.0],[136.831412413961999,36.793723260629591,0.0],[136.831854884871291,36.79370921449781,0.0],[136.83206878046829,36.793795271734453,0.0],[136.832664586145796,36.793933446469183,0.0],[136.832992458711288,36.794041525632807,0.0],[136.833078057679188,36.793967404160817,0.0],[136.833192737161994,36.793945134466433,0.0],[136.833338597941491,36.793960851091349,0.0],[136.833583957579492,36.794076352151137,0.0],[136.833786429517687,36.794205764360058,0.0],[136.833907100767391,36.794178036861211,0.0],[136.834260508241414,36.794250464023641,0.0],[136.834553841288596,36.794276797287083,0.0],[136.834942047528813,36.79437228304927,0.0],[136.835121532891094,36.794315377080302,0.0],[136.835419261763292,36.794425916827002,0.0],[136.835560915168912,36.794314048816979,0.0],[136.835800800551198,36.794227968689427,0.0],[136.836251636294804,36.794145026462751,0.0],[136.836162849688492,36.793995937670687,0.0],[136.835912283566302,36.793799420416093,0.0],[136.835695922161904,36.793579398098039,0.0],[136.835587981840291,36.793413894289131,0.0],[136.835528667743887,36.793374820781978,0.0],[136.835358182777497,36.793367967342853,0.0],[136.835260615828389,36.793372160081972,0.0],[136.835179880620586,36.793334939961838,0.0],[136.835112755099289,36.793268416466432,0.0],[136.8350030554912,36.793067446813431,0.0],[136.8346094299512,36.792650848663421,0.0],[136.834442676302103,36.792474157020877,0.0],[136.834340093327398,36.792321787588911,0.0],[136.834240901028494,36.792225010840482,0.0],[136.834057288185392,36.792137111805587,0.0],[136.833831524194608,36.791992786682322,0.0],[136.83365132021359,36.791822992815533,0.0],[136.833421574017109,36.791510876681741,0.0],[136.833194502270089,36.791355387118983,0.0],[136.832904912471889,36.791231324991053,0.0],[136.832737144627288,36.79113837659235,0.0],[136.832591972163186,36.791005388925093,0.0],[136.832226651565207,36.790773574036713,0.0],[136.832084470176,36.790720459396191,0.0],[136.831667889740913,36.790397109702411,0.0],[136.831342802926713,36.790228427211353,0.0],[136.831194980635587,36.790123857811132,0.0],[136.831150360597888,36.789997466627483,0.0],[136.831057084047387,36.789866929613957,0.0],[136.8309068436308,36.789741839012052,0.0],[136.830725696921206,36.789476009736788,0.0],[136.830468372595107,36.789300537307618,0.0],[136.830411323299103,36.789244245701298,0.0],[136.830054355822114,36.789254551529822,0.0],[136.829785623891496,36.789238305425123,0.0],[136.829447152887809,36.789252235974011,0.0],[136.829194670739298,36.789245564792267,0.0],[136.828934044587811,36.789266061861873,0.0],[136.828475933531905,36.789269379816048,0.0],[136.828232753356389,36.789204670521009,0.0],[136.828056118506709,36.789126145531512,0.0],[136.827837705518306,36.78894982470905,0.0],[136.827510705891086,36.78888159027364,0.0],[136.827019552603701,36.788927240512351,0.0],[136.826791144670693,36.789002824218997,0.0],[136.826482794406303,36.78907103146701,0.0],[136.826162764536093,36.788933725462847,0.0],[136.825804314082689,36.78861048375127,0.0],[136.825518475376811,36.788612047083177,0.0],[136.825403230944005,36.78860888944196,0.0],[136.825183598982903,36.788709211555037,0.0],[136.825034733248202,36.788784422717953,0.0],[136.824568957246612,36.789172172663818,0.0],[136.824458208126913,36.789213432761471,0.0],[136.824383447463589,36.789305027403117,0.0],[136.82431745491391,36.789454663780297,0.0],[136.824096529959803,36.78953498972524,0.0],[136.824057217057913,36.789662061939538,0.0],[136.824117313859205,36.789806267491038,0.0],[136.824022215984286,36.790052755626547,0.0],[136.824070862244412,36.790125362127377,0.0],[136.824162928545206,36.790145842976663,0.0],[136.82407569199961,36.790314505434843,0.0],[136.824185075378892,36.790346372334056,0.0],[136.824364897566994,36.790293002710413,0.0],[136.824369982418091,36.790506574657499,0.0],[136.824359565344793,36.790611831848381,0.0],[136.824289027139514,36.790695436804633,0.0],[136.824348155234389,36.790940292622807,0.0],[136.82424297671821,36.791159828534603,0.0],[136.824395325198793,36.79104824158793,0.0],[136.824435495518912,36.791081627661882,0.0],[136.824566149993501,36.791071025091128,0.0],[136.824454562036692,36.791245100660277,0.0],[136.824365981917708,36.791455201098493,0.0],[136.8241113356342,36.791600387550282,0.0],[136.824023039194714,36.791805612143577,0.0],[136.823941301036399,36.791702339804537,0.0],[136.823856167991607,36.791696138448167,0.0],[136.823810786848213,36.791743059278048,0.0],[136.823738977830288,36.791738087628651,0.0],[136.823371537124387,36.791769189721322,0.0],[136.823499811406208,36.791601412250991,0.0],[136.823635272758992,36.791447544651859,0.0],[136.823679202952803,36.791227898484479,0.0],[136.823592185790403,36.791146052017922,0.0],[136.823568232521893,36.791037584829922,0.0],[136.823469365075113,36.790956299782373,0.0],[136.82330745214,36.790731890690218,0.0],[136.823298269973492,36.790632400573628,0.0],[136.823258418976991,36.790435740173308,0.0],[136.823273071783888,36.790139178703733,0.0],[136.823303148495597,36.790036823443117,0.0],[136.823384869909489,36.789977500823348,0.0],[136.823497750394608,36.789905163698428,0.0],[136.823500924272395,36.789857526419269,0.0],[136.82341112015439,36.789736957120184,0.0],[136.823315934573913,36.789494873349817,0.0],[136.823325662231298,36.789306099145662,0.0],[136.823348252195387,36.789222186032468,0.0],[136.823353847292992,36.789129885060959,0.0],[136.823107224816397,36.788971937038973,0.0],[136.823174979430803,36.788889345780127,0.0],[136.823287185016312,36.788863983741919,0.0],[136.823315191047811,36.788676145458439,0.0],[136.823318984923588,36.788628937132913,0.0],[136.823286990926192,36.788523557577953,0.0],[136.823326950001501,36.788486612873669,0.0],[136.823361329403212,36.788292142106293,0.0],[136.823460145216103,36.788207355773629,0.0],[136.823711627984608,36.788155303225317,0.0],[136.823881210494505,36.788188355104062,0.0],[136.824005430525489,36.788277995806141,0.0],[136.824263229823913,36.788236623287588,0.0],[136.824369296936112,36.788169544924259,0.0],[136.824462023957892,36.788040941004787,0.0],[136.824648747582899,36.787969041369891,0.0],[136.824724456920109,36.787899348428702,0.0],[136.824925720035708,36.787854443246367,0.0],[136.824999301259794,36.787792324910178,0.0],[136.824962398635591,36.787612810672577,0.0],[136.824958908739291,36.787455291573032,0.0],[136.824701766705289,36.787375903964389,0.0],[136.824456972549513,36.787292970855432,0.0],[136.824317590690413,36.787316154199218,0.0],[136.824117195154798,36.787401490502631,0.0],[136.8239066465203,36.78741520316094,0.0],[136.823792345206812,36.787450250360102,0.0],[136.823532509434614,36.787478981167581,0.0],[136.823438397486086,36.78744838696592,0.0],[136.823186723407503,36.78729099405848,0.0],[136.822989780591001,36.78730642872447,0.0],[136.822831199335411,36.787407888075862,0.0],[136.8227816228694,36.787439529191872,0.0],[136.822550686572811,36.78756267813133,0.0],[136.822399412591409,36.787669211969707,0.0],[136.822254243291013,36.787815350306573,0.0],[136.821861844792096,36.787980987790647,0.0],[136.8216218047653,36.788024492899858,0.0],[136.821243469696611,36.788053417425601,0.0],[136.821097707393591,36.78814133238663,0.0],[136.820801681952389,36.788184557824628,0.0],[136.820664288224094,36.788345592014707,0.0],[136.82058384866221,36.788534874053383,0.0],[136.820241291327392,36.788793302619688,0.0],[136.819848750809911,36.78875594042605,0.0],[136.819950664765713,36.788914588266579,0.0],[136.819959405772693,36.789066226206018,0.0],[136.820090660511994,36.789220748130347,0.0],[136.820197436017509,36.789462797033067,0.0],[136.820135669150091,36.789690878397828,0.0],[136.820239772746703,36.78982847581652,0.0],[136.820209244934205,36.790099065850953,0.0],[136.820113137535202,36.790352389786811,0.0],[136.82014618969751,36.79058301836119,0.0],[136.820164435026811,36.790970338617853,0.0],[136.820129394405996,36.791148087371703,0.0],[136.819961476739195,36.791384800973972,0.0],[136.819671340231707,36.79145129886664,0.0],[136.819419881954303,36.791553528881067,0.0],[136.819313103593089,36.791615329579272,0.0],[136.818598042163387,36.791750168411909,0.0],[136.818195137239798,36.791928552701897,0.0],[136.818018805088712,36.792059840892151,0.0],[136.817940212593697,36.792063026946543,0.0],[136.817537405336708,36.792277714994079,0.0],[136.817273212170591,36.792490555916487,0.0],[136.817032559698987,36.792793883660899,0.0],[136.816969686959595,36.792920664283912,0.0],[136.81657744704961,36.793088039206737,0.0],[136.816464011914803,36.793086281384397,0.0],[136.816470386076588,36.793163447305787,0.0],[136.81664317749761,36.79326700893759,0.0],[136.8170813862003,36.793265450781782,0.0],[136.817277218592608,36.793322962145787,0.0],[136.817412972848302,36.793398514537017,0.0],[136.817381979840292,36.793434361548179,0.0],[136.81735098155221,36.793557250853382,0.0],[136.817329030710397,36.793870330542482,0.0],[136.817392950531513,36.7940934812137,0.0],[136.817416015828996,36.79419540516065,0.0],[136.81749626557081,36.794160614767847,0.0],[136.817620777417488,36.794077729255108,0.0],[136.817597910270905,36.793968631481079,0.0],[136.817657420595594,36.79393165778697,0.0],[136.817963247227112,36.793968891110808,0.0],[136.818092102729508,36.793966352523171,0.0],[136.818252700432112,36.793910457563918,0.0],[136.818860171833194,36.793895605614452,0.0],[136.819042363687601,36.793844203023667,0.0],[136.819200153258407,36.793836744336552,0.0],[136.81945580143821,36.79396809355822,0.0],[136.819498737697103,36.794018622052121,0.0],[136.819622100876103,36.794177931048083,0.0],[136.819721869762589,36.794459382697681,0.0],[136.81982442050321,36.794669764797653,0.0],[136.819895118487892,36.794767394153723,0.0],[136.819988176137599,36.794850600964807,0.0],[136.82018012655729,36.794804829642217,0.0],[136.820457235856708,36.794654827206422,0.0],[136.821093671768807,36.794398589899153,0.0],[136.822718116047412,36.794303252692352,0.0],[136.823165130507789,36.79409533560311,0.0],[136.823248715270495,36.794024731889749,0.0],[136.823323072057406,36.793965469206277,0.0],[136.823616466064692,36.79410091887442,0.0],[136.823668017078802,36.79416539153857,0.0],[136.823728214374398,36.794118983930701,0.0],[136.823794939145387,36.794101903909358,0.0],[136.823889863347205,36.79413916181911,0.0],[136.823937298164111,36.794173104294501,0.0],[136.824030007458504,36.794305664734857,0.0],[136.824030007458504,36.794305664734857,0.0]]]]}},{"type":"Feature","properties":{"口座番号":"576"},"geometry":{"type":"MultiPolygon","coordinates":[[[[136.784143146458092,36.77975188906084,0.0],[136.784063135468188,36.779673297625067,0.0],[136.783897038482309,36.779449192637372,0.0],[136.783852661033308,36.779285461256251,0.0],[136.783844109403702,36.779223101315317,0.0],[136.783846704262913,36.77886194821582,0.0],[136.783688502408808,36.778545260963789,0.0],[136.783675974082001,36.778333793599288,0.0],[136.783618027112396,36.778259060627647,0.0],[136.783474698128487,36.778164774151179,0.0],[136.783348433798608,36.77801270524288,0.0],[136.783197218164702,36.777897828523407,0.0],[136.783151444292713,36.777860829073717,0.0],[136.782930947765806,36.777898742578572,0.0],[136.782784511560408,36.777924626641173,0.0],[136.782721215086809,36.777930329741118,0.0],[136.782358997127687,36.777955061552817,0.0],[136.782105640711109,36.778011952990717,0.0],[136.781765067539908,36.778113548755101,0.0],[136.781649046248589,36.778157251926629,0.0],[136.781357958097999,36.778261758031213,0.0],[136.781198730684309,36.778524905492269,0.0],[136.781170549659691,36.778599315506447,0.0],[136.781168617831895,36.778620873168087,0.0],[136.781109288027494,36.778787557960257,0.0],[136.781072167229496,36.778926495554913,0.0],[136.78102327017379,36.779102194570818,0.0],[136.780990927662003,36.779364477774728,0.0],[136.780954992116193,36.779670789158203,0.0],[136.7809497561787,36.779739108387723,0.0],[136.7806329473174,36.779964901103803,0.0],[136.780392735670404,36.780048818847177,0.0],[136.780360138190105,36.78006181193912,0.0],[136.780338915698906,36.780326998645599,0.0],[136.78028248529651,36.7805399347613,0.0],[136.78025433555149,36.780633451873278,0.0],[136.780242677834906,36.780930145815709,0.0],[136.780226007813098,36.780987347600821,0.0],[136.78010043802081,36.781042905035697,0.0],[136.779920147683413,36.781180119708878,0.0],[136.779678826201888,36.781393177020568,0.0],[136.779613109140399,36.781434485098487,0.0],[136.779610534087311,36.781497185811247,0.0],[136.779610039450887,36.78171251689178,0.0],[136.779599893777288,36.781967773057232,0.0],[136.779579246493995,36.782029506549023,0.0],[136.77968790709599,36.782129797728039,0.0],[136.77998108310959,36.782388021093197,0.0],[136.780040086593402,36.782520426987581,0.0],[136.780110026917299,36.782639981234979,0.0],[136.77996943449449,36.782660998075443,0.0],[136.779622939871587,36.782833741462277,0.0],[136.779410797852705,36.782930853727088,0.0],[136.779234671367902,36.783005183433758,0.0],[136.779168584305609,36.783033539807327,0.0],[136.779128894003208,36.783090461852488,0.0],[136.77903604382459,36.783196111560777,0.0],[136.778944830431811,36.783312181692352,0.0],[136.778832158305903,36.783441764669988,0.0],[136.7786821392896,36.783609712359109,0.0],[136.778639144600987,36.783651464379247,0.0],[136.778616052773486,36.783678037521753,0.0],[136.778686232393795,36.783770779972457,0.0],[136.778801568418004,36.783957333089177,0.0],[136.778838418692999,36.784028584009299,0.0],[136.778922649871589,36.78423271892251,0.0],[136.7790153838869,36.784456267179863,0.0],[136.779056457054793,36.784536036407729,0.0],[136.779145515635093,36.784703094414297,0.0],[136.779167156480611,36.784743761239788,0.0],[136.779237571296306,36.784722223930721,0.0],[136.779312376832593,36.784712058693067,0.0],[136.779424881370005,36.784715530524679,0.0],[136.779517213900306,36.784718392275202,0.0],[136.779821046039388,36.784773168825957,0.0],[136.78016281924701,36.78488185687015,0.0],[136.780341412212294,36.784828648933178,0.0],[136.780530019970001,36.784683263415289,0.0],[136.780927446643602,36.784664500246507,0.0],[136.781258435846212,36.784474078132803,0.0],[136.781390121132802,36.784420748167001,0.0],[136.781432605556006,36.784346873852002,0.0],[136.781585775509996,36.78435663322265,0.0],[136.781625708301192,36.784341934150227,0.0],[136.781718608195092,36.784310587396128,0.0],[136.781779593653994,36.784293778198993,0.0],[136.781763562146494,36.784122572317813,0.0],[136.781837732229491,36.783924490710881,0.0],[136.781765957252787,36.783657319572868,0.0],[136.781797987743403,36.783542208443798,0.0],[136.781880351444102,36.783607259430802,0.0],[136.781929414043191,36.783376007182603,0.0],[136.781948356352189,36.783345077091248,0.0],[136.782095197643713,36.783113108176117,0.0],[136.782053048674811,36.782965868178138,0.0],[136.782018721198398,36.782805177813593,0.0],[136.782022579513011,36.782627224968451,0.0],[136.782191965903507,36.782592769955762,0.0],[136.782473233938305,36.782517156920989,0.0],[136.78308227994529,36.782294992189172,0.0],[136.783108885964793,36.782242701144973,0.0],[136.783122194853007,36.782206042692479,0.0],[136.783164805958904,36.782173617919,0.0],[136.783487259511503,36.782002576513513,0.0],[136.783522465444491,36.781984642482414,0.0],[136.7837373629946,36.781711777905493,0.0],[136.783931443640711,36.781535181524887,0.0],[136.784015367393096,36.781471834001358,0.0],[136.784113878128011,36.781428527351387,0.0],[136.78435709990589,36.781366600167097,0.0],[136.78473823309389,36.781062459115837,0.0],[136.784970250448907,36.780981409080809,0.0],[136.78487802507081,36.780896592273017,0.0],[136.784820796535712,36.780817340896213,0.0],[136.784795717837312,36.780713412399713,0.0],[136.784770366731294,36.780670273477391,0.0],[136.784510048018291,36.780484358915821,0.0],[136.784449957751605,36.78042450010193,0.0],[136.784347637804814,36.780325108677907,0.0],[136.784301927442812,36.780243574374239,0.0],[136.784192191815691,36.78004509724942,0.0],[136.784205479704298,36.77987200859301,0.0],[136.784172929435414,36.77976967718935,0.0],[136.784143146458092,36.77975188906084,0.0],[136.784143146458092,36.77975188906084,0.0]]]]}},{"type":"Feature","properties":{"口座番号":"577"},"geometry":{"type":"MultiPolygon","coordinates":[[[[136.779875915992591,36.776853820922113,0.0],[136.779816400599486,36.776781830555912,0.0],[136.779758938241713,36.776750743318892,0.0],[136.779674375795395,36.77671684176827,0.0],[136.779704461534891,36.776959906009687,0.0],[136.779650236856099,36.77702394646343,0.0],[136.779493073613708,36.777048882270137,0.0],[136.779491612557592,36.777110623268783,0.0],[136.779557594080899,36.777249033485063,0.0],[136.779691624329701,36.777249815607682,0.0],[136.779670309472294,36.777387567763007,0.0],[136.779650313211903,36.777551375202528,0.0],[136.77955563576549,36.777717113336323,0.0],[136.779101135605089,36.777861721690911,0.0],[136.779048652272508,36.778130815847369,0.0],[136.778853094549191,36.778414866775861,0.0],[136.778829072153513,36.778584444822002,0.0],[136.778745397350889,36.778701774125167,0.0],[136.77879675654529,36.778973134370403,0.0],[136.778743802905495,36.779176678009208,0.0],[136.778572847375813,36.779333566390342,0.0],[136.778504700379699,36.779381541135344,0.0],[136.778329244239501,36.779506092931022,0.0],[136.778221391429412,36.779609346374357,0.0],[136.778198065671887,36.77963298258274,0.0],[136.778200835951509,36.779717177235533,0.0],[136.77820254111009,36.779842380221559,0.0],[136.778250756288088,36.780048522250219,0.0],[136.778223488179805,36.780190664206458,0.0],[136.77819822393451,36.780299792728819,0.0],[136.778243260677186,36.780378110778372,0.0],[136.778349040392499,36.780560751752333,0.0],[136.778411037453793,36.780813153114188,0.0],[136.778304736453293,36.781056371619201,0.0],[136.778259567517807,36.781079870732228,0.0],[136.778227940764111,36.781049759311209,0.0],[136.778236607020801,36.780899831551388,0.0],[136.777905127176211,36.780986904099471,0.0],[136.777897521652505,36.781205955524229,0.0],[136.777872272256786,36.781544208650843,0.0],[136.77776556918559,36.781754707265733,0.0],[136.777769644643712,36.781781840393677,0.0],[136.77778379456629,36.781855060466931,0.0],[136.777813802616095,36.781897799729123,0.0],[136.777910303582303,36.782058664769153,0.0],[136.778307849312398,36.782190930144971,0.0],[136.778407583238902,36.78232128350065,0.0],[136.778580048231788,36.78227837871119,0.0],[136.778519449105488,36.782462918822908,0.0],[136.778458281461496,36.782425590696477,0.0],[136.77831799786469,36.782573465766681,0.0],[136.778091191555603,36.782663464202933,0.0],[136.778009905827389,36.782716805611777,0.0],[136.778085690256887,36.78287455855169,0.0],[136.778057108050291,36.782994221991231,0.0],[136.777934549949606,36.783171689508293,0.0],[136.777815248976196,36.783164507248479,0.0],[136.77777704278131,36.783149675676029,0.0],[136.777515197809691,36.783167836481148,0.0],[136.777550415667491,36.783216400174297,0.0],[136.777682010813692,36.783241281005928,0.0],[136.777689701510695,36.78327888797704,0.0],[136.777695052960894,36.783309380438958,0.0],[136.777533395794393,36.78333011373001,0.0],[136.777531515622087,36.783387097634261,0.0],[136.777426528250999,36.783525708295002,0.0],[136.777329913222587,36.783583022021659,0.0],[136.777358444570694,36.783765612796657,0.0],[136.777608439749713,36.783918190882723,0.0],[136.777667022038599,36.783983057045987,0.0],[136.777754573181511,36.784301591973197,0.0],[136.777772349638497,36.784407306704473,0.0],[136.777847986854795,36.784563155939843,0.0],[136.777892613371392,36.784701583626997,0.0],[136.778066920298897,36.784940046366437,0.0],[136.778235372799088,36.785138821638931,0.0],[136.778402992815813,36.785327556394137,0.0],[136.778472242059109,36.785294018973389,0.0],[136.778578888461595,36.785211568373597,0.0],[136.778730188357201,36.785045574339861,0.0],[136.778935700842112,36.784863747019649,0.0],[136.779054691342793,36.784789855256832,0.0],[136.779167156480611,36.784743761239788,0.0],[136.779145515635093,36.784703094414297,0.0],[136.779056457054793,36.784536036407729,0.0],[136.7790153838869,36.784456267179863,0.0],[136.778922649871589,36.78423271892251,0.0],[136.778838418692999,36.784028584009299,0.0],[136.778801568418004,36.783957333089177,0.0],[136.778686232393795,36.783770779972457,0.0],[136.778616052773486,36.783678037521753,0.0],[136.778639144600987,36.783651464379247,0.0],[136.7786821392896,36.783609712359109,0.0],[136.778832158305903,36.783441764669988,0.0],[136.778944830431811,36.783312181692352,0.0],[136.77903604382459,36.783196111560777,0.0],[136.779128894003208,36.783090461852488,0.0],[136.779168584305609,36.783033539807327,0.0],[136.779234671367902,36.783005183433758,0.0],[136.779410797852705,36.782930853727088,0.0],[136.779622939871587,36.782833741462277,0.0],[136.77996943449449,36.782660998075443,0.0],[136.780110026917299,36.782639981234979,0.0],[136.780040086593402,36.782520426987581,0.0],[136.77998108310959,36.782388021093197,0.0],[136.77968790709599,36.782129797728039,0.0],[136.779579246493995,36.782029506549023,0.0],[136.779599893777288,36.781967773057232,0.0],[136.779610039450887,36.78171251689178,0.0],[136.779610534087311,36.781497185811247,0.0],[136.779613109140399,36.781434485098487,0.0],[136.779678826201888,36.781393177020568,0.0],[136.779920147683413,36.781180119708878,0.0],[136.78010043802081,36.781042905035697,0.0],[136.780226007813098,36.780987347600821,0.0],[136.780242677834906,36.780930145815709,0.0],[136.78025433555149,36.780633451873278,0.0],[136.78028248529651,36.7805399347613,0.0],[136.780338915698906,36.780326998645599,0.0],[136.780360138190105,36.78006181193912,0.0],[136.780392735670404,36.780048818847177,0.0],[136.7806329473174,36.779964901103803,0.0],[136.7809497561787,36.779739108387723,0.0],[136.780954992116193,36.779670789158203,0.0],[136.780990927662003,36.779364477774728,0.0],[136.78102327017379,36.779102194570818,0.0],[136.781072167229496,36.778926495554913,0.0],[136.781109288027494,36.778787557960257,0.0],[136.781168617831895,36.778620873168087,0.0],[136.781170549659691,36.778599315506447,0.0],[136.781198730684309,36.778524905492269,0.0],[136.781357958097999,36.778261758031213,0.0],[136.781649046248589,36.778157251926629,0.0],[136.781765067539908,36.778113548755101,0.0],[136.782105640711109,36.778011952990717,0.0],[136.782358997127687,36.777955061552817,0.0],[136.782721215086809,36.777930329741118,0.0],[136.782784511560408,36.777924626641173,0.0],[136.782930947765806,36.777898742578572,0.0],[136.783151444292713,36.777860829073717,0.0],[136.782945385117387,36.777687025951529,0.0],[136.782998424533588,36.777645231717017,0.0],[136.782661371672305,36.777470632461707,0.0],[136.78225975731749,36.77742692129555,0.0],[136.781993087709793,36.777396177296517,0.0],[136.7816463405984,36.77733812943174,0.0],[136.781366505001301,36.777295467198719,0.0],[136.781208572956189,36.777235659288849,0.0],[136.781144817924201,36.777207968783308,0.0],[136.780366559662411,36.777098487872458,0.0],[136.780181166214192,36.776994007032179,0.0],[136.779926868309502,36.776886502791683,0.0],[136.779875915992591,36.776853820922113,0.0],[136.779875915992591,36.776853820922113,0.0]]]]}},{"type":"Feature","properties":{"口座番号":"671"},"geometry":{"type":"MultiPolygon","coordinates":[[[[136.985323405357803,36.96286060049411,0.0],[136.985285929390386,36.96248607810557,0.0],[136.985211290207303,36.961514827762528,0.0],[136.985125628706697,36.961271042867892,0.0],[136.985009257997291,36.961094153971843,0.0],[136.984813158433411,36.961085736911208,0.0],[136.984710887060913,36.961025256343483,0.0],[136.984585272253298,36.960896434268989,0.0],[136.984581495818389,36.960827510952022,0.0],[136.984811225925796,36.960520907617692,0.0],[136.984832564345709,36.960035587834867,0.0],[136.984912290405191,36.959974816438013,0.0],[136.984879447169391,36.959777233494712,0.0],[136.985092915221401,36.959616060099819,0.0],[136.985234293807991,36.959583139902932,0.0],[136.985315564013803,36.959484595034183,0.0],[136.985307880819192,36.959391734088861,0.0],[136.985515431422101,36.959258410784983,0.0],[136.985536118140914,36.959139597760867,0.0],[136.985583088391905,36.958777159933653,0.0],[136.985446664648208,36.958619637759277,0.0],[136.985300783284487,36.958482775796078,0.0],[136.9851180095053,36.958114449263427,0.0],[136.98508148125859,36.957299096158181,0.0],[136.984625355924209,36.957165424515871,0.0],[136.984466958910701,36.957070667867917,0.0],[136.983620175226008,36.956496153445663,0.0],[136.982893939013991,36.956015423106848,0.0],[136.982985193882911,36.955733366731749,0.0],[136.983202672333192,36.955037596079713,0.0],[136.983316610970007,36.954726387987868,0.0],[136.982701691993213,36.95386269586038,0.0],[136.982175679421914,36.95330737312559,0.0],[136.982064405902406,36.952986888981123,0.0],[136.981867541830411,36.952203062233011,0.0],[136.981512676191301,36.95176667522793,0.0],[136.980619647393098,36.950758517046729,0.0],[136.979735661072311,36.949852168806302,0.0],[136.978908531799192,36.949091480219707,0.0],[136.978629286596203,36.948778077887873,0.0],[136.978441218393613,36.94863495300951,0.0],[136.97821932364721,36.94838039204059,0.0],[136.977518723067703,36.947545743509721,0.0],[136.977180545650413,36.947155129927559,0.0],[136.976957476154098,36.946962074660227,0.0],[136.976719283017189,36.946808300614279,0.0],[136.976379085669691,36.94669693890701,0.0],[136.975890211456999,36.946108333380828,0.0],[136.97516444220301,36.946226016438921,0.0],[136.975461964186792,36.946050088164448,0.0],[136.975704109803587,36.945878780573501,0.0],[136.97554197517951,36.945682248303548,0.0],[136.975202624437287,36.945202948340963,0.0],[136.974305584725613,36.943878811463883,0.0],[136.9736287829802,36.942946761369903,0.0],[136.973497967003794,36.943118858748207,0.0],[136.973488160112794,36.94335140754302,0.0],[136.973418141579714,36.943437977206912,0.0],[136.97331659117151,36.943493839168262,0.0],[136.973243905212598,36.943593089389218,0.0],[136.973299192611506,36.943914424724802,0.0],[136.973263961538692,36.944018231010681,0.0],[136.973022951513514,36.94427735908485,0.0],[136.972939701897502,36.944387163617812,0.0],[136.972868362360003,36.944474258876838,0.0],[136.972897779776588,36.944819455017289,0.0],[136.972743764073499,36.945049126051792,0.0],[136.972626973803699,36.945141432349438,0.0],[136.972332966078113,36.945263576909568,0.0],[136.972219508530713,36.945339503913218,0.0],[136.972219710881291,36.945519212927373,0.0],[136.971997337374091,36.945697501128841,0.0],[136.972000094068903,36.945907871537067,0.0],[136.972036154501296,36.94597030035613,0.0],[136.972254699833712,36.946313957142173,0.0],[136.972228147530188,36.9463974259521,0.0],[136.97179119032981,36.946795241830749,0.0],[136.971448159484595,36.947029357217183,0.0],[136.971009341860508,36.947121661097412,0.0],[136.9707588176081,36.947232245423777,0.0],[136.970733649639186,36.947288230206489,0.0],[136.970763763575292,36.947358050068509,0.0],[136.970818868526294,36.947440595232258,0.0],[136.970822736216405,36.947491595727172,0.0],[136.9708107368713,36.947548659321882,0.0],[136.970673638363792,36.947597060764373,0.0],[136.97051143561319,36.947605902084582,0.0],[136.970360147749091,36.947553367504419,0.0],[136.970281258243887,36.947555185426097,0.0],[136.970089310910794,36.947549935709702,0.0],[136.970078036771611,36.947588038722103,0.0],[136.969766742226511,36.94768021198022,0.0],[136.969643820361313,36.947676270928099,0.0],[136.969489442591794,36.947590801033407,0.0],[136.969305088805413,36.947573302116503,0.0],[136.969083376105601,36.947596853451678,0.0],[136.968850931135194,36.947809501606287,0.0],[136.968602972523399,36.947898040098401,0.0],[136.968472585997404,36.947899317629151,0.0],[136.968279960578997,36.947839196477823,0.0],[136.968095435686706,36.947773294879028,0.0],[136.967969615742192,36.947788412589958,0.0],[136.967843055373493,36.948088420420817,0.0],[136.967607442957814,36.948286234620092,0.0],[136.967597824852703,36.948439500008618,0.0],[136.967552860293893,36.948509722886058,0.0],[136.967490191503288,36.9485276819277,0.0],[136.967367587738408,36.9485196837473,0.0],[136.967162283598213,36.948458026431489,0.0],[136.967062180793306,36.94845997239198,0.0],[136.966775706724491,36.948526701374092,0.0],[136.96668054832611,36.948589330802577,0.0],[136.966752855158887,36.948718021016987,0.0],[136.966767458959993,36.94883166441678,0.0],[136.966735482271787,36.948951209625527,0.0],[136.966634696024613,36.949028779191472,0.0],[136.966502820130501,36.949083580262112,0.0],[136.966320542379606,36.94907613556402,0.0],[136.966111955698608,36.948952774401391,0.0],[136.965859309590286,36.94893081020502,0.0],[136.965673043947191,36.948840924247499,0.0],[136.965521179894296,36.948741827645307,0.0],[136.96533286303719,36.948731993893723,0.0],[136.965181695961093,36.948733867908963,0.0],[136.965072928533914,36.948694302715701,0.0],[136.96493707470799,36.948613854499882,0.0],[136.964751970231305,36.94852757828874,0.0],[136.964429008894797,36.948449289464932,0.0],[136.96429329620571,36.948351137093688,0.0],[136.964036315110803,36.948327525993463,0.0],[136.963456445876403,36.948549287660533,0.0],[136.963235312679586,36.948703640560574,0.0],[136.963010148687488,36.948972351114662,0.0],[136.962868665534302,36.949292782917269,0.0],[136.962714145949491,36.949611697089438,0.0],[136.962540745345308,36.950025509636681,0.0],[136.962417587491501,36.950108269389048,0.0],[136.962278638407213,36.950175304207598,0.0],[136.961740839964193,36.950330603006194,0.0],[136.96160835490349,36.95041783098312,0.0],[136.961413871199198,36.950703036995122,0.0],[136.961318416774986,36.950873300130787,0.0],[136.960995860875414,36.951334691363527,0.0],[136.9608494783933,36.951394237244742,0.0],[136.960624665397091,36.951401093781143,0.0],[136.960424271743392,36.951497162090376,0.0],[136.9602178435523,36.951596920707807,0.0],[136.960010226575491,36.951628201768777,0.0],[136.959846646620207,36.951641130973982,0.0],[136.959633682160501,36.951651330713737,0.0],[136.959447040444587,36.951668624120437,0.0],[136.959265939649498,36.951666546172007,0.0],[136.959063808162,36.951656517938581,0.0],[136.958888763881305,36.9516185371495,0.0],[136.958810627870491,36.951593073702583,0.0],[136.958610383305313,36.951487163538182,0.0],[136.958468753635287,36.951386748461111,0.0],[136.958411216548996,36.951373665201899,0.0],[136.958309736247202,36.951360032607383,0.0],[136.958130895102897,36.951367941047216,0.0],[136.957959392882287,36.951343317865813,0.0],[136.957788817413586,36.951284455799268,0.0],[136.957652936252487,36.951263634712873,0.0],[136.957461153889909,36.95123563985603,0.0],[136.957334608726796,36.951192062077233,0.0],[136.957224841036492,36.951144029490791,0.0],[136.957014551251007,36.951072646485933,0.0],[136.956835747560007,36.951067098450991,0.0],[136.956593584895302,36.95107115549078,0.0],[136.956349579977797,36.951067733500473,0.0],[136.95611081505271,36.951055453606571,0.0],[136.95598809336019,36.950940026623982,0.0],[136.955834842820593,36.950740424830123,0.0],[136.955641619511397,36.950577326132461,0.0],[136.955438067655791,36.950441638812968,0.0],[136.955229846382707,36.950347089731579,0.0],[136.955077149410101,36.95036053280328,0.0],[136.954683019551112,36.950602866908568,0.0],[136.954477978863906,36.950756378724911,0.0],[136.954178609704712,36.951226531546368,0.0],[136.954103347144809,36.951454294005018,0.0],[136.954047657468806,36.951604549578597,0.0],[136.953978341230112,36.951755412443802,0.0],[136.953849367836995,36.952493824772418,0.0],[136.953753386653688,36.95317968976228,0.0],[136.953699521918509,36.95342916087175,0.0],[136.953812571699189,36.953912982437487,0.0],[136.953711242825193,36.954486523865377,0.0],[136.953748350524592,36.95466214702634,0.0],[136.953842364772413,36.954747659781837,0.0],[136.954229497437211,36.955052677946377,0.0],[136.954353094003608,36.95522164809838,0.0],[136.954445533622902,36.955441316761743,0.0],[136.954464585307392,36.955647142811671,0.0],[136.954377094878311,36.956047763504309,0.0],[136.954298501410506,36.956208612923149,0.0],[136.954196754300398,36.956378312778078,0.0],[136.953827295439794,36.956882700700334,0.0],[136.952888584246892,36.958249421465943,0.0],[136.9531311560429,36.958483880988553,0.0],[136.953358106081708,36.958691228873818,0.0],[136.953310989834506,36.959194978779742,0.0],[136.953671388552806,36.959517612693347,0.0],[136.953663444036209,36.959611390233938,0.0],[136.953476091133808,36.960362131761023,0.0],[136.954693771217791,36.961060796968823,0.0],[136.955356698604589,36.960820375738827,0.0],[136.959407578463413,36.959376377112903,0.0],[136.960163913221606,36.959347239523908,0.0],[136.960305691882212,36.95944781764171,0.0],[136.960434192024309,36.959523353150168,0.0],[136.960707435431289,36.959633642120473,0.0],[136.961321783649794,36.959787194250367,0.0],[136.961508331695313,36.959893254498994,0.0],[136.961675200172095,36.960052109279268,0.0],[136.961796267860706,36.960167324620237,0.0],[136.961865897213301,36.960268179191978,0.0],[136.961986701772702,36.96037453080644,0.0],[136.962466455316701,36.960705000089469,0.0],[136.962550761744012,36.960876320882448,0.0],[136.962584567632007,36.96112305001683,0.0],[136.96273033748659,36.961299708523043,0.0],[136.963055914377293,36.961464714879043,0.0],[136.963521136446786,36.961659112393171,0.0],[136.96398270130581,36.961828833927889,0.0],[136.964031175848987,36.961814714113721,0.0],[136.964200754272696,36.961784940120573,0.0],[136.964290319418694,36.961731273623798,0.0],[136.964413372307405,36.961694108776058,0.0],[136.964556661683389,36.961754151236363,0.0],[136.964651427491702,36.961847002130902,0.0],[136.964763306766002,36.961944587092219,0.0],[136.964930069349407,36.962147835351622,0.0],[136.965061416783414,36.962293940012557,0.0],[136.965116317276397,36.962455770995007,0.0],[136.965179295527207,36.962552074879468,0.0],[136.965309456554991,36.962648493574036,0.0],[136.965380369534614,36.962733182020997,0.0],[136.96536426432661,36.962846265902932,0.0],[136.965319123564996,36.962979385072153,0.0],[136.965337316244387,36.963074555835142,0.0],[136.965392362569702,36.963181417850869,0.0],[136.9654686850144,36.963324415221777,0.0],[136.965449461167111,36.963621431154998,0.0],[136.965541143389487,36.963823494172289,0.0],[136.965605340527986,36.963957856556853,0.0],[136.965691968270193,36.964078513930303,0.0],[136.965948680149694,36.96364236149391,0.0],[136.966115260751991,36.963415363538687,0.0],[136.966341140207788,36.963181066735842,0.0],[136.966447011467494,36.962996250867882,0.0],[136.966351114531108,36.962893548749797,0.0],[136.966544794768708,36.962881190363227,0.0],[136.966741130284106,36.962852304947162,0.0],[136.966934920806807,36.962797662000419,0.0],[136.966887710020899,36.962716184700071,0.0],[136.966897002900396,36.962184473640853,0.0],[136.96699063667009,36.962144460275667,0.0],[136.966950067814309,36.96204185255354,0.0],[136.966920089711493,36.961919177203818,0.0],[136.967145413377608,36.961895242272263,0.0],[136.967061315473813,36.961814761024613,0.0],[136.9669919174911,36.961653963622119,0.0],[136.966957982846907,36.961547319864998,0.0],[136.967008421373691,36.961387598993369,0.0],[136.967021950028709,36.961251254754558,0.0],[136.966931575916391,36.961052365332613,0.0],[136.966894992616687,36.960937079311073,0.0],[136.967093309298207,36.960660449567477,0.0],[136.966973977223205,36.960453054840961,0.0],[136.966902189167911,36.96019922753009,0.0],[136.966887527364207,36.960034693894208,0.0],[136.96693824115701,36.959833312056688,0.0],[136.967046256876387,36.959329250835687,0.0],[136.967183065215494,36.958896064968478,0.0],[136.967315698278412,36.958548498163381,0.0],[136.967406918794808,36.958421797944858,0.0],[136.967581165098892,36.958280437743817,0.0],[136.967816014391303,36.958134949556197,0.0],[136.967934717450504,36.958077007011433,0.0],[136.968369526237012,36.958146787510692,0.0],[136.968741720302802,36.957865159691259,0.0],[136.968926464942712,36.957737557050599,0.0],[136.969384781104196,36.957632030879992,0.0],[136.969664632939896,36.957538989303757,0.0],[136.969860914452909,36.957534029362748,0.0],[136.969943862012087,36.957548966842957,0.0],[136.970042551866896,36.957589300280937,0.0],[136.970279276025508,36.957762748727582,0.0],[136.970515033460799,36.957842870967902,0.0],[136.970864256139208,36.957868363063128,0.0],[136.971070859286613,36.957815133954952,0.0],[136.971373930504512,36.957676100757062,0.0],[136.971641055895191,36.957680462593572,0.0],[136.972235710731809,36.957787217943739,0.0],[136.972382057917002,36.957743355648518,0.0],[136.972647011779202,36.957507832633411,0.0],[136.972716415583392,36.957480483525238,0.0],[136.972825415218892,36.957471692082038,0.0],[136.972938068757486,36.957491310714843,0.0],[136.973061030615611,36.957550073374023,0.0],[136.973234652901709,36.957705576936583,0.0],[136.973429147346792,36.957774662448941,0.0],[136.973553811935489,36.957833169630142,0.0],[136.973652295438086,36.957931250791717,0.0],[136.97406038008009,36.958822021655443,0.0],[136.974184857105513,36.958892117904213,0.0],[136.974338841529402,36.958917853599942,0.0],[136.974471728036008,36.958880561752572,0.0],[136.974567895315289,36.958877546119247,0.0],[136.97501902595971,36.959244753242928,0.0],[136.975078885258114,36.959432593002397,0.0],[136.975186396136905,36.959551163984642,0.0],[136.975261877669197,36.959657798518897,0.0],[136.975300265486197,36.959854210687062,0.0],[136.975479223539992,36.960131540650593,0.0],[136.975561865815507,36.960189771671843,0.0],[136.975646393312104,36.960164086247488,0.0],[136.975814401331803,36.959994903541407,0.0],[136.975749000811987,36.959795120067483,0.0],[136.975977297690804,36.959797914670403,0.0],[136.976065947428509,36.959669341849839,0.0],[136.976285973709906,36.959633179109183,0.0],[136.976899981393586,36.958087081865273,0.0],[136.977135439,36.958164979899649,0.0],[136.977036784329499,36.958494496549129,0.0],[136.977267830748588,36.958562171525521,0.0],[136.977336952570113,36.95853776882484,0.0],[136.977480570289487,36.95834742482058,0.0],[136.977792577428488,36.958135165199991,0.0],[136.977821800004392,36.958062769619943,0.0],[136.97815228166121,36.957989999250962,0.0],[136.978433726403409,36.957890657422439,0.0],[136.978190413451614,36.957621800774447,0.0],[136.9782850486082,36.957393966520527,0.0],[136.97839493905289,36.957401615165431,0.0],[136.978355216627307,36.957645982190172,0.0],[136.9785405516769,36.957644144664258,0.0],[136.97867923727199,36.957275635751039,0.0],[136.978517523127891,36.957071498101989,0.0],[136.978727260218193,36.956815600172717,0.0],[136.978614857409013,36.956732624718427,0.0],[136.978314171717898,36.95672558489558,0.0],[136.978003186709799,36.956741731473087,0.0],[136.978047189708491,36.956644692263893,0.0],[136.978130531351496,36.956545580609877,0.0],[136.978184843602094,36.956477699099047,0.0],[136.978319340591213,36.956345728641971,0.0],[136.978466914567207,36.956164024727137,0.0],[136.979125841147692,36.956124966576233,0.0],[136.979323690297491,36.956139813067551,0.0],[136.97911656961179,36.95663310987451,0.0],[136.979168704449705,36.956853951913523,0.0],[136.979227642433614,36.957045866943247,0.0],[136.979432442489099,36.957130504216821,0.0],[136.979691773706691,36.957249547461053,0.0],[136.979599203296402,36.95739207521639,0.0],[136.979521907017812,36.957751531408462,0.0],[136.979433012181602,36.957918829173302,0.0],[136.979300350080706,36.958066032750288,0.0],[136.979115388563201,36.958288791215743,0.0],[136.979276373429087,36.958799584034693,0.0],[136.979752629109214,36.958789945865092,0.0],[136.980000468671705,36.958758941398777,0.0],[136.980175634801611,36.958736791723823,0.0],[136.980706083975406,36.958450859912652,0.0],[136.980763180904887,36.957870381895233,0.0],[136.981068983200089,36.957928220196017,0.0],[136.981339776773297,36.958064060376138,0.0],[136.981762788861204,36.958333123826733,0.0],[136.981940654897898,36.958378558657436,0.0],[136.982133723462397,36.958450117652028,0.0],[136.98217365580939,36.958660388366788,0.0],[136.982254369186592,36.958835897297917,0.0],[136.982422713846205,36.959031496038413,0.0],[136.982443500916105,36.959637494391558,0.0],[136.982502886506609,36.959839487179757,0.0],[136.982639243647412,36.959918534471207,0.0],[136.982858817844686,36.960032564380192,0.0],[136.98274692941709,36.960147913051188,0.0],[136.982732917281709,36.960222946798119,0.0],[136.982897898720097,36.960363269513103,0.0],[136.982925075607994,36.960565748417842,0.0],[136.98273825637429,36.960741468114207,0.0],[136.982735828615006,36.960929102058238,0.0],[136.982599223677596,36.961071178145623,0.0],[136.98251583717871,36.960896875646753,0.0],[136.982298965268996,36.960743209232852,0.0],[136.9822479397221,36.960737878838437,0.0],[136.982123469001891,36.96079859783007,0.0],[136.981900786840214,36.960883317265257,0.0],[136.981750204668714,36.960917739435281,0.0],[136.981674263205889,36.960933374628247,0.0],[136.981297901040307,36.960654277995047,0.0],[136.981610581688301,36.960052325112443,0.0],[136.981364083030797,36.959979414861692,0.0],[136.981173134284489,36.960227537961991,0.0],[136.981019345689191,36.960361022416713,0.0],[136.980778007963409,36.960473756120777,0.0],[136.980644530939287,36.960379992285027,0.0],[136.980197469415714,36.960585428167917,0.0],[136.980359297363208,36.960937171910587,0.0],[136.979818052705212,36.961139286389162,0.0],[136.979634812169593,36.961464059688034,0.0],[136.979445844445308,36.961362967949647,0.0],[136.979063744554992,36.961127686667027,0.0],[136.978847702124597,36.961129459309703,0.0],[136.978768552636694,36.961174789463684,0.0],[136.978667270417191,36.961649800877588,0.0],[136.978398659180897,36.961868197290187,0.0],[136.978555550315292,36.962083039597793,0.0],[136.978725659292991,36.962279931342977,0.0],[136.979011498793,36.962556289528131,0.0],[136.978786874571597,36.962626707354282,0.0],[136.978597047324399,36.962680318853501,0.0],[136.978359856355809,36.96296850967196,0.0],[136.978231517483806,36.962935560016433,0.0],[136.9780328122784,36.962849619207162,0.0],[136.977987172964987,36.962660323896422,0.0],[136.977839648165087,36.962653746007767,0.0],[136.977812218938311,36.963092404262071,0.0],[136.977591795597306,36.963265419162759,0.0],[136.977693016516696,36.963352263583467,0.0],[136.977787629158911,36.963447554047733,0.0],[136.97751060408271,36.963602508373633,0.0],[136.977330298284699,36.963533508990288,0.0],[136.977242170468713,36.963479455540337,0.0],[136.977169763906488,36.963460311664832,0.0],[136.976945540897788,36.963570950653022,0.0],[136.976940518800291,36.964002243968373,0.0],[136.976854699932488,36.964079275468798,0.0],[136.976710795181191,36.963973333724319,0.0],[136.976801893611992,36.963892610537371,0.0],[136.976735891805106,36.963681610724883,0.0],[136.976594613988112,36.963810881043173,0.0],[136.976343480144294,36.964411974501743,0.0],[136.97622829404159,36.96437849134707,0.0],[136.9760569865376,36.96426621014561,0.0],[136.976055755161298,36.964100194322178,0.0],[136.9762381179616,36.964136957538983,0.0],[136.976350113799214,36.964128679554918,0.0],[136.976439852316702,36.964015652694847,0.0],[136.976454268599809,36.963802597083713,0.0],[136.976547834703013,36.963021672757023,0.0],[136.976511053257212,36.962979857835357,0.0],[136.976275444918514,36.96290178263741,0.0],[136.975921931887399,36.962825103702528,0.0],[136.975632097790594,36.963360592802339,0.0],[136.975405371275087,36.963681589223697,0.0],[136.975219072767089,36.963902225965647,0.0],[136.97497099496249,36.964068319905273,0.0],[136.974576590325398,36.964273819450341,0.0],[136.974533601975992,36.964342990896732,0.0],[136.974529436191887,36.964428081353468,0.0],[136.974456586953607,36.964584944793373,0.0],[136.97445479856421,36.964690129920513,0.0],[136.974002761310004,36.964806575493817,0.0],[136.973642787010505,36.964845369573091,0.0],[136.973176059456989,36.964804221019243,0.0],[136.972994894916809,36.96479180935124,0.0],[136.972789859415911,36.964825324739351,0.0],[136.972782687292494,36.964666482483928,0.0],[136.972935384393509,36.964258834907682,0.0],[136.973137209084797,36.96415239533129,0.0],[136.973194061658688,36.964071091009927,0.0],[136.973198971256409,36.963952702433573,0.0],[136.97324262135561,36.963882475464892,0.0],[136.973470554425603,36.963609583659156,0.0],[136.973602088950997,36.963427974396282,0.0],[136.973519382841204,36.96331420061653,0.0],[136.973433307953002,36.963231077523467,0.0],[136.972994122513313,36.963432798728213,0.0],[136.972289238315597,36.963733979979452,0.0],[136.971991123284312,36.963629895040228,0.0],[136.9714515736637,36.963410187328734,0.0],[136.971136942920509,36.963326157612457,0.0],[136.970984337648588,36.963245566326101,0.0],[136.970721600428902,36.963217648068628,0.0],[136.970357371401491,36.96321176106823,0.0],[136.970148442298211,36.963262685215113,0.0],[136.969971138666409,36.963309961154053,0.0],[136.969878129094411,36.963363191848863,0.0],[136.969774334449596,36.963426676198168,0.0],[136.96970383264329,36.963509381007299,0.0],[136.969636070729791,36.963564244864848,0.0],[136.969518504700204,36.963610458517643,0.0],[136.969175011826792,36.963630593148203,0.0],[136.968955962972501,36.963697342845073,0.0],[136.968713923680895,36.963708362904534,0.0],[136.96859968196631,36.963845256667419,0.0],[136.968338717681007,36.963949061966368,0.0],[136.968104573420902,36.964002933195033,0.0],[136.967884797215788,36.964006135036257,0.0],[136.967799332069887,36.964025269897419,0.0],[136.967661419387298,36.964025752573427,0.0],[136.967633956842889,36.963980011489937,0.0],[136.967354693412204,36.964022147983272,0.0],[136.966983997780687,36.964066149632522,0.0],[136.966757958713401,36.964082904264643,0.0],[136.966724046959598,36.96412140219882,0.0],[136.966787365444986,36.964263697319453,0.0],[136.9666276149363,36.964397681055559,0.0],[136.966456104897787,36.964494646048252,0.0],[136.966130323995088,36.964644206144719,0.0],[136.965855914044113,36.964795966390042,0.0],[136.965553918716694,36.964917023061737,0.0],[136.965408937429288,36.964944262391143,0.0],[136.965026259219911,36.964981349913593,0.0],[136.964639085856902,36.965036425044012,0.0],[136.964342293080193,36.965076383416744,0.0],[136.96414975346741,36.965153223810297,0.0],[136.96361872682391,36.965200944399058,0.0],[136.96340982655579,36.965217018136777,0.0],[136.963228672054612,36.964975686513867,0.0],[136.961866363865312,36.965031485835397,0.0],[136.961448753803296,36.965032878975002,0.0],[136.961405451746089,36.965459876930353,0.0],[136.961364232951411,36.96560145884397,0.0],[136.961207454252786,36.965605415985593,0.0],[136.961057179772013,36.965640040392493,0.0],[136.960610672760197,36.966047190041657,0.0],[136.960280112203492,36.966215828858672,0.0],[136.959844576966788,36.966377143929577,0.0],[136.959454160492612,36.966305065778329,0.0],[136.959135026201807,36.966524413383823,0.0],[136.959232309153691,36.966759264910849,0.0],[136.95902363508921,36.967241767335572,0.0],[136.958773028232912,36.967454094630213,0.0],[136.958176596796307,36.967554433836384,0.0],[136.957923962279096,36.967530428726207,0.0],[136.957711186319813,36.96757289366289,0.0],[136.957606072862291,36.967618389235511,0.0],[136.957193824318608,36.967801544879329,0.0],[136.95629526724781,36.968335906165123,0.0],[136.955961724143492,36.969366102766813,0.0],[136.955465209978001,36.96968335537936,0.0],[136.955247067920112,36.969808797374689,0.0],[136.954477703905212,36.970036289242188,0.0],[136.954376461772114,36.970437809870432,0.0],[136.954350763730986,36.970595864308287,0.0],[136.953985186089909,36.970589043286807,0.0],[136.953669774919092,36.970557324258209,0.0],[136.953699545768586,36.970657243198218,0.0],[136.953638875046295,36.970760202672587,0.0],[136.95369918138789,36.970878737897173,0.0],[136.953722604630286,36.970983433384333,0.0],[136.953768935569599,36.971168303340058,0.0],[136.953766717742496,36.971279874760548,0.0],[136.953820546078703,36.97157076876627,0.0],[136.95381797571099,36.971676266529322,0.0],[136.953757489950988,36.971860974671038,0.0],[136.953671541241704,36.972010134408393,0.0],[136.953509059698689,36.972468210161033,0.0],[136.953472947133804,36.972676733979412,0.0],[136.953421084123704,36.972971877457603,0.0],[136.953309103429689,36.97383632197856,0.0],[136.95328186949871,36.974075820599971,0.0],[136.953271014082787,36.974398425233517,0.0],[136.95363374684041,36.974281548133689,0.0],[136.954325543221302,36.97413501636909,0.0],[136.954744011768298,36.974038025332902,0.0],[136.954899940821889,36.974139934434262,0.0],[136.955092527413598,36.974306391314229,0.0],[136.955306993988586,36.974537188347917,0.0],[136.955456197582691,36.974650241282127,0.0],[136.956766342212688,36.974079208516763,0.0],[136.957457367204995,36.973794738627141,0.0],[136.957833991318211,36.973627213602519,0.0],[136.959366869330495,36.972952820109263,0.0],[136.959578748758105,36.972713753062983,0.0],[136.960831173436702,36.972108615499963,0.0],[136.961375592991487,36.971848378581328,0.0],[136.961442951699411,36.971812268686122,0.0],[136.962276982944786,36.971934010631948,0.0],[136.963138256236306,36.972056295375737,0.0],[136.963676083289499,36.972140064733352,0.0],[136.96382784758049,36.972155333174172,0.0],[136.96416102031921,36.972136009351892,0.0],[136.964347360770603,36.972153003270073,0.0],[136.964530948409106,36.97219635158342,0.0],[136.964716463658704,36.972271979381553,0.0],[136.964899803492301,36.972270682484883,0.0],[136.965329302196011,36.972351624279923,0.0],[136.965691590865191,36.972293434591442,0.0],[136.965936102836594,36.972288414135413,0.0],[136.966595292135594,36.972321203056921,0.0],[136.96789750111941,36.972283191513618,0.0],[136.96799066640699,36.972277178901351,0.0],[136.968258915497103,36.972270181054661,0.0],[136.96892671035161,36.972197380710689,0.0],[136.96932717948269,36.972216546317149,0.0],[136.969790771820499,36.972280742449172,0.0],[136.970119912419193,36.972371142142528,0.0],[136.970470807917707,36.972533837609021,0.0],[136.970679027907693,36.972691313110239,0.0],[136.970881455271808,36.972867732207689,0.0],[136.970995947522908,36.972924928388657,0.0],[136.971100011441592,36.972932500293098,0.0],[136.971290558627487,36.97286674434099,0.0],[136.971450552830703,36.972899248854347,0.0],[136.971837135181005,36.973199046057701,0.0],[136.972113800568394,36.97346219137399,0.0],[136.97232440883451,36.973797640049,0.0],[136.972818065524194,36.974480282383972,0.0],[136.973020585437212,36.97463019348838,0.0],[136.973250539231088,36.974873174521868,0.0],[136.973348941671503,36.975036658315688,0.0],[136.973509796830598,36.975251513283688,0.0],[136.973618731292106,36.975373687002133,0.0],[136.973797969346492,36.9755332447318,0.0],[136.974042915462007,36.975723092759097,0.0],[136.974249167911097,36.975852013130563,0.0],[136.974481159639907,36.975947302414362,0.0],[136.974778127287493,36.976038976227571,0.0],[136.974924292904007,36.975815812949747,0.0],[136.974735206506494,36.975693566763411,0.0],[136.97450919195569,36.975543703487858,0.0],[136.974328729625114,36.975433530129372,0.0],[136.974238564902492,36.975351907910529,0.0],[136.974198987028188,36.975160486485798,0.0],[136.974663956676409,36.974919005317233,0.0],[136.974800258644791,36.974831957683378,0.0],[136.975390401866804,36.974690267416598,0.0],[136.97567213581749,36.974856796696507,0.0],[136.97590982809001,36.97497890142629,0.0],[136.976145205397188,36.975085116052483,0.0],[136.976406390713208,36.975095335162877,0.0],[136.976800240040092,36.975086001356708,0.0],[136.977398597018691,36.975059328501729,0.0],[136.977451508396513,36.97493953494125,0.0],[136.977515545205392,36.974756488485262,0.0],[136.977658135188591,36.974603348196908,0.0],[136.977854242439406,36.974435037761182,0.0],[136.978051751141692,36.974282874674572,0.0],[136.978118034586288,36.974213188451571,0.0],[136.978213858670813,36.974075155300007,0.0],[136.978273111306606,36.973848012620913,0.0],[136.978280922073111,36.973703012415783,0.0],[136.978176762054204,36.973251363739031,0.0],[136.978339359631093,36.972672317457622,0.0],[136.978386584564703,36.972410771242323,0.0],[136.9786153134269,36.972300811844043,0.0],[136.978882203669912,36.972129275571348,0.0],[136.979055604508886,36.971978681212903,0.0],[136.979595788154597,36.97134467073159,0.0],[136.979984909411201,36.97096519796483,0.0],[136.980202413293199,36.970833814002781,0.0],[136.980602004418387,36.970610720409141,0.0],[136.98080151479391,36.970518640755571,0.0],[136.981157141018912,36.970396545105167,0.0],[136.981216571517109,36.970369061066791,0.0],[136.981546843796508,36.970213261222057,0.0],[136.981901100628306,36.96998426913666,0.0],[136.982019302376614,36.969859506794577,0.0],[136.982075103274695,36.9697474079857,0.0],[136.982136471420887,36.969598493052622,0.0],[136.982245430825287,36.969453417125692,0.0],[136.982475995562794,36.969233700660332,0.0],[136.982700595407096,36.968972867355482,0.0],[136.982830598769112,36.968833336871597,0.0],[136.982967868020296,36.968649906781799,0.0],[136.983210784107314,36.968291839591423,0.0],[136.983397676788087,36.968009833900609,0.0],[136.983528061449107,36.967874472957369,0.0],[136.983744431562798,36.967730533596303,0.0],[136.984025662575988,36.967605727364862,0.0],[136.985461226352186,36.966957921065983,0.0],[136.986083032743096,36.966665475105742,0.0],[136.985963144158291,36.965914660539752,0.0],[136.985893672026407,36.965809118048753,0.0],[136.985957235159987,36.965599410103771,0.0],[136.985802126968508,36.965048201818313,0.0],[136.985711339755795,36.965088164051963,0.0],[136.985609328225394,36.965178606529797,0.0],[136.985479550155702,36.965270491691072,0.0],[136.985277721910194,36.965305827781798,0.0],[136.985047677964587,36.965531228065359,0.0],[136.984947554673795,36.965605335426012,0.0],[136.984901145097496,36.965663186608467,0.0],[136.984894695044403,36.965771981176161,0.0],[136.984758116538814,36.96587832261342,0.0],[136.984667905897197,36.965952367417678,0.0],[136.984615558430789,36.966015816502747,0.0],[136.984565028069312,36.966086776051377,0.0],[136.984489708766688,36.966132079805917,0.0],[136.984546238788994,36.965970053900463,0.0],[136.98454626213109,36.965873504597269,0.0],[136.984614541618413,36.965778293673687,0.0],[136.984608315640486,36.965693297780803,0.0],[136.984560117847593,36.965628558151387,0.0],[136.984462933019813,36.965547610480712,0.0],[136.984621260918288,36.96549055382188,0.0],[136.984765464467614,36.965189714274018,0.0],[136.984983116319114,36.96499512932018,0.0],[136.984923858227006,36.964924064671052,0.0],[136.984961614823703,36.964742652523157,0.0],[136.984921107991113,36.964680238119648,0.0],[136.984551248800187,36.96439195997678,0.0],[136.984537146897509,36.964290573094708,0.0],[136.984797196221905,36.963898876906917,0.0],[136.985030362361812,36.963915571238473,0.0],[136.985213519886713,36.963947040095348,0.0],[136.985461333841414,36.964030589933813,0.0],[136.98540480344829,36.963674054000798,0.0],[136.985323405357803,36.96286060049411,0.0],[136.985323405357803,36.96286060049411,0.0]]],[[[136.968945641593393,36.963060969724843,0.0],[136.969309123699702,36.963223647424257,0.0],[136.969351909994714,36.963193017245203,0.0],[136.969344177446686,36.963086621395767,0.0],[136.969220712978,36.962660884143887,0.0],[136.969032221843008,36.962609878479917,0.0],[136.968999257800903,36.962626959485327,0.0],[136.968945641593393,36.963060969724843,0.0],[136.968945641593393,36.963060969724843,0.0]]]]}},{"type":"Feature","properties":{"口座番号":"871"},"geometry":{"type":"MultiPolygon","coordinates":[[[[136.890151924890887,37.268919912470778,0.0],[136.890556939549498,37.269004233785303,0.0],[136.890948895602406,37.269104102015667,0.0],[136.891271341402813,37.269190464261158,0.0],[136.891925897141391,37.269381815951228,0.0],[136.892096585371092,37.269397927625178,0.0],[136.892333581047097,37.269421277395459,0.0],[136.892530150757608,37.269470476583422,0.0],[136.892746154809004,37.269585760528287,0.0],[136.892952111291009,37.269767561088173,0.0],[136.893129018115786,37.270005237134377,0.0],[136.893311379170086,37.270175476929687,0.0],[136.893267296028711,37.270013341399149,0.0],[136.893221466649891,37.269932541288753,0.0],[136.893186798389394,37.269821677356717,0.0],[136.89320647210161,37.269728100943183,0.0],[136.89343481945761,37.269446341508832,0.0],[136.893427889993092,37.26935042289373,0.0],[136.893296776224588,37.269225458965977,0.0],[136.893268270342304,37.26920125009886,0.0],[136.893130402716793,37.26909915004628,0.0],[136.892904584516288,37.268977554221813,0.0],[136.8927105176748,37.268782440762067,0.0],[136.892615593799889,37.268671319146442,0.0],[136.892462271281289,37.268498769228799,0.0],[136.892705096593886,37.268289747750323,0.0],[136.892749285343513,37.268188672150288,0.0],[136.89274328512991,37.268116943727961,0.0],[136.892630448019588,37.267966583360113,0.0],[136.892422467299696,37.26777430819007,0.0],[136.892103912296903,37.26757566030269,0.0],[136.891973546342996,37.267464172998963,0.0],[136.891993539856799,37.267321903186208,0.0],[136.892221811210192,37.267097282783482,0.0],[136.892799562037112,37.266880407768973,0.0],[136.89289771159369,37.266872984186477,0.0],[136.892975431526509,37.266836658241637,0.0],[136.893036549832686,37.266757673173508,0.0],[136.893063279458886,37.266675458257481,0.0],[136.893024564011114,37.266570206110202,0.0],[136.892912730632702,37.266485038680408,0.0],[136.892647969949394,37.266496601338943,0.0],[136.892461247696701,37.266452351615889,0.0],[136.892288480993898,37.266375098547769,0.0],[136.892264400272211,37.266282368813378,0.0],[136.8922246712998,37.266116555466837,0.0],[136.892171009764894,37.265952989657201,0.0],[136.892087965802091,37.265836052194302,0.0],[136.891991691833198,37.265739054803873,0.0],[136.89188266382169,37.265674358447889,0.0],[136.891661857283395,37.265568219893972,0.0],[136.891114903953905,37.265632546756557,0.0],[136.891017881103409,37.265534478992329,0.0],[136.891020846086889,37.265484452496459,0.0],[136.891124445731407,37.265304574136117,0.0],[136.891141548271889,37.265192317009088,0.0],[136.891123571337289,37.265035200223068,0.0],[136.891079004573214,37.264867711718381,0.0],[136.890981370959707,37.264666218072122,0.0],[136.890913965804401,37.264537910585943,0.0],[136.890825849004699,37.264424493728818,0.0],[136.890718004883496,37.26432596794745,0.0],[136.890575700203897,37.264236009849817,0.0],[136.890440378270398,37.264120123454312,0.0],[136.890381776442297,37.263736322731859,0.0],[136.890348693580108,37.263637184358203,0.0],[136.89009220474901,37.263569759504747,0.0],[136.889912231591495,37.263559904117358,0.0],[136.889676404182893,37.263577117488992,0.0],[136.889597842532993,37.263587326390457,0.0],[136.889501692114891,37.263519487789111,0.0],[136.889445083539414,37.263398281292602,0.0],[136.889496700360496,37.263271038294583,0.0],[136.889683080936805,37.26306547265137,0.0],[136.889678183609391,37.262878513747481,0.0],[136.889427217128514,37.262654444389341,0.0],[136.889305295601588,37.262519625579941,0.0],[136.889246348888292,37.262422633154728,0.0],[136.889172844643497,37.262349344138407,0.0],[136.888869484503203,37.262189821248008,0.0],[136.88870949936009,37.262095101985821,0.0],[136.888673419793008,37.262009322543513,0.0],[136.888308157310604,37.262099662279567,0.0],[136.888100534785309,37.262119615187373,0.0],[136.887974211130313,37.262099663361973,0.0],[136.887567741295101,37.26189557862395,0.0],[136.887430174016004,37.261855227873099,0.0],[136.887121403961686,37.261842269107937,0.0],[136.886497354969407,37.262070947054298,0.0],[136.886140264434488,37.262196308320689,0.0],[136.885892637232701,37.262200168411347,0.0],[136.885777293858496,37.262168763494792,0.0],[136.885625639187907,37.262176186660632,0.0],[136.885352179667706,37.262332038208413,0.0],[136.885007544058112,37.262422940312007,0.0],[136.8848094794688,37.262517598504679,0.0],[136.8844869878873,37.262770416294863,0.0],[136.88421726943659,37.262931957537823,0.0],[136.883878917758892,37.263052350880372,0.0],[136.883751951016507,37.263072488771982,0.0],[136.883610308800002,37.263071364436712,0.0],[136.883457882975989,37.263060779311957,0.0],[136.88347216093041,37.263188177299433,0.0],[136.883346660585289,37.26334197107608,0.0],[136.883323556019093,37.263470066298389,0.0],[136.883404577806004,37.263636147279122,0.0],[136.883425830266987,37.263668710872018,0.0],[136.883437395989603,37.263995009541183,0.0],[136.883382007402304,37.264075855207707,0.0],[136.883651419421113,37.264368964646451,0.0],[136.883805453658994,37.264476255350417,0.0],[136.884287683576787,37.264677886124232,0.0],[136.884474498239314,37.26470034523328,0.0],[136.884645506139492,37.264740848455062,0.0],[136.884867477727312,37.264831789998198,0.0],[136.885159937636502,37.265013310843592,0.0],[136.885306594675086,37.265120034161008,0.0],[136.885507887199793,37.265217214335912,0.0],[136.885654019170289,37.265334704467413,0.0],[136.885855309416087,37.265500182424653,0.0],[136.88617121313149,37.265844492170061,0.0],[136.886236610843895,37.265816002902277,0.0],[136.886429848686305,37.265876236857579,0.0],[136.886829479026801,37.265776004243158,0.0],[136.887123016301388,37.26577447371151,0.0],[136.887385862930699,37.265796219215218,0.0],[136.887760409214593,37.265707042410931,0.0],[136.88786386951449,37.265738720183883,0.0],[136.887800039787606,37.26589468777221,0.0],[136.886882926459606,37.26607047356817,0.0],[136.886663531701799,37.266253655455372,0.0],[136.886779147124088,37.266378147671702,0.0],[136.887011734421804,37.266526502283931,0.0],[136.887103498045406,37.266716978876111,0.0],[136.887490179147591,37.266960039108483,0.0],[136.887579520764007,37.267007421147923,0.0],[136.887651064978712,37.267018364579222,0.0],[136.887817514264214,37.26706413759311,0.0],[136.888107352358304,37.267312761923797,0.0],[136.888257454969988,37.267352030255509,0.0],[136.888490703372298,37.26756165305779,0.0],[136.888733075547208,37.26776737149752,0.0],[136.889037178138011,37.26801658391647,0.0],[136.889313953875302,37.268382551163192,0.0],[136.889513080615814,37.268537898099602,0.0],[136.890047382213197,37.268768716572943,0.0],[136.890136152573604,37.268906115395637,0.0],[136.890151924890887,37.268919912470778,0.0],[136.890151924890887,37.268919912470778,0.0]]]]}},{"type":"Feature","properties":{"口座番号":"872"},"geometry":{"type":"MultiPolygon","coordinates":[[[[136.788657168887312,37.233833376487432,0.0],[136.788378546643912,37.233680786727369,0.0],[136.788241166127989,37.233515050545122,0.0],[136.788124733959791,37.233312783501752,0.0],[136.787872371721193,37.233284978681347,0.0],[136.787298593703611,37.233240885286548,0.0],[136.786666842898512,37.233047528903818,0.0],[136.786401630073101,37.232948077598593,0.0],[136.786063247749894,37.232802613082782,0.0],[136.785635862709199,37.232548869656043,0.0],[136.785229398633504,37.232222416668897,0.0],[136.784794364317094,37.231799681548758,0.0],[136.7847340236479,37.231830005597097,0.0],[136.784745400818593,37.232193922892442,0.0],[136.784670929313592,37.232406141627237,0.0],[136.78462043151481,37.232522185972272,0.0],[136.784615571239499,37.232612553798752,0.0],[136.784698897723501,37.232682077251312,0.0],[136.78482632254989,37.232740004695138,0.0],[136.784977005332991,37.232843785351363,0.0],[136.784941110857602,37.232975135751524,0.0],[136.784891913721111,37.233085130591611,0.0],[136.784927922573786,37.233261502596982,0.0],[136.78512232320881,37.233721087971297,0.0],[136.785194646880711,37.233934953100793,0.0],[136.785292111671907,37.234112512358251,0.0],[136.785457052614902,37.234300852716117,0.0],[136.785761261034509,37.234496752588498,0.0],[136.786068034644813,37.234503281751493,0.0],[136.78622851501899,37.234446537700727,0.0],[136.786474554122492,37.234272430832732,0.0],[136.786625065454899,37.234411423241781,0.0],[136.786690290582413,37.234578313014623,0.0],[136.78664532357169,37.234780582664477,0.0],[136.78658026355771,37.23508276021564,0.0],[136.78654650001431,37.235191383254147,0.0],[136.786543778124809,37.235320025429687,0.0],[136.78662952517729,37.235372367094627,0.0],[136.786758466120091,37.235358894372567,0.0],[136.7869981029923,37.235183701673201,0.0],[136.787258359187405,37.235036794371922,0.0],[136.78735609938451,37.235004737026443,0.0],[136.787536734973401,37.235002825625862,0.0],[136.787628810275692,37.235065371416653,0.0],[136.787747448767107,37.235213491561353,0.0],[136.787856901407196,37.235330043506579,0.0],[136.787992689346197,37.235370317692528,0.0],[136.788327959477499,37.235376368917997,0.0],[136.78867765471071,37.235819879784117,0.0],[136.788894393881804,37.236034308896883,0.0],[136.789221830699404,37.236407248918383,0.0],[136.789284875568399,37.236591559052783,0.0],[136.788899929604412,37.236825581923092,0.0],[136.788609184915003,37.237008520897732,0.0],[136.788531871349591,37.237203126530957,0.0],[136.78829335814109,37.237926603691193,0.0],[136.788369989931795,37.238456234989293,0.0],[136.788442381110713,37.238659534255802,0.0],[136.788756539310612,37.239008160150092,0.0],[136.788759657883901,37.23914883121153,0.0],[136.788650242482703,37.239370351200357,0.0],[136.788646526836601,37.239526455732729,0.0],[136.788923637063988,37.239894740889788,0.0],[136.78894094412189,37.239957008354203,0.0],[136.788891933887498,37.240069537502933,0.0],[136.788708741289412,37.240297844638732,0.0],[136.788555869185501,37.240628369817308,0.0],[136.788192880137814,37.240992264525119,0.0],[136.788345230776287,37.241172909856807,0.0],[136.788363021049605,37.24135224749466,0.0],[136.78836227635739,37.241916649211532,0.0],[136.788391397733591,37.242321785899797,0.0],[136.788606973787694,37.242810517477068,0.0],[136.788835270437602,37.243113394173641,0.0],[136.788947739902909,37.243603521714221,0.0],[136.788951081705704,37.244110616285937,0.0],[136.788908718558105,37.244361675646843,0.0],[136.788873437365794,37.244664404036577,0.0],[136.788893741157608,37.245303019368997,0.0],[136.788904438616498,37.245513164532291,0.0],[136.78889758172761,37.24571034229848,0.0],[136.788795580945987,37.245848525900307,0.0],[136.788677405015704,37.245991352664383,0.0],[136.788647466332407,37.246106289907267,0.0],[136.788646962105105,37.246207235551203,0.0],[136.78868012159981,37.246329417443746,0.0],[136.7886643484226,37.246547694591577,0.0],[136.788602373174513,37.246903159081093,0.0],[136.788480390724914,37.247219696825702,0.0],[136.78848474183701,37.247391560629588,0.0],[136.788577618775008,37.247629369726972,0.0],[136.788712198189188,37.247844330355157,0.0],[136.789001073193504,37.248215571196432,0.0],[136.789230308411987,37.248179914501321,0.0],[136.789407047981996,37.248071314007177,0.0],[136.789529717566893,37.247910893712941,0.0],[136.789687784892408,37.247759727042251,0.0],[136.789892273621291,37.247665663763819,0.0],[136.789998965265511,37.2476182874885,0.0],[136.790206095490589,37.247490222536292,0.0],[136.790318793341896,37.247376040000063,0.0],[136.790376325198991,37.247256824971437,0.0],[136.790480440216697,37.247118531410578,0.0],[136.790594213492909,37.246996881654582,0.0],[136.79066941090619,37.246907479681312,0.0],[136.790836443015706,37.246514587534683,0.0],[136.790988162675006,37.24627768707515,0.0],[136.79095974162999,37.245960686680483,0.0],[136.79100294519489,37.245600450215079,0.0],[136.790948134823196,37.245174432970281,0.0],[136.790937488348305,37.244981490699033,0.0],[136.790890554670199,37.244815341014288,0.0],[136.790894168783012,37.24471492154634,0.0],[136.791025191705103,37.244485112954841,0.0],[136.791030917782194,37.244377230709382,0.0],[136.790993959722897,37.244293282238161,0.0],[136.7909901276075,37.244019368889482,0.0],[136.791128376447801,37.243998994904658,0.0],[136.791770913392696,37.24363070602692,0.0],[136.79194434854989,37.2435562394963,0.0],[136.792558421811691,37.24334480518101,0.0],[136.79274831369591,37.243315399109918,0.0],[136.793158614587099,37.243347295467537,0.0],[136.793445127741904,37.243393205787321,0.0],[136.79391015363521,37.243408236142052,0.0],[136.794007117800305,37.24342714246108,0.0],[136.794049336309513,37.243222293406447,0.0],[136.79428532364301,37.242636132244023,0.0],[136.794285903455688,37.24251828152871,0.0],[136.794166046562111,37.242162329301692,0.0],[136.794139513745989,37.241952777153337,0.0],[136.794353845019288,37.241085061418246,0.0],[136.79441816843061,37.240771371889132,0.0],[136.79437957322699,37.240558791874932,0.0],[136.794169082956188,37.24007217446691,0.0],[136.794038290575486,37.23920314583156,0.0],[136.794046185908712,37.23909048515381,0.0],[136.794300498355312,37.238726231527757,0.0],[136.794360538314493,37.238458792499863,0.0],[136.794359615556289,37.238155079594677,0.0],[136.794155103879689,37.238378356712381,0.0],[136.794016456245487,37.238531218206077,0.0],[136.793671088653213,37.238715497151908,0.0],[136.793490072350096,37.238811611908602,0.0],[136.793232041189214,37.238924699656629,0.0],[136.792995794217887,37.239061427361321,0.0],[136.792750617030009,37.2392083001603,0.0],[136.792400854888086,37.23937035762615,0.0],[136.792053378034609,37.23957115278359,0.0],[136.7916095257292,37.239875585343697,0.0],[136.791411068813886,37.240013992093068,0.0],[136.791157267458601,37.240083414483408,0.0],[136.790838296056108,37.23979600703786,0.0],[136.790736033447189,37.239483600137923,0.0],[136.79055360629269,37.239008256503993,0.0],[136.790341163914206,37.238856409675492,0.0],[136.790179409987104,37.238685024902438,0.0],[136.790079552671813,37.238387032315202,0.0],[136.790076177492011,37.238126400092902,0.0],[136.790203602405796,37.237970763598923,0.0],[136.790572121924214,37.237764432901379,0.0],[136.790784816496512,37.237579186837763,0.0],[136.790891411713687,37.237436764337517,0.0],[136.79094212128831,37.237259303282109,0.0],[136.790907980177508,37.237026793235273,0.0],[136.790936325541708,37.236850169546003,0.0],[136.790936282698311,37.236726409853617,0.0],[136.790759703841303,37.236461165614173,0.0],[136.790783803108411,37.236207260064347,0.0],[136.790865497603988,37.236061437843148,0.0],[136.790932245883994,37.235843430775802,0.0],[136.791025084823787,37.235595431163723,0.0],[136.791171419854692,37.235258427837508,0.0],[136.791315453310602,37.234973934956571,0.0],[136.791147500921397,37.234744643073711,0.0],[136.790908302229695,37.23454604633649,0.0],[136.790179195148909,37.234205088162867,0.0],[136.789744487006402,37.233948062480827,0.0],[136.789472907321795,37.233869177831288,0.0],[136.788769104002313,37.233868593996363,0.0],[136.788657168887312,37.233833376487432,0.0],[136.788657168887312,37.233833376487432,0.0]]],[[[136.789659371101806,37.225775351408508,0.0],[136.789555734760512,37.225873189976873,0.0],[136.789357685986602,37.226032918493821,0.0],[136.789170538512195,37.22616858242656,0.0],[136.789044278769808,37.226203752142261,0.0],[136.788927414130001,37.226188263872032,0.0],[136.788772791163012,37.226158863180423,0.0],[136.788547767421591,37.226055897956392,0.0],[136.78842376166989,37.225994437631037,0.0],[136.7883526070828,37.226018351714373,0.0],[136.788359071385514,37.226146181823147,0.0],[136.788271950562489,37.226255606508282,0.0],[136.788162094115705,37.226382637791509,0.0],[136.78808164522539,37.226502640422737,0.0],[136.787853781145799,37.226794481663092,0.0],[136.787542286119702,37.226930503058739,0.0],[136.787468397671603,37.227010445684122,0.0],[136.787240796706612,37.227071975095591,0.0],[136.786994617169313,37.227082232247142,0.0],[136.786789618909893,37.227143832344503,0.0],[136.786799141366089,37.227248296038148,0.0],[136.787042043374697,37.227474964463887,0.0],[136.787041463206492,37.22759070045727,0.0],[136.787024899407299,37.227644712608658,0.0],[136.786999291864191,37.227743038692132,0.0],[136.786973330705592,37.227911654668333,0.0],[136.786921815006309,37.228227506724167,0.0],[136.787036574746196,37.228299472304158,0.0],[136.787262240918807,37.228396586871447,0.0],[136.787444887117488,37.228535746173918,0.0],[136.787594845786089,37.228682834168723,0.0],[136.787660671992995,37.228833341998872,0.0],[136.787683964341397,37.228981585215053,0.0],[136.787622753197297,37.229289384619243,0.0],[136.787446509529389,37.229649083165469,0.0],[136.787307628950714,37.229803076221458,0.0],[136.787377509747188,37.229858528629073,0.0],[136.787560561192493,37.229959353963338,0.0],[136.787757389439889,37.229935333386663,0.0],[136.787849505121898,37.229878461141567,0.0],[136.787798977708803,37.230099495914892,0.0],[136.788002503006908,37.230169602485283,0.0],[136.787990835789998,37.230219366247269,0.0],[136.788130928135303,37.230227283583083,0.0],[136.788190188606194,37.230261482606117,0.0],[136.788443404985401,37.230393358511392,0.0],[136.788644253571789,37.230367384835809,0.0],[136.788684559527496,37.230194871886411,0.0],[136.788793431126408,37.230020659195617,0.0],[136.789132609831711,37.229773952983287,0.0],[136.789338507453294,37.229694849945133,0.0],[136.78955542543369,37.229704388169473,0.0],[136.790058484349998,37.229988192013472,0.0],[136.790317363684608,37.230113516282159,0.0],[136.790474323129388,37.23015095507207,0.0],[136.790566417136887,37.230127587441388,0.0],[136.790653946568511,37.23005980466057,0.0],[136.790860482300189,37.22985627807136,0.0],[136.791053811614091,37.229803771438178,0.0],[136.791248527970595,37.229819680143649,0.0],[136.791385607902896,37.229864598087637,0.0],[136.79147880410801,37.229922979450542,0.0],[136.791606923178591,37.230042906032473,0.0],[136.791534349403605,37.230444400014953,0.0],[136.791554508584596,37.230565645418352,0.0],[136.791643207839286,37.230647962694178,0.0],[136.791828902898914,37.230701656089778,0.0],[136.792020960666093,37.230698262775817,0.0],[136.792162244162711,37.230675469430487,0.0],[136.792282832567309,37.23063933051214,0.0],[136.792577842798693,37.23057851354789,0.0],[136.792860281030812,37.230576413590413,0.0],[136.793065849393003,37.230673343720063,0.0],[136.793321352236887,37.23085343059784,0.0],[136.79359918213629,37.230715694860471,0.0],[136.793843823451908,37.230620440599893,0.0],[136.794388184505095,37.230374479509393,0.0],[136.794809506346297,37.230231531867261,0.0],[136.794926047083806,37.230173797224452,0.0],[136.795103182117714,37.23003657176357,0.0],[136.795230770838714,37.229899840368773,0.0],[136.7951006794259,37.229757006520749,0.0],[136.795050467940314,37.229562511666757,0.0],[136.795039181983412,37.229255627142983,0.0],[136.795015257226595,37.228918019379933,0.0],[136.794900990637188,37.228744090910787,0.0],[136.794555976492205,37.228527728637722,0.0],[136.794336779200705,37.2286518114431,0.0],[136.794371876410111,37.228555104997611,0.0],[136.794465185988997,37.228480965631128,0.0],[136.794582937026291,37.228416775788652,0.0],[136.794494352867503,37.228337972757608,0.0],[136.794390256838795,37.22826807725864,0.0],[136.794297782986405,37.228206213959247,0.0],[136.794155599762888,37.228152499084644,0.0],[136.793819905026311,37.228058712597417,0.0],[136.793470522521204,37.227992787401988,0.0],[136.793096912201889,37.227979989429627,0.0],[136.7926896408716,37.228021010470137,0.0],[136.792612933278491,37.228021892840701,0.0],[136.792555595177788,37.227899849772733,0.0],[136.792677615562013,37.227777044914923,0.0],[136.792846142778103,37.227701216789548,0.0],[136.793544019638802,37.227273220338262,0.0],[136.793576238476987,37.22699043374277,0.0],[136.793544170580105,37.226944554273892,0.0],[136.793423891487691,37.22692656804859,0.0],[136.793177510420094,37.226969947741438,0.0],[136.793007110042311,37.22690529916666,0.0],[136.792854403007311,37.226930718541368,0.0],[136.792759571092688,37.226862934259003,0.0],[136.792515868310204,37.226802800702792,0.0],[136.791528507103607,37.226694034008027,0.0],[136.791405913983709,37.226570798715073,0.0],[136.791390560579714,37.226568838764607,0.0],[136.791169332498811,37.226622819210043,0.0],[136.79108221777841,37.226559251924208,0.0],[136.79111695492071,37.226528748795772,0.0],[136.79125058507401,37.2263981531515,0.0],[136.791712899003187,37.226385084213788,0.0],[136.792212767764198,37.226406699667137,0.0],[136.792506288906708,37.226533329035782,0.0],[136.792776698442793,37.225991780325813,0.0],[136.793208557746397,37.225989400463163,0.0],[136.793381158236201,37.225928523368523,0.0],[136.793533408012195,37.225784582157949,0.0],[136.793598643719889,37.225605505460322,0.0],[136.793735625751111,37.22561091742714,0.0],[136.794349962949809,37.226059394965432,0.0],[136.794438042476912,37.226300373430249,0.0],[136.794493879392689,37.226343709565732,0.0],[136.794637050360791,37.22635743937429,0.0],[136.79477837389129,37.2263246836756,0.0],[136.794836702402506,37.226283366037819,0.0],[136.794815234346999,37.225368176478128,0.0],[136.794710269224311,37.225384686350679,0.0],[136.794482022515894,37.225087239716302,0.0],[136.79473520109471,37.225105305264087,0.0],[136.794688198061294,37.224894585374763,0.0],[136.794698366121594,37.224617599072722,0.0],[136.794671318043413,37.224545712733267,0.0],[136.794514821689489,37.224132040719091,0.0],[136.794374463751012,37.224018913801423,0.0],[136.794103319325387,37.223935894063359,0.0],[136.793776184919807,37.223896129358977,0.0],[136.793607389534088,37.223891504859331,0.0],[136.793471135030813,37.223938269754854,0.0],[136.793315270355293,37.224015488652697,0.0],[136.793198210432791,37.22410615296598,0.0],[136.793119644082196,37.224237729267919,0.0],[136.793005254092208,37.224385303858853,0.0],[136.792939419372004,37.224472411432941,0.0],[136.792849135974109,37.224513589449593,0.0],[136.792701862331398,37.224537547939583,0.0],[136.792529544534204,37.224572528194741,0.0],[136.792479348943004,37.224616775656422,0.0],[136.792426490527987,37.224736727883368,0.0],[136.792349863963409,37.224973836969973,0.0],[136.792296209892896,37.225217045390217,0.0],[136.792184129265195,37.225361868088179,0.0],[136.792017428475901,37.22538354389998,0.0],[136.791898946175792,37.225369213202342,0.0],[136.791789854329608,37.225362841178153,0.0],[136.791570883919007,37.225286657279987,0.0],[136.791293716435888,37.225188085527407,0.0],[136.791193928337293,37.225154464245463,0.0],[136.791119738770902,37.225162178819843,0.0],[136.791071441919001,37.225218464526549,0.0],[136.791055227656301,37.225274486103892,0.0],[136.791093092609913,37.225376888376232,0.0],[136.791130804382703,37.225509976428498,0.0],[136.7910666491928,37.22555068532531,0.0],[136.790947667717404,37.22554223739219,0.0],[136.790811243700006,37.225468049508699,0.0],[136.790517467687295,37.225385290383997,0.0],[136.790201303779213,37.225435513447373,0.0],[136.789987702957291,37.225539745092448,0.0],[136.789659371101806,37.225775351408508,0.0],[136.789659371101806,37.225775351408508,0.0]]]]}},{"type":"Feature","properties":{"口座番号":"873"},"geometry":{"type":"MultiPolygon","coordinates":[[[[136.76716865090421,37.217052416987308,0.0],[136.766792055407706,37.217056576430707,0.0],[136.766378867924203,37.217052686452213,0.0],[136.766249042933595,37.217042310840299,0.0],[136.766562891395608,37.21734170426641,0.0],[136.766812488929588,37.217515843200609,0.0],[136.76684071544841,37.217537874776554,0.0],[136.767031282829294,37.217809795105232,0.0],[136.767099461317599,37.21805790438286,0.0],[136.76732188066461,37.218358448937309,0.0],[136.767339031612494,37.218053593878018,0.0],[136.767297651262908,37.217751465639587,0.0],[136.767239920263393,37.217429540203447,0.0],[136.76716865090421,37.217052416987308,0.0],[136.76716865090421,37.217052416987308,0.0]]],[[[136.76716865090421,37.217052416987308,0.0],[136.767188825247302,37.217073000235452,0.0],[136.767415734961787,37.217216741849953,0.0],[136.767637651044595,37.217553566490693,0.0],[136.767903006497392,37.217498619605763,0.0],[136.768359601725194,37.217590638726072,0.0],[136.768546493067987,37.217703981727603,0.0],[136.768506189819107,37.217745726430167,0.0],[136.768476157887392,37.217801466008382,0.0],[136.768477950219392,37.218075504001668,0.0],[136.768505211573995,37.218177969805168,0.0],[136.768558370239106,37.21827328384343,0.0],[136.768827498914902,37.218528799737463,0.0],[136.768879859839501,37.2186562057122,0.0],[136.768945605353707,37.218867880128137,0.0],[136.769279116344308,37.219131656467361,0.0],[136.769592234461697,37.219428777517457,0.0],[136.769889879130801,37.219684235170973,0.0],[136.770009178073309,37.219775304071717,0.0],[136.770153449745294,37.219831036515181,0.0],[136.770428434334207,37.219914166242702,0.0],[136.770620720011607,37.219986678331964,0.0],[136.770939096480589,37.219990070107912,0.0],[136.771081664407205,37.220020984829368,0.0],[136.771407425143309,37.220176382426573,0.0],[136.771498855126907,37.220205217381029,0.0],[136.771669516993512,37.220209405598339,0.0],[136.77207497547019,37.220094055822727,0.0],[136.772130791223503,37.220052877943267,0.0],[136.7723948795377,37.21974560130667,0.0],[136.772511130565704,37.219645164928252,0.0],[136.772593441422913,37.219606143995577,0.0],[136.772703472623306,37.219582726418359,0.0],[136.77287348527031,37.219586910738563,0.0],[136.77310968941859,37.219668354457937,0.0],[136.773510706878,37.219884257806328,0.0],[136.773923345744009,37.219891406654853,0.0],[136.774096033472489,37.219914647148421,0.0],[136.774255753214192,37.219970016687448,0.0],[136.774552132081595,37.220120163734101,0.0],[136.774733538469292,37.22022532715291,0.0],[136.775116672717388,37.220573186406341,0.0],[136.775598669348597,37.220545530741589,0.0],[136.775794598598111,37.220612655890527,0.0],[136.775933105722089,37.22052683029144,0.0],[136.775991646579911,37.220344953029517,0.0],[136.775916689755292,37.220164097930322,0.0],[136.775511843718505,37.219781977834259,0.0],[136.775185931060008,37.219508145126682,0.0],[136.775039336920003,37.219389936447463,0.0],[136.77477142742751,37.218888441868032,0.0],[136.774665060357592,37.218712536470001,0.0],[136.774531881604787,37.218586971442853,0.0],[136.774430479490604,37.218505201154429,0.0],[136.774124006187293,37.218322963400887,0.0],[136.773997069256211,37.218240850386991,0.0],[136.773851161902911,37.218201588105167,0.0],[136.773592102031614,37.218206668938677,0.0],[136.773517818163498,37.218194013786658,0.0],[136.773426291682711,37.218140454762981,0.0],[136.773337513440111,37.21805588237153,0.0],[136.77327083589509,37.217948116050273,0.0],[136.7732160185532,37.217797475304678,0.0],[136.773125298527106,37.217588805699037,0.0],[136.773083987014587,37.217442537001133,0.0],[136.773033280060787,37.217253447631798,0.0],[136.773025546572086,37.217180461644183,0.0],[136.773142856980911,37.216940664181202,0.0],[136.773174627456797,37.216752309327987,0.0],[136.773173353583189,37.216469328371247,0.0],[136.773122572191113,37.216212871801687,0.0],[136.773112981639798,37.216035156170932,0.0],[136.773104267894411,37.216027462173876,0.0],[136.77308942261871,37.216022759391826,0.0],[136.772787356919309,37.215961443316992,0.0],[136.771872967774186,37.21625776658685,0.0],[136.771668449382389,37.216425122750131,0.0],[136.770681516308713,37.215941496086216,0.0],[136.770591257180513,37.215893627056488,0.0],[136.770464038328811,37.215743259227487,0.0],[136.770373266106702,37.215546479555123,0.0],[136.770001151593391,37.215760859081229,0.0],[136.769680611845502,37.216039106931838,0.0],[136.76940053924659,37.215922637163487,0.0],[136.768813165676505,37.215826339518173,0.0],[136.76879175743241,37.21589865748367,0.0],[136.768759689263504,37.215911710818013,0.0],[136.768681926699088,37.215920955620582,0.0],[136.768445114469188,37.21592381559288,0.0],[136.768594476243294,37.216382053016517,0.0],[136.768666224167589,37.216830821667799,0.0],[136.768360715249997,37.216847777734273,0.0],[136.768106316456198,37.216890793669741,0.0],[136.767769641338504,37.216932070362397,0.0],[136.76748033427171,37.217006410636188,0.0],[136.76723809003289,37.217048348260043,0.0],[136.767166961958111,37.217050693730329,0.0],[136.76716865090421,37.217052416987308,0.0],[136.76716865090421,37.217052416987308,0.0]]]]}},{"type":"Feature","properties":{"口座番号":"875"},"geometry":{"type":"MultiPolygon","coordinates":[[[[136.905422053406397,37.265035386526428,0.0],[136.905387236654605,37.265169541058057,0.0],[136.905268936779493,37.265165529423413,0.0],[136.905176102134504,37.265152104847942,0.0],[136.905053411410705,37.265156375494357,0.0],[136.904920237486408,37.265162553057053,0.0],[136.90470349939369,37.265320590487157,0.0],[136.904594776503501,37.265358136033967,0.0],[136.904442821218595,37.265331913723777,0.0],[136.904399851135395,37.265308626172072,0.0],[136.904335118914105,37.265256893091284,0.0],[136.904304969786097,37.265193885989049,0.0],[136.904343766311001,37.265196879901929,0.0],[136.9043779087649,37.26520989847026,0.0],[136.904512504216001,37.265067214349124,0.0],[136.904512722817486,37.264990164648978,0.0],[136.904485916694,37.264936895389603,0.0],[136.9044069087727,37.264889981511637,0.0],[136.904295643175402,37.264865983014147,0.0],[136.904206395069707,37.26489851602733,0.0],[136.903982791439091,37.264898020119709,0.0],[136.903919397218004,37.264902056182983,0.0],[136.903810511390589,37.264869436898678,0.0],[136.903568945972296,37.264818054993128,0.0],[136.903316721637509,37.26490494794799,0.0],[136.903290106528914,37.264902299797903,0.0],[136.903036941888104,37.264893600941122,0.0],[136.902941896183989,37.26495897527424,0.0],[136.902887541173612,37.265034043533433,0.0],[136.902912785081611,37.265068112007889,0.0],[136.902887726021788,37.2650851352874,0.0],[136.902801401723508,37.265144496774852,0.0],[136.902733911754808,37.265160617133823,0.0],[136.902646685064695,37.265167391983333,0.0],[136.902670304375107,37.265134551622623,0.0],[136.90246687402751,37.265093421746087,0.0],[136.902180525613801,37.265114137366467,0.0],[136.902281622145892,37.265311642047919,0.0],[136.902357844009913,37.265501228753067,0.0],[136.902266881419507,37.265528349693703,0.0],[136.902166252561187,37.265550700016952,0.0],[136.901966314131812,37.2655492502087,0.0],[136.901598691162292,37.265706620082703,0.0],[136.901434967720292,37.26570122060177,0.0],[136.9010933347883,37.265630705535948,0.0],[136.901008939980386,37.26558090181031,0.0],[136.900874967125588,37.265534994955367,0.0],[136.900664454529505,37.26555424158154,0.0],[136.900483522730013,37.265581159876071,0.0],[136.900391515340402,37.265649263094339,0.0],[136.900273221647211,37.265772675189751,0.0],[136.900122752272694,37.265835613829168,0.0],[136.899855048571197,37.265976664758661,0.0],[136.899735047923514,37.266073467517927,0.0],[136.899650167481695,37.266161001052033,0.0],[136.899560532765889,37.266321149412207,0.0],[136.899496469219514,37.266373495640508,0.0],[136.899319170731701,37.266390352930777,0.0],[136.898852801411493,37.26648277661581,0.0],[136.898321921942511,37.266499551146609,0.0],[136.898390261152002,37.266688965690179,0.0],[136.898525481903306,37.267080425171827,0.0],[136.898355151020809,37.267106409011859,0.0],[136.898373710421112,37.267200647903593,0.0],[136.898446167368405,37.267318737443382,0.0],[136.898571993603213,37.267360432029747,0.0],[136.898642255950307,37.26733212444897,0.0],[136.898899594889599,37.267448949712637,0.0],[136.899188154681099,37.267508992722313,0.0],[136.899469479527113,37.267474930007801,0.0],[136.899704799062988,37.267334525176217,0.0],[136.899820158379498,37.26727869896888,0.0],[136.899984558077108,37.267222118942193,0.0],[136.900507620574189,37.267188721493817,0.0],[136.900886915615814,37.26696537895819,0.0],[136.901150698016096,37.266844962699501,0.0],[136.90135046202181,37.266844394068947,0.0],[136.901798352642004,37.266839295406371,0.0],[136.902006830586089,37.266893657276682,0.0],[136.902182329876211,37.266885907767993,0.0],[136.902407474005514,37.26682313412806,0.0],[136.902820526320312,37.266797449535012,0.0],[136.902938480334399,37.266770388306213,0.0],[136.903245187629409,37.26679623786989,0.0],[136.903342669898905,37.26689432187532,0.0],[136.903430890478006,37.266949810453241,0.0],[136.903596539986808,37.267085920257301,0.0],[136.90370032569669,37.267151960298293,0.0],[136.903832498899703,37.267195981101118,0.0],[136.904243351347986,37.26720716267549,0.0],[136.90440602385479,37.267286739611848,0.0],[136.904585325031292,37.267316627022801,0.0],[136.904822041938303,37.267300880918739,0.0],[136.904966480127399,37.267263430353673,0.0],[136.905196023044113,37.267114452801607,0.0],[136.905329919839687,37.267028311219718,0.0],[136.905506865640007,37.267003279019207,0.0],[136.905671931419789,37.26701006357122,0.0],[136.905793605301596,37.266985686755547,0.0],[136.905944237213106,37.267031882453281,0.0],[136.906180950501493,37.267210299952112,0.0],[136.906407339969491,37.26730787109414,0.0],[136.906486215590604,37.267394331193437,0.0],[136.90656077429739,37.267428290975758,0.0],[136.906653085662612,37.267434762004847,0.0],[136.906738047612606,37.267419332001083,0.0],[136.906787846936112,37.267327401784378,0.0],[136.906858204528987,37.267275065424492,0.0],[136.907208868953006,37.267339111738707,0.0],[136.907317769164194,37.267328563830617,0.0],[136.907451885908387,37.267310881826823,0.0],[136.907565375959393,37.267273738798607,0.0],[136.90772865038781,37.267228315944863,0.0],[136.907824022181586,37.267490262008572,0.0],[136.908284946691793,37.267442352852918,0.0],[136.908607819512099,37.267533561988976,0.0],[136.908892399386787,37.26732831716258,0.0],[136.909682310804698,37.267094394500752,0.0],[136.909828557744987,37.266990658451007,0.0],[136.909308187428309,37.266872004017593,0.0],[136.908906545377391,37.266747068157017,0.0],[136.908437768749991,37.26653453081218,0.0],[136.908265260058414,37.266378569014769,0.0],[136.908070142550599,37.266137136815189,0.0],[136.908014503569206,37.266036341987153,0.0],[136.907998249259691,37.265925012475051,0.0],[136.908024715581689,37.265815054096443,0.0],[136.908108270808611,37.265585857680037,0.0],[136.908106856721105,37.265512709002913,0.0],[136.908154794786412,37.265491100968788,0.0],[136.908349390450411,37.265413867264023,0.0],[136.90817202692449,37.265296601834613,0.0],[136.907301140025709,37.264881488679912,0.0],[136.907230811092404,37.264833854967549,0.0],[136.907117694706386,37.264763139601627,0.0],[136.90701079213261,37.264788951447208,0.0],[136.906365675671196,37.264731288132268,0.0],[136.905821944672198,37.264826445619519,0.0],[136.90570117148431,37.26488945589162,0.0],[136.905456226997586,37.264956507655491,0.0],[136.905440794610911,37.264985717064263,0.0],[136.905422053406397,37.265035386526428,0.0],[136.905422053406397,37.265035386526428,0.0]]],[[[136.903998805868298,37.270425184618411,0.0],[136.903649187517487,37.270705073047829,0.0],[136.903803687690697,37.270916931827557,0.0],[136.903923205809889,37.271016502423862,0.0],[136.904122194145799,37.271109677234548,0.0],[136.904270172449486,37.271248064529402,0.0],[136.904403675813711,37.271409428989173,0.0],[136.904814590347002,37.271702999922418,0.0],[136.905006018275401,37.27176670042796,0.0],[136.905160347864097,37.271890719526603,0.0],[136.905231166962096,37.271966376996353,0.0],[136.9052408137307,37.272039022951709,0.0],[136.905318500945896,37.272210330501309,0.0],[136.905352239332501,37.272601572235118,0.0],[136.905396251142804,37.272702219089787,0.0],[136.905618147639387,37.272984697815033,0.0],[136.905784099124787,37.273063411345262,0.0],[136.905954662163396,37.273176006411752,0.0],[136.906104691963691,37.27322317647311,0.0],[136.906428187570498,37.273249260213561,0.0],[136.906688467477693,37.27310354020495,0.0],[136.906643292229489,37.272896352667871,0.0],[136.906661010784802,37.272715189072187,0.0],[136.906717211320313,37.272594510813271,0.0],[136.906997139633006,37.272391144802853,0.0],[136.907285278312088,37.271804306425267,0.0],[136.907371442034986,37.271661779833678,0.0],[136.907657436015,37.271851430234172,0.0],[136.907745252131292,37.271846538162407,0.0],[136.908070646171609,37.271577770472312,0.0],[136.908180204533011,37.271540384009569,0.0],[136.908143641823386,37.27095067402977,0.0],[136.908230663691313,37.27043326195691,0.0],[136.908264143451788,37.270317407515208,0.0],[136.908073916693496,37.270130899132973,0.0],[136.90807284652189,37.270071917008877,0.0],[136.908129041355693,37.270011025205868,0.0],[136.907980150383707,37.269858888575463,0.0],[136.907941270101503,37.269850961988638,0.0],[136.907884224471189,37.269788806295168,0.0],[136.907873707399006,37.269887422679311,0.0],[136.907769345491289,37.269894312517408,0.0],[136.907592790040297,37.269803655694353,0.0],[136.907483527503501,37.269755389070887,0.0],[136.907420148612402,37.269685083896121,0.0],[136.907106328114395,37.269549148534473,0.0],[136.906902284208513,37.26952786780118,0.0],[136.906957822522003,37.269355267557621,0.0],[136.906847428760614,37.269353334816671,0.0],[136.906710097384092,37.269327610693622,0.0],[136.906603262593194,37.269284913058129,0.0],[136.906229831107794,37.269106995976031,0.0],[136.905980339671402,37.269015058871567,0.0],[136.905587917763995,37.268955308949309,0.0],[136.90539904203581,37.268891723133073,0.0],[136.905170052003314,37.268885893691603,0.0],[136.904967412174102,37.26882317791295,0.0],[136.904811150156007,37.268739422086867,0.0],[136.904642494754313,37.268694018611598,0.0],[136.904502086625996,37.268612183527402,0.0],[136.904490189069207,37.268410820618797,0.0],[136.90444939060049,37.2682410332378,0.0],[136.904302429019708,37.268137474295671,0.0],[136.904281306062387,37.268002244598136,0.0],[136.904335442912611,37.267957783006871,0.0],[136.904332113281299,37.267880117220479,0.0],[136.904188605259407,37.267751806359747,0.0],[136.904180166776086,37.267590718920381,0.0],[136.903927040938612,37.267699336445247,0.0],[136.903541853675307,37.267965926199892,0.0],[136.903462535088607,37.268089811934331,0.0],[136.903371388693813,37.268321462565702,0.0],[136.90305905898299,37.268491607187762,0.0],[136.902783711347695,37.268431621985457,0.0],[136.902625428206903,37.268412573351142,0.0],[136.902518356861691,37.268413772705351,0.0],[136.90244766256879,37.268585833323293,0.0],[136.902651610545888,37.26902813167758,0.0],[136.902800691155306,37.269150492221527,0.0],[136.9031079108874,37.269352014765687,0.0],[136.903256547104291,37.269419460749518,0.0],[136.903424298908902,37.269478814562078,0.0],[136.903524551942212,37.269555813618872,0.0],[136.903623101044388,37.269688030882122,0.0],[136.90382416186111,37.269751215838177,0.0],[136.90400577507441,37.269849750043342,0.0],[136.904296729655897,37.269973439850347,0.0],[136.904456418210714,37.270065274440213,0.0],[136.903998805868298,37.270425184618411,0.0],[136.903998805868298,37.270425184618411,0.0]]],[[[136.922998687527212,37.27982552066392,0.0],[136.923098425735191,37.279848049560677,0.0],[136.923191176698197,37.279888098144589,0.0],[136.923354334211808,37.279805047763098,0.0],[136.92342712410229,37.279726895665092,0.0],[136.923475743648112,37.279645643551021,0.0],[136.923663507437112,37.279429429572922,0.0],[136.923686407209914,37.279035936054441,0.0],[136.923534905352,37.278660389046671,0.0],[136.923508742108595,37.278486444661269,0.0],[136.923511770262792,37.278335949905617,0.0],[136.923578283401014,37.278230329234148,0.0],[136.923722546032394,37.278086225041442,0.0],[136.9237154596469,37.277915371053062,0.0],[136.923659107598411,37.277631540641899,0.0],[136.923675207556897,37.277373280655823,0.0],[136.923736518255595,37.277302223679847,0.0],[136.923824398534691,37.27727901521007,0.0],[136.923899602124891,37.277240527283581,0.0],[136.924129337365088,37.27702948269831,0.0],[136.924184528647004,37.276882145065969,0.0],[136.924249303161389,37.27652432889073,0.0],[136.924292930623295,37.276411542001313,0.0],[136.924382335890897,37.276309018026048,0.0],[136.924390319880189,37.276200225833747,0.0],[136.924133761284111,37.275650574530658,0.0],[136.924004634104705,37.275441844681453,0.0],[136.923954853623798,37.275489536675281,0.0],[136.923872788901093,37.275683596694599,0.0],[136.923802663928001,37.275726162728837,0.0],[136.923679230726009,37.275725909435742,0.0],[136.923653482135705,37.275422820638497,0.0],[136.923706268624613,37.275231750997143,0.0],[136.923722006263091,37.275086366402633,0.0],[136.923554876686694,37.274824679833863,0.0],[136.923334611236612,37.274862869477289,0.0],[136.923185477962988,37.274940864595543,0.0],[136.923042531355009,37.274970677205367,0.0],[136.922956867869601,37.274943265177761,0.0],[136.922958183471508,37.274898597147832,0.0],[136.923044799106293,37.274825431683958,0.0],[136.923199850069693,37.274736587610597,0.0],[136.923299197299599,37.274621743014379,0.0],[136.923394787539308,37.27455578584366,0.0],[136.923222505591013,37.274407305984461,0.0],[136.923123027837988,37.274280235996542,0.0],[136.923122130537905,37.273768732851259,0.0],[136.92316982718981,37.273577652924772,0.0],[136.923103679094197,37.273571416208853,0.0],[136.922936383107498,37.273686941716242,0.0],[136.922948870233995,37.273831423746017,0.0],[136.922957522646186,37.273910759797822,0.0],[136.922901297455695,37.273983860733082,0.0],[136.922767073586414,37.274173744925591,0.0],[136.922691672305689,37.274274262733037,0.0],[136.922553977329898,37.274356348330947,0.0],[136.922027750244013,37.274568811473237,0.0],[136.921531173391912,37.274662355876259,0.0],[136.921263828084591,37.274699426794683,0.0],[136.921149214484501,37.274726645630508,0.0],[136.921113006812789,37.274756710574671,0.0],[136.921023952589593,37.274898242680457,0.0],[136.920912973798607,37.274981398262462,0.0],[136.920729549676508,37.27503796324914,0.0],[136.920704013166812,37.275064350201873,0.0],[136.920701318857311,37.275107102243382,0.0],[136.920726650657514,37.275146765772369,0.0],[136.920737325448812,37.275385759973688,0.0],[136.920779076941812,37.275460079850092,0.0],[136.920902225382605,37.275547789175619,0.0],[136.920968085307408,37.275643514870517,0.0],[136.921011142182408,37.275707669040308,0.0],[136.921149875480808,37.275698804989268,0.0],[136.921367803954695,37.275597566237359,0.0],[136.921445486203993,37.275579423460101,0.0],[136.921638883734289,37.27558694192863,0.0],[136.921637496408408,37.275622530020328,0.0],[136.92157878622649,37.275676304968499,0.0],[136.921503612705493,37.275705638733683,0.0],[136.921460192594111,37.27575334374675,0.0],[136.921504324059498,37.275878513554623,0.0],[136.921506097764393,37.276024928940117,0.0],[136.921446240169786,37.276131602174047,0.0],[136.921454682322604,37.276275002675312,0.0],[136.921444389645103,37.276702079155882,0.0],[136.921479703360006,37.276799775116189,0.0],[136.921694349154592,37.276927331723122,0.0],[136.921743620116189,37.277014315938018,0.0],[136.921847798380099,37.277482877418358,0.0],[136.921973742616814,37.277887864131628,0.0],[136.922069047795588,37.277931855911149,0.0],[136.922163893278196,37.278097434955612,0.0],[136.92218343139001,37.278177290912083,0.0],[136.922067298671607,37.278194308510187,0.0],[136.922218116405304,37.278582191539911,0.0],[136.92226357581859,37.278688865399211,0.0],[136.922315138354804,37.278883117130697,0.0],[136.922337265357413,37.279275767956307,0.0],[136.922448859516209,37.279271683633603,0.0],[136.922517217218797,37.279341452978187,0.0],[136.922550084706188,37.2794096532281,0.0],[136.922523381835504,37.27964012374968,0.0],[136.922565534374201,37.279748312659969,0.0],[136.922691798149202,37.279796704890742,0.0],[136.922867334364895,37.279816580462118,0.0],[136.922998687527212,37.27982552066392,0.0],[136.922998687527212,37.27982552066392,0.0]]],[[[136.922501785907286,37.28185181562786,0.0],[136.922576357980205,37.281699010258002,0.0],[136.922296426277796,37.281442448540183,0.0],[136.921860926963689,37.281118681049882,0.0],[136.921942332153208,37.280738529415387,0.0],[136.921966998613811,37.280588078592388,0.0],[136.921952089349787,37.280476189006478,0.0],[136.921944937633214,37.280326689773297,0.0],[136.921853677300305,37.280213624929942,0.0],[136.921769749785312,37.280194130253093,0.0],[136.921671921908995,37.280144099975033,0.0],[136.92161121027641,37.280029064317681,0.0],[136.921508464922596,37.279926144653047,0.0],[136.921478156557697,37.279853882632537,0.0],[136.921561065483502,37.279795073722447,0.0],[136.92133365389671,37.279677659693292,0.0],[136.921200320746493,37.279588912375033,0.0],[136.921074590463888,37.279510350806547,0.0],[136.920947366315602,37.279399157971078,0.0],[136.920880181541207,37.279318682958568,0.0],[136.92087516720801,37.279295283777223,0.0],[136.920989496138702,37.279138880777509,0.0],[136.921035796754609,37.279072666472807,0.0],[136.920851307729691,37.279038579536937,0.0],[136.920841657322086,37.279005867483001,0.0],[136.920889925554604,37.278976840555217,0.0],[136.920980264673005,37.278925556566662,0.0],[136.920902104932509,37.278886564728168,0.0],[136.92077218902719,37.278766400785798,0.0],[136.920624840389991,37.278559005536977,0.0],[136.92042924100511,37.278325049024041,0.0],[136.920558764677395,37.278242821920237,0.0],[136.920495624821598,37.278093206135303,0.0],[136.920339047793192,37.278109151190783,0.0],[136.920297398030897,37.278003306343983,0.0],[136.920334858935007,37.277986506175949,0.0],[136.920544847618402,37.277769476451432,0.0],[136.920542730941293,37.277732774515961,0.0],[136.920453019939913,37.277297618890337,0.0],[136.920390418621508,37.276947349963038,0.0],[136.920305357894591,37.276105178670321,0.0],[136.920132788724601,37.275908283349317,0.0],[136.920109087338091,37.275807834785802,0.0],[136.919118429687188,37.275807511935241,0.0],[136.918861009253902,37.275727944414342,0.0],[136.918389138476812,37.275656790263959,0.0],[136.918176770146601,37.275687205617281,0.0],[136.917930704936708,37.275756501058751,0.0],[136.918001567801895,37.27587766063445,0.0],[136.918024071014088,37.275999735976292,0.0],[136.91806071996939,37.276077097302803,0.0],[136.918083301370388,37.27617578401275,0.0],[136.918127577924395,37.276255195179388,0.0],[136.91823053872659,37.276289986685633,0.0],[136.918295229704512,37.276353169859547,0.0],[136.918353328141791,37.276486505509482,0.0],[136.918324974627495,37.27659525454596,0.0],[136.918380625049792,37.276699095625801,0.0],[136.918462070248012,37.276750904661043,0.0],[136.918556036953987,37.276759460505737,0.0],[136.918633007054609,37.276958934204792,0.0],[136.918585535915497,37.277076795093897,0.0],[136.918574999481592,37.27718558151652,0.0],[136.918526809266297,37.277242107396077,0.0],[136.918510169724414,37.277271562830627,0.0],[136.918503697419112,37.277692545429332,0.0],[136.918746318640387,37.277954434959447,0.0],[136.919129176135897,37.278657877075972,0.0],[136.919729199133997,37.279239780030402,0.0],[136.920091329625905,37.279409340438768,0.0],[136.920471999104393,37.279599950789972,0.0],[136.920959370661592,37.280021872013478,0.0],[136.920972401182496,37.280054870417658,0.0],[136.9210893897434,37.280082569631197,0.0],[136.921195893691106,37.280203801154009,0.0],[136.921269204380195,37.280357505291633,0.0],[136.921264677273598,37.280576129275083,0.0],[136.921281994293793,37.28072971730311,0.0],[136.921176317272995,37.281137275499049,0.0],[136.921226948118914,37.281451387350209,0.0],[136.921356550160709,37.28171888532308,0.0],[136.921478597171387,37.281822682220138,0.0],[136.921564891087598,37.281851624012802,0.0],[136.921457946129209,37.282085814580803,0.0],[136.921165891086105,37.282237649334348,0.0],[136.920915436363003,37.282326292578091,0.0],[136.920994425653987,37.282394277178199,0.0],[136.921298567267712,37.282394011381001,0.0],[136.921464059098412,37.282327209506889,0.0],[136.921678536525604,37.282326436164652,0.0],[136.921951223151211,37.282249470820688,0.0],[136.922144948395413,37.282242552196998,0.0],[136.922292723243203,37.282182456598917,0.0],[136.922501785907286,37.28185181562786,0.0],[136.922501785907286,37.28185181562786,0.0]]],[[[136.913070130393891,37.279771901289138,0.0],[136.913060117876199,37.279722051092293,0.0],[136.912833810857705,37.279658518655509,0.0],[136.912671812277893,37.279639334905333,0.0],[136.912441872322091,37.279653609889799,0.0],[136.912203685281099,37.279717162879649,0.0],[136.911869769767605,37.279864911681443,0.0],[136.911738642846586,37.279879882751679,0.0],[136.911660299385886,37.279859704474681,0.0],[136.911275524400111,37.279849395105813,0.0],[136.911026381572498,37.27976547150049,0.0],[136.91021858939331,37.279677287226271,0.0],[136.91002354462529,37.279777537583257,0.0],[136.909976420883112,37.27978862200446,0.0],[136.909941919552807,37.279830239649193,0.0],[136.909865946261306,37.280092435403922,0.0],[136.909987164785292,37.280372345167741,0.0],[136.909858305450996,37.280468671043081,0.0],[136.909748949440313,37.280496037985273,0.0],[136.909655337803713,37.280558430685772,0.0],[136.909900757978704,37.280708752262697,0.0],[136.91009139776051,37.280782382215797,0.0],[136.910264071393811,37.280952996421007,0.0],[136.910408363482787,37.281131865436969,0.0],[136.910450265374294,37.281260546995838,0.0],[136.910426021617411,37.281553916856318,0.0],[136.910589386900114,37.281557528850271,0.0],[136.910819707728109,37.281421554765231,0.0],[136.911197244464091,37.281548465777718,0.0],[136.911613071343794,37.281642916587828,0.0],[136.911754100067895,37.281711352794048,0.0],[136.911928294138988,37.281757488824177,0.0],[136.912074525708988,37.281737171212647,0.0],[136.912223809535305,37.281677788908119,0.0],[136.9124213512425,37.281507689447373,0.0],[136.912824011,37.281339201149081,0.0],[136.913100345673911,37.281237331623139,0.0],[136.913342458911501,37.281083625664976,0.0],[136.913640756954493,37.280947280583369,0.0],[136.913188076016098,37.280693204367367,0.0],[136.912890915791792,37.280602566684671,0.0],[136.912883572183205,37.280529325330143,0.0],[136.912864357797986,37.280219455806012,0.0],[136.912837877211189,37.280066239802821,0.0],[136.912941861425793,37.279916898995552,0.0],[136.913097016680808,37.2798036199991,0.0],[136.913070130393891,37.279771901289138,0.0],[136.913070130393891,37.279771901289138,0.0]]],[[[136.899587177419392,37.271699747757253,0.0],[136.900287859051701,37.271509337400794,0.0],[136.900436792422397,37.27150248231667,0.0],[136.900411887592497,37.27137823998212,0.0],[136.900441040527397,37.27119042114218,0.0],[136.900398640024804,37.270966698110392,0.0],[136.900419285939591,37.270812647946663,0.0],[136.900248284168896,37.270739137558493,0.0],[136.900000547143605,37.27057103924858,0.0],[136.899857520023602,37.27056208868671,0.0],[136.899634720901588,37.270466670471471,0.0],[136.899441142748799,37.270249797891772,0.0],[136.899375954008491,37.270210235359492,0.0],[136.899264050176612,37.270205534682411,0.0],[136.898905647949789,37.270037903161032,0.0],[136.898803517528108,37.269913994911072,0.0],[136.898638463688513,37.269773404812781,0.0],[136.898807475187908,37.269558788821477,0.0],[136.898746724254011,37.26943713053118,0.0],[136.8985279533332,37.269475464875612,0.0],[136.898112452410004,37.26942634602355,0.0],[136.897664516329314,37.269390094931538,0.0],[136.897165229368397,37.269624810023529,0.0],[136.897759333543604,37.270304952384798,0.0],[136.898033557942597,37.270613331101757,0.0],[136.898237807449391,37.270841065331332,0.0],[136.898508542096096,37.270889807260737,0.0],[136.898829561413095,37.271197571899258,0.0],[136.899126616717496,37.271329092855638,0.0],[136.899204954635991,37.271396161536551,0.0],[136.8992051520149,37.271480299450062,0.0],[136.899587177419392,37.271699747757253,0.0],[136.899587177419392,37.271699747757253,0.0]]],[[[136.907572535441886,37.275224808570819,0.0],[136.907664085488705,37.27516369434705,0.0],[136.907809226587489,37.275141640400363,0.0],[136.907955821647192,37.275066710353762,0.0],[136.908252595013892,37.274984989129422,0.0],[136.908545438511197,37.274935800130322,0.0],[136.908688994663891,37.275005262024827,0.0],[136.909371750774113,37.275138778512051,0.0],[136.909886080525894,37.275105487481433,0.0],[136.90977680807751,37.275057456373929,0.0],[136.909965083629686,37.274954382829819,0.0],[136.909926264606298,37.27479642729628,0.0],[136.909595119380214,37.274440996659557,0.0],[136.909393319707988,37.274285989544467,0.0],[136.909179321555911,37.274149075438721,0.0],[136.909025247724486,37.274053268382318,0.0],[136.908915922555394,37.27405338995321,0.0],[136.908698877856807,37.27411116071638,0.0],[136.908369705510495,37.274462421852341,0.0],[136.908237602198597,37.274545543774067,0.0],[136.907962030087702,37.274614691002988,0.0],[136.907652501207195,37.274614733274689,0.0],[136.907457942736812,37.274673989150223,0.0],[136.907106674466291,37.274644815934508,0.0],[136.906977066119993,37.274659954498098,0.0],[136.906845077769304,37.274770436967422,0.0],[136.906673863554886,37.274844123888037,0.0],[136.906513679701192,37.274850243882881,0.0],[136.906562028001503,37.274930521688951,0.0],[136.906546256570806,37.275058122820766,0.0],[136.906475554920689,37.275208250379912,0.0],[136.90647664286999,37.275345922611137,0.0],[136.906575710256391,37.275383941730247,0.0],[136.906829649020807,37.275516335310797,0.0],[136.906880789005896,37.275543448047131,0.0],[136.906976412848508,37.275629450648687,0.0],[136.907018478204009,37.275663641603387,0.0],[136.907168203311187,37.275790036812047,0.0],[136.90720936656399,37.275660980074377,0.0],[136.907287010904611,37.275585869987687,0.0],[136.907516959457411,37.275275286165417,0.0],[136.907572535441886,37.275224808570819,0.0],[136.907572535441886,37.275224808570819,0.0]]],[[[136.910885516749602,37.274268474557793,0.0],[136.91078726374019,37.274272819234326,0.0],[136.910723359851289,37.274358569431037,0.0],[136.910510001903987,37.274418652964982,0.0],[136.910238107452386,37.274670255879457,0.0],[136.910228031503607,37.274827344856831,0.0],[136.910067298739108,37.274944448716411,0.0],[136.910080162539714,37.275026574782437,0.0],[136.910022458762512,37.275060964709439,0.0],[136.909990785818707,37.275114106756938,0.0],[136.910100878012912,37.275137959471706,0.0],[136.910220464391813,37.275146353973128,0.0],[136.910388075833112,37.275252474246507,0.0],[136.910544141403108,37.275386025774978,0.0],[136.910893683985904,37.275503725409649,0.0],[136.911039681859307,37.275604713892001,0.0],[136.911348522283788,37.275717239218771,0.0],[136.911704700719895,37.275754615199503,0.0],[136.911783788794907,37.27569783961939,0.0],[136.911792130248188,37.275488375929953,0.0],[136.91174785502281,37.275376902060131,0.0],[136.911779595814693,37.275054132225719,0.0],[136.911559653289487,37.274994678722557,0.0],[136.911505190481904,37.274919309930873,0.0],[136.911411197811987,37.274868262943457,0.0],[136.91130582286749,37.2747698451508,0.0],[136.911361282827102,37.27460026790294,0.0],[136.91111400774821,37.274284787329407,0.0],[136.910967708209512,37.274264711480619,0.0],[136.910885516749602,37.274268474557793,0.0],[136.910885516749602,37.274268474557793,0.0]]],[[[136.898249127290399,37.266791681808357,0.0],[136.89818930331009,37.266558110439391,0.0],[136.898142417981603,37.266586766350287,0.0],[136.898249127290399,37.266791681808357,0.0],[136.898249127290399,37.266791681808357,0.0]]]]}},{"type":"Feature","properties":{"口座番号":"876"},"geometry":{"type":"MultiPolygon","coordinates":[[[[136.760869564615689,37.223996931538053,0.0],[136.760501364766696,37.22488693602174,0.0],[136.760264912368598,37.22528346918326,0.0],[136.760605590079393,37.225621488953287,0.0],[136.760760988242993,37.226063057255928,0.0],[136.7607803971122,37.226338659278412,0.0],[136.761018650839304,37.226379757046203,0.0],[136.761203521839292,37.226264128756789,0.0],[136.761279340185098,37.226193096143113,0.0],[136.761588678290792,37.226142604399811,0.0],[136.761833204581393,37.226071050749297,0.0],[136.762091427845007,37.225917648504549,0.0],[136.762407586200908,37.225873759781663,0.0],[136.7627274190869,37.225655123502513,0.0],[136.76289486936389,37.22563339237184,0.0],[136.763181359002004,37.225644601075757,0.0],[136.763606297330711,37.225692479710531,0.0],[136.763863137376006,37.225540166452269,0.0],[136.763998618263713,37.225425827417439,0.0],[136.764016460358192,37.225423694721023,0.0],[136.76427855777581,37.225393563109527,0.0],[136.764457739860006,37.225400752711828,0.0],[136.764517446029913,37.225349770249458,0.0],[136.765033095289709,37.225189923567527,0.0],[136.765241909195908,37.22512701696715,0.0],[136.765752801842211,37.225001517497248,0.0],[136.766007260157409,37.224952656797839,0.0],[136.766051132568691,37.224783165248937,0.0],[136.766691892472295,37.224478955804337,0.0],[136.766880453891588,37.22438580348507,0.0],[136.766960831570714,37.224339667354677,0.0],[136.766823762633891,37.224149822706963,0.0],[136.766831523245202,37.223943433707667,0.0],[136.767001245922188,37.223146729554493,0.0],[136.767143125356313,37.222970380784368,0.0],[136.767144027201908,37.222861359395438,0.0],[136.767103643807502,37.222766175301068,0.0],[136.766968106323986,37.222565464678233,0.0],[136.766956938845908,37.222194637019847,0.0],[136.767071019038013,37.221957760015997,0.0],[136.767368433606208,37.221667363749141,0.0],[136.767715255908513,37.22146345356618,0.0],[136.767772830205502,37.221295469955798,0.0],[136.767792163328096,37.221096646924288,0.0],[136.767867785357993,37.220974059130903,0.0],[136.768316647961313,37.220814703869543,0.0],[136.7688400918573,37.220730181502468,0.0],[136.768919383641503,37.220604680273127,0.0],[136.7687726619682,37.220338027913193,0.0],[136.768521618840708,37.220088574299098,0.0],[136.768572712874402,37.219761165229109,0.0],[136.768937211994313,37.219298805405693,0.0],[136.769279116344308,37.219131656467361,0.0],[136.768945605353707,37.218867880128137,0.0],[136.768512454498108,37.218864874019452,0.0],[136.768350526188698,37.219044776109349,0.0],[136.768098833460414,37.219017519911482,0.0],[136.767689010047405,37.218823841905589,0.0],[136.76728710725709,37.218780090002923,0.0],[136.76707108244031,37.218851237586748,0.0],[136.766727583865588,37.219144023371882,0.0],[136.766643982737293,37.219522506239777,0.0],[136.76637597639899,37.219701231761682,0.0],[136.766009632586901,37.219876093424283,0.0],[136.765801661369693,37.220031324500987,0.0],[136.765717369170801,37.220161005996367,0.0],[136.765739201675188,37.220354849624869,0.0],[136.766193725622401,37.220508478734011,0.0],[136.766298539031908,37.220571716839743,0.0],[136.766354450330709,37.220718877901497,0.0],[136.766214584203794,37.220886582631969,0.0],[136.765970087499909,37.221129247245912,0.0],[136.765456552320899,37.221240846085323,0.0],[136.765436479884386,37.221577863934243,0.0],[136.765512458503991,37.221733867674061,0.0],[136.765224003239297,37.22181624781944,0.0],[136.765086182359596,37.221942279818492,0.0],[136.765002828841489,37.222126143639059,0.0],[136.764300319020208,37.221963836041958,0.0],[136.763986335263411,37.221921590802729,0.0],[136.763649077405091,37.221998516930363,0.0],[136.763307195128391,37.22257954064515,0.0],[136.763171879507013,37.222651566838763,0.0],[136.762902708408205,37.222690461570359,0.0],[136.762585881785412,37.222451542464718,0.0],[136.762306141245091,37.222411292961098,0.0],[136.76165328837169,37.222260670992377,0.0],[136.761283169133804,37.222436750356017,0.0],[136.761032810179103,37.222705270528238,0.0],[136.760961560207789,37.222850315173837,0.0],[136.760923122064497,37.222893889325462,0.0],[136.760602970724193,37.223045562016473,0.0],[136.760644481441403,37.223262343761789,0.0],[136.760631640565009,37.223486696115579,0.0],[136.760869564615689,37.223996931538053,0.0],[136.760869564615689,37.223996931538053,0.0]]]]}},{"type":"Feature","properties":{"口座番号":"877"},"geometry":{"type":"MultiPolygon","coordinates":[[[[136.939270602142386,37.374067935602937,0.0],[136.939324565478614,37.373860047003582,0.0],[136.939509534309508,37.373621454101439,0.0],[136.939726951312906,37.373475793745001,0.0],[136.940432589155193,37.373019564567059,0.0],[136.940896684194314,37.372669283733941,0.0],[136.941290246460113,37.372393357249173,0.0],[136.941401997936794,37.372315211084057,0.0],[136.941540939046405,37.372062015715393,0.0],[136.941738733990007,37.371989837048723,0.0],[136.941848031411411,37.37192135924677,0.0],[136.94192829174969,37.371834445248297,0.0],[136.942003882813907,37.371634064862548,0.0],[136.941939894429993,37.371288179534197,0.0],[136.941957285564513,37.37114697195684,0.0],[136.942007035430095,37.371050535520027,0.0],[136.942365324048808,37.370890417131292,0.0],[136.94244238077701,37.370874782929477,0.0],[136.942720053260302,37.370842417446468,0.0],[136.942943556720309,37.37084529325999,0.0],[136.943789176559989,37.370959138862219,0.0],[136.944165569475189,37.371037379402793,0.0],[136.944342085840304,37.371191527916203,0.0],[136.944487958309509,37.371369949583958,0.0],[136.944720977865813,37.371595957564573,0.0],[136.944956787916908,37.371785042657173,0.0],[136.945104432122292,37.371865613998857,0.0],[136.945272724919107,37.371931712268953,0.0],[136.945489773755611,37.371905998668808,0.0],[136.94596947109261,37.371598293825777,0.0],[136.946351828619811,37.371415200130528,0.0],[136.94647710015019,37.371368573677231,0.0],[136.946597131457992,37.371372981851472,0.0],[136.946872942732512,37.371433691852239,0.0],[136.947186490401805,37.371486262093377,0.0],[136.947424601330113,37.371542796266517,0.0],[136.947772260290208,37.371655626208323,0.0],[136.948068584582813,37.371736892454507,0.0],[136.948272531638196,37.371752318728497,0.0],[136.948406271545593,37.371741620674022,0.0],[136.948670505491094,37.371657285220152,0.0],[136.9489844636729,37.371568935225604,0.0],[136.949473241117204,37.371490483497979,0.0],[136.94970982223569,37.371484077351937,0.0],[136.949925760833793,37.371502258554109,0.0],[136.950068079087004,37.371590022862748,0.0],[136.950191766569986,37.371688068855697,0.0],[136.950244819855698,37.371785873751662,0.0],[136.950392333667907,37.371913840467698,0.0],[136.950582352403586,37.372013830276487,0.0],[136.950658531676908,37.372078785666098,0.0],[136.950654642493106,37.372166812001687,0.0],[136.950573126479611,37.372272110560402,0.0],[136.950492847858612,37.372368703857489,0.0],[136.950416222471091,37.372459499702487,0.0],[136.950367750121188,37.372454573885442,0.0],[136.950300023563386,37.372401242828083,0.0],[136.950241851916388,37.372397267011777,0.0],[136.950214613609091,37.372374142338927,0.0],[136.95014719913479,37.372433854717571,0.0],[136.950113044763214,37.372508282777048,0.0],[136.950053407105202,37.373014124731412,0.0],[136.950532397683105,37.373371005899003,0.0],[136.95085052144961,37.373606664903647,0.0],[136.950936258551508,37.373710134925162,0.0],[136.951153642811306,37.374124384879302,0.0],[136.951506262728486,37.374006685424447,0.0],[136.951827181434709,37.374184439495288,0.0],[136.952060873272814,37.374292261209682,0.0],[136.952268113135887,37.374358305736664,0.0],[136.952370083428491,37.374368751524649,0.0],[136.952765415393912,37.37430174576906,0.0],[136.952999813696891,37.374351782084368,0.0],[136.953297674540295,37.374470343198098,0.0],[136.953376547468196,37.3744609859232,0.0],[136.953596477629787,37.374256118535278,0.0],[136.953771309132293,37.374157758707582,0.0],[136.953979827143314,37.374149427308033,0.0],[136.954417142179608,37.374248887590483,0.0],[136.954577878421787,37.373989911972828,0.0],[136.954903761947094,37.373626752280828,0.0],[136.955090766645611,37.373509064466027,0.0],[136.955209351586603,37.373412698754898,0.0],[136.955255062500612,37.373276213948003,0.0],[136.955347457965388,37.37317963907666,0.0],[136.955689236790505,37.372969552570929,0.0],[136.955929927469811,37.372833577341353,0.0],[136.956050175501389,37.372745758100223,0.0],[136.956146276374909,37.372624036395017,0.0],[136.956230090242087,37.372561304006958,0.0],[136.956440965637114,37.372575222763643,0.0],[136.956654427073687,37.372531101372537,0.0],[136.956797272968601,37.372534710681009,0.0],[136.957019243073802,37.372600884776951,0.0],[136.957070223014313,37.372648657584428,0.0],[136.957130956829189,37.372770057857643,0.0],[136.957148385982293,37.372878288204262,0.0],[136.957447680942892,37.372765323606806,0.0],[136.957612163972811,37.372764930510307,0.0],[136.957726067314496,37.372777438302307,0.0],[136.957889185058093,37.372651241473747,0.0],[136.958096818130088,37.372536746397607,0.0],[136.958190127305102,37.372548994848749,0.0],[136.958318423185091,37.372623060917981,0.0],[136.958484485711494,37.372671212407852,0.0],[136.958583885390595,37.372661815694208,0.0],[136.958633780820492,37.372586695581262,0.0],[136.95844272869229,37.372281428659917,0.0],[136.958470286393492,37.372229516226213,0.0],[136.958533796875599,37.372187238694387,0.0],[136.958678626029808,37.371857948793128,0.0],[136.958817703220404,37.37175016860801,0.0],[136.958963603319688,37.371653339766283,0.0],[136.959153425289088,37.371463854139463,0.0],[136.959491997607614,37.371402663682439,0.0],[136.959601774503909,37.371357731721083,0.0],[136.959722382447495,37.371111810634069,0.0],[136.959861340407713,37.371046418317697,0.0],[136.960168157118886,37.370997727417191,0.0],[136.960377135518314,37.371014501386618,0.0],[136.960492041925392,37.37105492659137,0.0],[136.960632376592514,37.37102998769393,0.0],[136.960781598778112,37.370970081938587,0.0],[136.960948038980803,37.370878755247588,0.0],[136.961057973590698,37.370775023584727,0.0],[136.961201094852498,37.370438890773869,0.0],[136.961344639490505,37.370331395590881,0.0],[136.961381673974387,37.370239727318541,0.0],[136.961421826398094,37.370175980972213,0.0],[136.961682959339612,37.369931808261292,0.0],[136.961736616308514,37.369802336282817,0.0],[136.96164415214659,37.369452802183957,0.0],[136.961614739301211,37.369338342974729,0.0],[136.961678840855086,37.369219195164753,0.0],[136.961719095053297,37.369117740836053,0.0],[136.961821089646691,37.369032830670839,0.0],[136.96198730030261,37.368944163074708,0.0],[136.962153574685914,37.36883228984626,0.0],[136.962225312558587,37.368735724252637,0.0],[136.962274214885412,37.368572402417293,0.0],[136.962365435080699,37.36843912834383,0.0],[136.96237652945041,37.368368563182507,0.0],[136.962209818999696,37.368195199795672,0.0],[136.962162717474087,37.368032444604758,0.0],[136.962210390979408,37.367984416499773,0.0],[136.962274710985696,37.367942951126622,0.0],[136.96234033824291,37.367865712813654,0.0],[136.962488704361789,37.36765518472712,0.0],[136.962524408065804,37.367444461149177,0.0],[136.962541863115689,37.367261747858443,0.0],[136.962671752507987,37.367163347615197,0.0],[136.962822137443709,37.367101725516967,0.0],[136.962712792170805,37.367025655923463,0.0],[136.962616459116788,37.367003713426577,0.0],[136.962188565848606,37.367098698114908,0.0],[136.962017827826713,37.367071329723487,0.0],[136.961749333041297,37.366974419422753,0.0],[136.961587100209812,37.366938363076507,0.0],[136.961405460007995,37.366910974897714,0.0],[136.961261346030398,37.366894287475397,0.0],[136.961074884128806,37.366858188347528,0.0],[136.960905456176704,37.366795044558117,0.0],[136.960772419656791,37.366714560644439,0.0],[136.960691236597711,37.36660999357818,0.0],[136.960700642806813,37.366381821485,0.0],[136.9606811079762,37.366216126462859,0.0],[136.960646245961811,37.366108671743881,0.0],[136.960581408716592,37.366012156591999,0.0],[136.960437683658711,37.365863137377218,0.0],[136.960383539990488,37.365833270116219,0.0],[136.960143862539098,37.365771318319347,0.0],[136.959937309751211,37.365592590745187,0.0],[136.959793297489313,37.365538246810132,0.0],[136.959527720650613,37.36555008854706,0.0],[136.959301438294602,37.365601653960717,0.0],[136.959034827754294,37.365602161254543,0.0],[136.958895262831788,37.365655637060676,0.0],[136.958789011969088,37.365667756902788,0.0],[136.958638300113392,37.365649715631598,0.0],[136.958439695719903,37.365604241920707,0.0],[136.958292430569713,37.365579369515608,0.0],[136.958110723077112,37.365618703737667,0.0],[136.957999340591812,37.365628078937448,0.0],[136.957834962197012,37.365596339010153,0.0],[136.957586929590491,37.365459160207038,0.0],[136.957390777611607,37.365388392963808,0.0],[136.957172270667996,37.365375008468497,0.0],[136.957051323593987,37.36541241755166,0.0],[136.956937309976695,37.36542247644212,0.0],[136.956861944143299,37.365403189579688,0.0],[136.95672158984209,37.365331114447301,0.0],[136.956598284741688,37.365292588211283,0.0],[136.956408938086014,37.365264452373161,0.0],[136.956200014170889,37.365202267903243,0.0],[136.956005854316402,37.365063742547598,0.0],[136.955760517865514,37.364837566061787,0.0],[136.955666959669713,37.364754912011243,0.0],[136.955467435189604,37.364696411451938,0.0],[136.955252383103698,37.36467413737455,0.0],[136.9549035920721,37.364666672170031,0.0],[136.954711796119796,37.364603395645993,0.0],[136.954530415982305,37.364492937072498,0.0],[136.95430867627519,37.364411136026057,0.0],[136.953968820644604,37.364275082337087,0.0],[136.953706109465912,37.364135062009332,0.0],[136.953595751171406,37.364065089001237,0.0],[136.953363869487902,37.363934015648162,0.0],[136.953208565001802,37.364301075147438,0.0],[136.953117284679109,37.364454823578662,0.0],[136.952943613036496,37.364649466187259,0.0],[136.952927377261091,37.364698430485753,0.0],[136.952912085926897,37.36501302903423,0.0],[136.952883644411713,37.365160770434628,0.0],[136.952843468672597,37.365223579432133,0.0],[136.952797362699613,37.365240909224077,0.0],[136.952591350853794,37.365228927478128,0.0],[136.952526175811187,37.365264314338752,0.0],[136.952503769715207,37.365305342995711,0.0],[136.95252185582271,37.36537294495934,0.0],[136.952638942177288,37.365542452986773,0.0],[136.952815483956812,37.365688850273258,0.0],[136.952947342782807,37.365778089935823,0.0],[136.953269711594288,37.365953306280034,0.0],[136.953403387756509,37.366058577744703,0.0],[136.953411669443511,37.366160516897359,0.0],[136.953390838999297,37.366252827408537,0.0],[136.953350431859207,37.366297218259582,0.0],[136.953299486932309,37.366431201468053,0.0],[136.95323761483769,37.366489235184602,0.0],[136.953031884565888,37.366502544503753,0.0],[136.952773824503709,37.366533545052107,0.0],[136.952643267538008,37.366633865203553,0.0],[136.952618229201903,37.366698805600777,0.0],[136.952590016481309,37.366975797815741,0.0],[136.952421563889999,37.367141034820058,0.0],[136.952300855519411,37.367393917645117,0.0],[136.952241614096693,37.36743074876086,0.0],[136.95211294985279,37.367467454836998,0.0],[136.951834927259398,37.367475530600011,0.0],[136.95189495507671,37.367582349628982,0.0],[136.952160609835886,37.3679335158415,0.0],[136.952237953751194,37.368013950814948,0.0],[136.952336639168891,37.36804895596503,0.0],[136.952289567607011,37.368105016412521,0.0],[136.952200780535293,37.368129421642763,0.0],[136.952086971376787,37.368184554480749,0.0],[136.951979706492807,37.368195493103762,0.0],[136.951880143418606,37.368189532594101,0.0],[136.95182392580881,37.36822122181853,0.0],[136.951863960293309,37.368258721429022,0.0],[136.952027825105404,37.368464362217111,0.0],[136.952201327500887,37.368408477128071,0.0],[136.952390003419509,37.368440452723021,0.0],[136.952657659878298,37.368547871694958,0.0],[136.952869043592187,37.368650609791487,0.0],[136.952869391846292,37.368584381197842,0.0],[136.952896082116013,37.368461035303952,0.0],[136.95310169754589,37.368490136987127,0.0],[136.95325224939549,37.368593701704,0.0],[136.953446167890291,37.368697243489052,0.0],[136.953671571661488,37.368813795181268,0.0],[136.953975883596911,37.368786288398198,0.0],[136.954226790878408,37.368784804631559,0.0],[136.954297483330407,37.368819978634498,0.0],[136.954660865075198,37.369055268170413,0.0],[136.954515638505995,37.369067105232347,0.0],[136.954394167822187,37.369124689285577,0.0],[136.954485949457791,37.369322827943577,0.0],[136.954603854987198,37.369493045474087,0.0],[136.954490957242314,37.369466585423957,0.0],[136.954074879592298,37.369301664230427,0.0],[136.954107003049188,37.369123998742182,0.0],[136.953700167186611,37.369026130352573,0.0],[136.953449909896989,37.369022258848631,0.0],[136.953233744985113,37.369086170706169,0.0],[136.952895854926396,37.369156702586913,0.0],[136.952514527741812,37.368949985536418,0.0],[136.952474548362289,37.369023917178097,0.0],[136.952475228184397,37.369312590457241,0.0],[136.952386450865788,37.369337056212423,0.0],[136.952307373426692,37.369265770830722,0.0],[136.952367859432911,37.369243990563248,0.0],[136.952350443102887,37.369189918265732,0.0],[136.952237398795404,37.369177310435411,0.0],[136.9521234650243,37.369176136928431,0.0],[136.951965460961702,37.369114903334591,0.0],[136.952049043184701,37.369345780899863,0.0],[136.952122026792807,37.369468290067097,0.0],[136.951954436234104,37.36958068834052,0.0],[136.951789365547,37.369659715474008,0.0],[136.951626794751292,37.369711660321251,0.0],[136.951544375151087,37.369710542646757,0.0],[136.951469762874609,37.369635128715913,0.0],[136.951450222414309,37.369573483964899,0.0],[136.951442096932993,37.369447706938161,0.0],[136.951409521254703,37.369394924348093,0.0],[136.951321715620708,37.369369611704172,0.0],[136.951319133227088,37.369212887868578,0.0],[136.951346233968394,37.369061054351903,0.0],[136.951245026848397,37.369059903166921,0.0],[136.951108022879197,37.369073197308722,0.0],[136.950788566849411,37.369097282680357,0.0],[136.950569905739911,37.369054801329384,0.0],[136.950402748371403,37.369015800146343,0.0],[136.950214964120988,37.368984499752408,0.0],[136.950123411310386,37.369164124345083,0.0],[136.950027308414491,37.369202255637809,0.0],[136.949387181228388,37.369234177558873,0.0],[136.949227779885689,37.369157471915948,0.0],[136.949073439245211,37.369180445841472,0.0],[136.948949857890113,37.369236310999263,0.0],[136.9487390082964,37.369238658474281,0.0],[136.948288498930509,37.369129746966912,0.0],[136.948331713311688,37.369005327866013,0.0],[136.948532930340804,37.368777224247928,0.0],[136.948636084022411,37.368672069647502,0.0],[136.94883231984079,37.368387862838802,0.0],[136.948860291738811,37.368274916380123,0.0],[136.948914654766412,37.368243920812468,0.0],[136.949050304942205,37.368071561957933,0.0],[136.949155124741992,37.367962020625832,0.0],[136.949180152441699,37.367922676222328,0.0],[136.949248228894191,37.367809657417922,0.0],[136.949228333097892,37.367584383612773,0.0],[136.949179987999798,37.367496198144373,0.0],[136.94910698221679,37.367439597326609,0.0],[136.949022204987813,37.367414815693749,0.0],[136.948886842903988,37.367396096386692,0.0],[136.948627873010508,37.36738833826827,0.0],[136.948568849677201,37.367374950620537,0.0],[136.948518516800704,37.367323591577701,0.0],[136.948490592571886,37.36719972599964,0.0],[136.948447948088699,37.367127821271858,0.0],[136.948346956059709,37.367079066617357,0.0],[136.948113495551297,37.367089804782083,0.0],[136.948052987430088,37.367078523642867,0.0],[136.948000243783298,37.367066373734957,0.0],[136.947899186511307,37.367069771498088,0.0],[136.947846941561608,37.367092732580247,0.0],[136.947734407482301,37.367182135695231,0.0],[136.947634979676792,37.367185371344448,0.0],[136.947400679714491,37.367108099171567,0.0],[136.947255834780805,37.367109198460533,0.0],[136.946953814474313,37.367224243634197,0.0],[136.94678496120261,37.367228718377781,0.0],[136.946646279096598,37.367173051838627,0.0],[136.946547927994402,37.367101042790097,0.0],[136.946456531469408,37.366995527840473,0.0],[136.946017157781,37.366894151801873,0.0],[136.945867050378695,37.366936283550046,0.0],[136.945687748064501,37.367017594202721,0.0],[136.945504948846292,37.366970425209367,0.0],[136.945207000609997,37.366865890789192,0.0],[136.945121304053004,37.366862993618582,0.0],[136.944923900058711,37.366958392378109,0.0],[136.944857029528009,37.366965107356208,0.0],[136.944774830139295,37.366938958720461,0.0],[136.94463798796869,37.366841566257108,0.0],[136.94460826677971,37.367038518480904,0.0],[136.944568290683009,37.367225875288483,0.0],[136.944603935951903,37.367344968657093,0.0],[136.944899788863694,37.367579471135507,0.0],[136.944763478649804,37.367882937075521,0.0],[136.944581297903113,37.368046769214203,0.0],[136.944452628915911,37.368083466938138,0.0],[136.944313558494713,37.368159819241093,0.0],[136.944054773812695,37.368142915055302,0.0],[136.943877466159989,37.368107010612292,0.0],[136.943717134569198,37.368127230484347,0.0],[136.943572957100514,37.36819125945869,0.0],[136.943476304705712,37.368269744415251,0.0],[136.943395454257399,37.368366043518193,0.0],[136.943131346574688,37.368554344380101,0.0],[136.943171914902791,37.368602305367688,0.0],[136.94322944676901,37.368710494637767,0.0],[136.943218731244599,37.368855495251303,0.0],[136.943141132139999,37.369011313513717,0.0],[136.943041318005612,37.369143831957942,0.0],[136.94297721075219,37.369223818001039,0.0],[136.942989728821004,37.369337395604617,0.0],[136.942988236224608,37.36955150296108,0.0],[136.942919052174688,37.369707590184852,0.0],[136.942729037758312,37.369881605202607,0.0],[136.942556382065305,37.370039162410663,0.0],[136.942478559955589,37.37012221120132,0.0],[136.942341055991307,37.370301887679631,0.0],[136.942039171146291,37.369918223126668,0.0],[136.941944346474088,37.369622272055857,0.0],[136.941707801677097,37.369501041529638,0.0],[136.941652373860194,37.369492593577448,0.0],[136.941445422685604,37.369456167724408,0.0],[136.941208095957393,37.369374453077953,0.0],[136.940895952998886,37.369219905875447,0.0],[136.940506204013388,37.368990329577237,0.0],[136.940421110015592,37.368860474846883,0.0],[136.940378060298798,37.368628400582367,0.0],[136.940278603940612,37.368468684165677,0.0],[136.940113539256089,37.368352848838022,0.0],[136.93986242233359,37.368203844079709,0.0],[136.939552490716295,37.368131737815268,0.0],[136.93938822673519,37.368134715858332,0.0],[136.939165128009307,37.368179990574511,0.0],[136.938973790001313,37.368197126538448,0.0],[136.938168521041888,37.368171262427538,0.0],[136.938029851202089,37.368097089548428,0.0],[136.937969889132887,37.367781907045341,0.0],[136.937656074213294,37.368009820688542,0.0],[136.936899634183106,37.368353566083648,0.0],[136.936636283920109,37.368412372762748,0.0],[136.936499799080309,37.368420858865882,0.0],[136.936313471755597,37.368393268054056,0.0],[136.934723457552195,37.368006050771257,0.0],[136.934382570129401,37.367922725273068,0.0],[136.933970903281192,37.36787621246598,0.0],[136.933892765726114,37.36792856935709,0.0],[136.933570852677093,37.368013509717031,0.0],[136.933475670525411,37.368074763683822,0.0],[136.933241237363205,37.368106618820221,0.0],[136.933020518944801,37.368161191546022,0.0],[136.932858252567513,37.368257824492247,0.0],[136.93273905816261,37.368355917509369,0.0],[136.932378649152895,37.368726514611367,0.0],[136.932139665896699,37.368915014557281,0.0],[136.931645230741992,37.36916432391039,0.0],[136.931481469351297,37.369186689351316,0.0],[136.931299856814007,37.369132007119752,0.0],[136.930980334092709,37.368993078649623,0.0],[136.930288388669112,37.369058309069239,0.0],[136.930269879634494,37.369132662658863,0.0],[136.930054554992694,37.369415209881822,0.0],[136.92984233449431,37.369678798966113,0.0],[136.930186460151987,37.369701854063763,0.0],[136.930673047380793,37.369754364264523,0.0],[136.930912824982187,37.369833609731081,0.0],[136.930889563309705,37.369989781401721,0.0],[136.930505451137691,37.370090147097727,0.0],[136.930139545553487,37.370211942203433,0.0],[136.930009524281388,37.370488824233149,0.0],[136.929872831323109,37.37056245550697,0.0],[136.9293774860719,37.370774424817512,0.0],[136.928974772765912,37.370975881114397,0.0],[136.928754886249408,37.37115631148972,0.0],[136.928667982328307,37.371281579806087,0.0],[136.928600068615793,37.371566364502073,0.0],[136.928552416317387,37.371618410624187,0.0],[136.928362865107999,37.371620779057743,0.0],[136.928217973894107,37.371667932477287,0.0],[136.928087500159705,37.371787313838873,0.0],[136.928003390471105,37.371956983358537,0.0],[136.927934878736096,37.372098493857138,0.0],[136.927924358919512,37.372155543757657,0.0],[136.927924860854603,37.372269000390631,0.0],[136.92800179588761,37.372460311609103,0.0],[136.928001549724911,37.372538011438493,0.0],[136.927865279093794,37.372720251533551,0.0],[136.927862312552207,37.372975050729814,0.0],[136.927799960916388,37.373075316078051,0.0],[136.92761830861059,37.373302548717923,0.0],[136.927460627726987,37.373577274078961,0.0],[136.927399865966493,37.37371948654787,0.0],[136.927406723329909,37.373855193686147,0.0],[136.92744936510249,37.374015255507537,0.0],[136.927453893592912,37.374124176836219,0.0],[136.927475746570309,37.374242912083361,0.0],[136.927603202078586,37.374685570472749,0.0],[136.927581117780392,37.37473317490003,0.0],[136.927404160048013,37.374805470203782,0.0],[136.927287040883613,37.374893112481281,0.0],[136.92724770535969,37.375070436827379,0.0],[136.927753194170094,37.375427641152918,0.0],[136.927861632025014,37.375467054074512,0.0],[136.927988191458098,37.375497564426233,0.0],[136.928028603702899,37.375523775554008,0.0],[136.928144288242208,37.375723415352383,0.0],[136.928261018859814,37.375865298492108,0.0],[136.928440802703392,37.375957801382427,0.0],[136.92870855790639,37.376022975454113,0.0],[136.928862774522514,37.376026723385863,0.0],[136.929005139044392,37.375963749609888,0.0],[136.929232316035609,37.375781989111161,0.0],[136.929253098982713,37.375749025760761,0.0],[136.929291102743008,37.37571953471808,0.0],[136.929345173923508,37.375711961241123,0.0],[136.929430061371988,37.375643488349937,0.0],[136.929491662411692,37.375626681785057,0.0],[136.929695123207608,37.375635841238299,0.0],[136.929876806609997,37.375595363076393,0.0],[136.93004985652351,37.375587930107237,0.0],[136.930338816110492,37.375532107188683,0.0],[136.930489296549297,37.375338894618807,0.0],[136.930547700205096,37.37522025261498,0.0],[136.930710925992514,37.375219233011777,0.0],[136.931071115715213,37.375373594482753,0.0],[136.931365297725506,37.375595893642057,0.0],[136.931529195772612,37.375787788170371,0.0],[136.931688487131197,37.375894099100563,0.0],[136.931940451632613,37.375979201351321,0.0],[136.932103124300994,37.375989894103888,0.0],[136.932247594825299,37.375953554799878,0.0],[136.932367514966387,37.375958382701818,0.0],[136.932494955707909,37.375983388681973,0.0],[136.932666581381511,37.375989009800001,0.0],[136.932856046975786,37.375978439593567,0.0],[136.933141338793206,37.376024150828528,0.0],[136.933238980004688,37.376048285260318,0.0],[136.933290230734087,37.376105847687818,0.0],[136.933248119998211,37.376141335126022,0.0],[136.933161507604808,37.3761541618099,0.0],[136.932726929673009,37.376276896073122,0.0],[136.93273682012989,37.376359342257871,0.0],[136.932784672007614,37.376564525738139,0.0],[136.932776054316889,37.376607074575482,0.0],[136.932743260714489,37.376627325312093,0.0],[136.932635452474102,37.376601959258288,0.0],[136.9322491533392,37.376474464367902,0.0],[136.931790408510011,37.376254921636928,0.0],[136.931443099339589,37.37606462095966,0.0],[136.931128674134186,37.375825047004163,0.0],[136.930890331901111,37.375677526640743,0.0],[136.930571667467206,37.375572825876127,0.0],[136.930415512389089,37.375549460868918,0.0],[136.930389888651604,37.375615419828392,0.0],[136.930544088778703,37.375899023356489,0.0],[136.930753945776104,37.376233769543127,0.0],[136.931390070474095,37.376489304712379,0.0],[136.931742967184704,37.37660689951143,0.0],[136.932124320424407,37.376716270266598,0.0],[136.932507044875592,37.376824410684968,0.0],[136.933059249419898,37.377007374359167,0.0],[136.933277447586192,37.377007805152431,0.0],[136.933602758159708,37.376867205309871,0.0],[136.933850880660998,37.376796445702887,0.0],[136.934413793816901,37.376737355425178,0.0],[136.934582223032095,37.376599506674758,0.0],[136.934854268931787,37.376494011636552,0.0],[136.935962735275496,37.376391033608499,0.0],[136.936306769934589,37.376342252920367,0.0],[136.936477124212587,37.376256599485451,0.0],[136.936666744920814,37.376087672650648,0.0],[136.936836102297292,37.37580552089517,0.0],[136.937102942278614,37.375491880399927,0.0],[136.937419549664895,37.375283288435853,0.0],[136.937817792782397,37.375071231129553,0.0],[136.938291820639108,37.374651327425319,0.0],[136.938436739595488,37.374634345438693,0.0],[136.938689359350093,37.374670475300427,0.0],[136.938821585720291,37.374637838561704,0.0],[136.938964985798805,37.374518156698691,0.0],[136.939130501304305,37.374299842570657,0.0],[136.939270602142386,37.374067935602937,0.0],[136.939270602142386,37.374067935602937,0.0]],[[136.939156248099408,37.373963902889969,0.0],[136.939157904327999,37.373960971148911,0.0],[136.939156249100506,37.373963945244263,0.0],[136.939156248099408,37.373963902889969,0.0],[136.939156248099408,37.373963902889969,0.0]]],[[[136.950762298587108,37.368747034578597,0.0],[136.951246436113991,37.36856701317361,0.0],[136.951402040814287,37.368481486934392,0.0],[136.951491859504898,37.368363337620693,0.0],[136.951520147540691,37.36821972977409,0.0],[136.951444411908113,37.368000959032528,0.0],[136.951280643789687,37.367961851712401,0.0],[136.951221150169999,37.367945197089938,0.0],[136.951113456783986,37.368050742181197,0.0],[136.951115839455611,37.368416034083523,0.0],[136.9509088078471,37.368582566463047,0.0],[136.950762298587108,37.368747034578597,0.0],[136.950762298587108,37.368747034578597,0.0]]]]}},{"type":"Feature","properties":{"口座番号":"878"},"geometry":{"type":"MultiPolygon","coordinates":[[[[137.149332123646786,37.409373846241472,0.0],[137.149332194479996,37.409370395000238,0.0],[137.149203290286891,37.409401126412213,0.0],[137.148957515923399,37.40951448013876,0.0],[137.148524994015304,37.409735430723437,0.0],[137.148261710687905,37.409828245814253,0.0],[137.148110157357991,37.409852399807598,0.0],[137.148120357328793,37.409461531414728,0.0],[137.148118726341096,37.409245276454328,0.0],[137.148055460687289,37.409121853175868,0.0],[137.147967240242906,37.409003477540203,0.0],[137.147753182280894,37.408865129392403,0.0],[137.147593489025297,37.408761642775637,0.0],[137.147276979259004,37.408561454721337,0.0],[137.146907404391811,37.408353215449097,0.0],[137.146699852213601,37.40825375658261,0.0],[137.146546294957886,37.408190610481107,0.0],[137.146436077726207,37.40815918798112,0.0],[137.146222685721114,37.408125105527837,0.0],[137.146018285822493,37.408103047774283,0.0],[137.145882353642008,37.408052967281378,0.0],[137.145776291752298,37.40796829017944,0.0],[137.145939644646603,37.40788974211128,0.0],[137.145935445644596,37.40784944552459,0.0],[137.14586272243119,37.407797681985812,0.0],[137.145752791186908,37.40770770564955,0.0],[137.145623241782687,37.407667367888159,0.0],[137.145455365423487,37.40765594064672,0.0],[137.145305343056492,37.407667310880953,0.0],[137.145125519001112,37.407670818717968,0.0],[137.144924328547887,37.407704283371643,0.0],[137.144614761484405,37.407708974890873,0.0],[137.14453015747921,37.407666578060123,0.0],[137.144442157496599,37.407579772010422,0.0],[137.144289783553688,37.407487613748188,0.0],[137.14416357999869,37.40747785510051,0.0],[137.144083211133108,37.407481638858208,0.0],[137.1439712763312,37.407530055711071,0.0],[137.143917693968604,37.407545242639713,0.0],[137.143756360752093,37.407552809650682,0.0],[137.143594426952006,37.40757747218975,0.0],[137.143314605238487,37.407651975123578,0.0],[137.143095500135701,37.40774073696943,0.0],[137.142927166488192,37.407808112649761,0.0],[137.142788139519411,37.407868236469668,0.0],[137.142696592178595,37.407880274801109,0.0],[137.14256323964571,37.407885471427178,0.0],[137.142405924761107,37.407907057789039,0.0],[137.142266171245495,37.407896283289823,0.0],[137.142198823153791,37.407868350271443,0.0],[137.142195749911707,37.407800942079298,0.0],[137.14221753359331,37.4077799182757,0.0],[137.142240462995403,37.407757980077733,0.0],[137.142386258758506,37.407677239084499,0.0],[137.14243878351229,37.407629108039849,0.0],[137.142427352440393,37.407535849787749,0.0],[137.142399879274592,37.407433445575883,0.0],[137.142376982832104,37.407350241353889,0.0],[137.142362129990005,37.407271866028367,0.0],[137.141979596581308,37.407543330076543,0.0],[137.141985552171207,37.407714762154093,0.0],[137.141889887124591,37.407816887504943,0.0],[137.141865552533289,37.407882824753521,0.0],[137.141790097477411,37.407973932778418,0.0],[137.141781073530808,37.408170130518492,0.0],[137.141788801694787,37.4084866813538,0.0],[137.141543126383596,37.408921648448761,0.0],[137.141467578395094,37.409397231072212,0.0],[137.141421662291094,37.409607504317357,0.0],[137.141468015778997,37.409703512159723,0.0],[137.141537011906394,37.409874580951893,0.0],[137.141566793190009,37.40999574602035,0.0],[137.141655871923689,37.410210400277698,0.0],[137.141746588933188,37.41037462779385,0.0],[137.141918335431399,37.410591884519413,0.0],[137.141996100452701,37.410712147576263,0.0],[137.142039850291411,37.410759996619568,0.0],[137.1421062652106,37.410889308884187,0.0],[137.142135449025005,37.41086862726339,0.0],[137.142263546140214,37.410734183852959,0.0],[137.142325150371704,37.410705751217179,0.0],[137.142459614938787,37.410697210170717,0.0],[137.142614048419603,37.410713862660607,0.0],[137.142796815983786,37.410713542861643,0.0],[137.142999663816312,37.410693792564977,0.0],[137.14317687633681,37.41068399409388,0.0],[137.143469486713713,37.410625382405179,0.0],[137.143727124690201,37.410610657174892,0.0],[137.144054709995913,37.410611706995468,0.0],[137.1443043280008,37.410624684497677,0.0],[137.144495376206294,37.410622920060817,0.0],[137.144733871135713,37.410722902134488,0.0],[137.145250969813901,37.411036930081892,0.0],[137.145465186893006,37.411025133513689,0.0],[137.145573895013797,37.410997098705508,0.0],[137.1456638169455,37.41093159411691,0.0],[137.14575657497349,37.410936415275977,0.0],[137.146034844724511,37.410971058670391,0.0],[137.146378603453599,37.411057840967572,0.0],[137.146487088846186,37.411105201139847,0.0],[137.146699738802994,37.411290203545839,0.0],[137.146901504271,37.411496578067862,0.0],[137.147143550254498,37.411456673891102,0.0],[137.147172721563805,37.411392567448331,0.0],[137.14719157638919,37.411412312068357,0.0],[137.14716463341361,37.41147845358897,0.0],[137.14712996039691,37.411586579231738,0.0],[137.147066981566411,37.411696410479543,0.0],[137.146960724985291,37.411804142109588,0.0],[137.146960075964387,37.411922802829231,0.0],[137.146980495578589,37.411998285881097,0.0],[137.146907536954387,37.412085013625763,0.0],[137.146895232113508,37.41231825298626,0.0],[137.146683914580507,37.412543806644429,0.0],[137.14670008021389,37.412617193937898,0.0],[137.146637873000287,37.412700080089898,0.0],[137.146630628891103,37.412795275680658,0.0],[137.146806907942107,37.413227348689333,0.0],[137.146810140802302,37.413404142405163,0.0],[137.14673272737889,37.413537507994207,0.0],[137.146686127045314,37.41369441661999,0.0],[137.146692642096298,37.413856041604198,0.0],[137.146717798440392,37.413967171561502,0.0],[137.146745513417613,37.413981128111082,0.0],[137.146785508291089,37.414059631381228,0.0],[137.146777220053195,37.41425432277078,0.0],[137.146842028225109,37.414375873478498,0.0],[137.146936054584188,37.414476014165658,0.0],[137.146858631784312,37.414508651112371,0.0],[137.146766420066797,37.414557030602289,0.0],[137.146420374322901,37.41458716171266,0.0],[137.146328547537308,37.414647802320097,0.0],[137.146015327337494,37.414641940373748,0.0],[137.145813349709499,37.414657595936227,0.0],[137.145530891559389,37.414737423706747,0.0],[137.145448710554206,37.414766227361334,0.0],[137.145190035823987,37.41488937219939,0.0],[137.145034920005713,37.415005851935227,0.0],[137.144932899313403,37.41502686150907,0.0],[137.144680369383309,37.415093167992353,0.0],[137.144432181475111,37.415133480455331,0.0],[137.144280504178113,37.415275996491289,0.0],[137.144141740741503,37.415281299294527,0.0],[137.144247222728808,37.415361437861023,0.0],[137.144319475954802,37.415456934868033,0.0],[137.144482862196696,37.415570777524287,0.0],[137.144403087607486,37.415633073322972,0.0],[137.14418792339211,37.415488382967467,0.0],[137.144016649128389,37.415399818107289,0.0],[137.143775189130508,37.415401147594793,0.0],[137.143500953649095,37.415423104669863,0.0],[137.143327438241613,37.415431481495837,0.0],[137.143232151190404,37.41545141770851,0.0],[137.143014764145903,37.415536739190017,0.0],[137.142899581943112,37.415593200313943,0.0],[137.142919125912101,37.415652077304081,0.0],[137.142956071045205,37.415736869173678,0.0],[137.142950878613988,37.415794646346022,0.0],[137.142828825940398,37.415947549921711,0.0],[137.142835264130809,37.41598033987507,0.0],[137.142965471581704,37.416210238065382,0.0],[137.143138064774888,37.41649773712502,0.0],[137.143269021279508,37.416816933203727,0.0],[137.143358218738797,37.416959958610988,0.0],[137.143357351829593,37.416975778308057,0.0],[137.143124932920188,37.417160631690138,0.0],[137.143067579816204,37.417263731440308,0.0],[137.143073656402009,37.417329880351041,0.0],[137.143123508624711,37.417484386301041,0.0],[137.143125040815193,37.41775075707335,0.0],[137.1432199668794,37.417894356808112,0.0],[137.143280307867599,37.417949531033919,0.0],[137.143161225355698,37.417995845133042,0.0],[137.142902190150494,37.418015012194459,0.0],[137.142696158173891,37.418059173587878,0.0],[137.142307012855014,37.418058133463518,0.0],[137.142188906158708,37.418172460667883,0.0],[137.141935799910414,37.418477985665866,0.0],[137.141769490563888,37.418624013264257,0.0],[137.141646472832889,37.419011245031527,0.0],[137.1416307888002,37.419076584699319,0.0],[137.141550002813602,37.41926683303339,0.0],[137.141549990618387,37.419303348652612,0.0],[137.141747567785814,37.419337984020771,0.0],[137.141883681845286,37.419424497425943,0.0],[137.141884871188893,37.419473505363577,0.0],[137.141824599302993,37.419567663960443,0.0],[137.141847451638199,37.419687786523191,0.0],[137.141846200472401,37.419826160478642,0.0],[137.14186925915871,37.419851908184242,0.0],[137.142210835313705,37.419999427714501,0.0],[137.142297735774491,37.419991291528987,0.0],[137.14235060229629,37.419845893246411,0.0],[137.142358306725498,37.419733100379652,0.0],[137.142344702926295,37.419648841234483,0.0],[137.142387380271288,37.419399479038397,0.0],[137.142368785140093,37.41894082267023,0.0],[137.142443820864003,37.41873495457282,0.0],[137.142631310635409,37.418524352384011,0.0],[137.142936355650107,37.41834095368673,0.0],[137.143118400047314,37.418263050492428,0.0],[137.143088309319808,37.418609625312378,0.0],[137.143199233486399,37.418773523001313,0.0],[137.143391311214089,37.419104285854317,0.0],[137.143464468533494,37.419170447011027,0.0],[137.143648553908008,37.419416588357841,0.0],[137.143724626187009,37.419610136023977,0.0],[137.143789418695604,37.41978211522342,0.0],[137.144011431448689,37.420052389590737,0.0],[137.144128119874409,37.42016231558442,0.0],[137.144228585051991,37.420312319684612,0.0],[137.144387482523513,37.420407998787738,0.0],[137.14447538000141,37.420494610032677,0.0],[137.144464542328109,37.420967047383563,0.0],[137.144422753414801,37.421113129005867,0.0],[137.144357124477892,37.421211641113899,0.0],[137.144288901488608,37.42131708401741,0.0],[137.144379240426503,37.421327158352327,0.0],[137.144452487769001,37.421397158512242,0.0],[137.14449250315559,37.421484140089582,0.0],[137.144524025336807,37.421484145997958,0.0],[137.144567478898608,37.421471243951423,0.0],[137.144606665423709,37.421484161447722,0.0],[137.144852817610314,37.421694168039132,0.0],[137.144866424194788,37.421779785738543,0.0],[137.144884304254987,37.421817160693642,0.0],[137.144981400250003,37.421909588087388,0.0],[137.14507764961931,37.421988425633486,0.0],[137.145193509493595,37.422008831603407,0.0],[137.145227619545892,37.421896722819341,0.0],[137.145317109001496,37.421777829681787,0.0],[137.145548034602314,37.421611396828602,0.0],[137.145931465982699,37.421422568090719,0.0],[137.146043102481286,37.421309113761239,0.0],[137.146244959102603,37.421222196362002,0.0],[137.146338097237191,37.421171999057329,0.0],[137.146502273582513,37.421038825348383,0.0],[137.146578190540993,37.420950795486682,0.0],[137.146685192700801,37.420715572985152,0.0],[137.146764554763791,37.420637173726121,0.0],[137.1467797480326,37.420566351869269,0.0],[137.146309403076714,37.419961833522429,0.0],[137.146263062667288,37.419883998598053,0.0],[137.14618544284059,37.41976398546155,0.0],[137.146151282721604,37.419708094592217,0.0],[137.14598405345609,37.419706495722927,0.0],[137.14593859532539,37.419520120499683,0.0],[137.145933274262688,37.41946990979951,0.0],[137.145985907138709,37.419354330221701,0.0],[137.146071849248102,37.419272887714563,0.0],[137.146451244167906,37.419067369782177,0.0],[137.146900402468987,37.418647228143563,0.0],[137.146960412551408,37.418533456071607,0.0],[137.147161455889886,37.418426171873577,0.0],[137.147301499919791,37.418532581589531,0.0],[137.147414256462298,37.418529421795341,0.0],[137.147650414800296,37.418440826967597,0.0],[137.147799313385207,37.418341173784697,0.0],[137.148044147942386,37.418140801519712,0.0],[137.148208813092111,37.41796072273727,0.0],[137.1483702631499,37.41792038807327,0.0],[137.148633410779695,37.417903279504557,0.0],[137.149042680637791,37.417810188203177,0.0],[137.149072646749289,37.417805210436057,0.0],[137.149109311967095,37.41787470128633,0.0],[137.149125340499296,37.417955159162403,0.0],[137.149175830982387,37.418223471772137,0.0],[137.1491757161495,37.418717235161509,0.0],[137.149089900294399,37.418899161674098,0.0],[137.148879737319987,37.419175017254616,0.0],[137.148902784969493,37.419232926858143,0.0],[137.148960476841893,37.419309300859233,0.0],[137.149030801155391,37.419337169141933,0.0],[137.149368188343601,37.419062683647532,0.0],[137.149814447667012,37.418756034157212,0.0],[137.150093804287195,37.418807333213692,0.0],[137.150403309658913,37.418937093486583,0.0],[137.150638077878511,37.418967463173452,0.0],[137.150858426535791,37.418955985686132,0.0],[137.15114824840029,37.418828186507582,0.0],[137.151299145299788,37.418832602727811,0.0],[137.151384393537114,37.418859812841333,0.0],[137.15130025608741,37.419063829145507,0.0],[137.151350498069803,37.419173912387393,0.0],[137.151502944836494,37.419406994758518,0.0],[137.151531892636086,37.419496010870702,0.0],[137.151559122025787,37.419658411230053,0.0],[137.151607659097209,37.41977257074857,0.0],[137.151687714039298,37.419905760246863,0.0],[137.151715241951507,37.420023859402122,0.0],[137.151742343173595,37.420100642672857,0.0],[137.1517714966472,37.42021500602084,0.0],[137.151604002471203,37.420238053174373,0.0],[137.151397918533405,37.420221672520483,0.0],[137.151210523056108,37.420220741653857,0.0],[137.151054471285306,37.420081065561497,0.0],[137.150967254791311,37.420053854954197,0.0],[137.15077641368751,37.420064291325993,0.0],[137.150509507609513,37.420036009905047,0.0],[137.150282593451891,37.420064746562197,0.0],[137.150148158238295,37.420047467122238,0.0],[137.149830128198204,37.419890505933587,0.0],[137.149675360177611,37.419888914960978,0.0],[137.149116123618512,37.42006675081894,0.0],[137.148389197011994,37.420444729537863,0.0],[137.148222622608301,37.420442611293552,0.0],[137.148071795379792,37.420409112390637,0.0],[137.147915063937802,37.420384503595301,0.0],[137.147724904210691,37.420290847216137,0.0],[137.14749009622679,37.420404834716621,0.0],[137.147400891135987,37.420465494543834,0.0],[137.147315595197909,37.420626581667889,0.0],[137.147262458247809,37.42069038584706,0.0],[137.147242120243789,37.420721765407393,0.0],[137.147245388432907,37.420762564525397,0.0],[137.147654565074788,37.420954591439468,0.0],[137.147781135291609,37.421049309197862,0.0],[137.147826278875499,37.421088046936283,0.0],[137.147975323319599,37.421276288684311,0.0],[137.148060497370096,37.421358519237081,0.0],[137.148161398278404,37.421433664072843,0.0],[137.148023091319914,37.421544512895977,0.0],[137.147889376314907,37.421620755224147,0.0],[137.147641985355108,37.421737358720158,0.0],[137.147509083221195,37.421724427080797,0.0],[137.147373818219506,37.421730815567102,0.0],[137.147215211248806,37.421770733900217,0.0],[137.146904216071192,37.421650263628891,0.0],[137.146729452508112,37.421608978848013,0.0],[137.146642778976087,37.421714352407001,0.0],[137.14655036234771,37.421751832730067,0.0],[137.146436871916393,37.421785431006732,0.0],[137.146344181144087,37.421866695967083,0.0],[137.146892426322012,37.422075531546348,0.0],[137.147132079375297,37.422105592708427,0.0],[137.147180362389491,37.422177501896343,0.0],[137.147248522580213,37.422162564629183,0.0],[137.147304734757313,37.42222644529339,0.0],[137.147371193696188,37.422206072192822,0.0],[137.147466597780408,37.422265881655832,0.0],[137.147567237861011,37.422209379556428,0.0],[137.147688099356998,37.422297174159652,0.0],[137.147943576208093,37.422624745155403,0.0],[137.148159976266697,37.422740272445907,0.0],[137.148309968775891,37.422671775576447,0.0],[137.148364004899008,37.4226293949311,0.0],[137.148490934639511,37.422682414085308,0.0],[137.148655319995811,37.422863181691248,0.0],[137.1486774571664,37.422924338757078,0.0],[137.148886171820493,37.422996395895588,0.0],[137.149143150090509,37.422988760431423,0.0],[137.149785885108798,37.422870060889117,0.0],[137.149867939784087,37.422867459364348,0.0],[137.150030113598802,37.422959689076222,0.0],[137.150303610578788,37.42299624284815,0.0],[137.150444854179796,37.422766199525597,0.0],[137.150605349607588,37.422572417428739,0.0],[137.150731956537186,37.422561596935353,0.0],[137.150894739432488,37.422558323412773,0.0],[137.150986453048887,37.422527250088073,0.0],[137.1510756167132,37.42247351889435,0.0],[137.151121742405991,37.422430355583728,0.0],[137.151286829490488,37.422368206124851,0.0],[137.151183321877397,37.422195781797093,0.0],[137.151148824719911,37.422068945403467,0.0],[137.151153457731795,37.421841084594,0.0],[137.151123966363201,37.421761386712816,0.0],[137.150963962490295,37.421688137912028,0.0],[137.150910190556203,37.421666162640634,0.0],[137.150738116523598,37.421350417391032,0.0],[137.150752421753793,37.421283934649509,0.0],[137.150792286691001,37.42122404244185,0.0],[137.150920783828099,37.421186000417528,0.0],[137.151071618006995,37.421199619937283,0.0],[137.151171286722899,37.421269722145347,0.0],[137.151242119043786,37.421251947135652,0.0],[137.151301149652198,37.421215340991751,0.0],[137.1514664170912,37.421202809017487,0.0],[137.151657360439714,37.421214882132837,0.0],[137.15180326673331,37.42120455674543,0.0],[137.152195610900691,37.421077893378282,0.0],[137.152296135399212,37.421008085066333,0.0],[137.15251339656939,37.420863297763717,0.0],[137.152630128368287,37.42081417874958,0.0],[137.152879797546404,37.420746972832248,0.0],[137.153019230291108,37.420666824609718,0.0],[137.153074350850602,37.420659073318191,0.0],[137.153125835107801,37.420622985331001,0.0],[137.153181471543007,37.420529291738831,0.0],[137.153309244501401,37.420623888381407,0.0],[137.153606736878288,37.421054370256243,0.0],[137.153701852826913,37.421147764379953,0.0],[137.153779889448401,37.421274229941858,0.0],[137.153879878853104,37.421400698727147,0.0],[137.1542506063291,37.421675052708913,0.0],[137.154360353189503,37.421815140551679,0.0],[137.154574992269886,37.421939674223147,0.0],[137.154828654591114,37.422112848728347,0.0],[137.154926189935594,37.422352154924774,0.0],[137.155061942335294,37.422682805606932,0.0],[137.155159742729211,37.422831461949002,0.0],[137.155245810737711,37.423079534516681,0.0],[137.155462697137693,37.423328845889863,0.0],[137.155591060921296,37.423399117372362,0.0],[137.155692254019812,37.423508914195793,0.0],[137.155756089444992,37.423667474547287,0.0],[137.155858489571614,37.423771264549671,0.0],[137.155956041204888,37.424069163467372,0.0],[137.156259849565004,37.424446378112037,0.0],[137.156371198494611,37.42452023184191,0.0],[137.156382598926399,37.424693614977762,0.0],[137.156307780363193,37.425066022747359,0.0],[137.156312999153698,37.425272106528887,0.0],[137.156261122667786,37.425436181961317,0.0],[137.156244484596499,37.425619039560857,0.0],[137.15612694825009,37.425446858112402,0.0],[137.156027263435504,37.425346886609347,0.0],[137.155936687197311,37.425347620034323,0.0],[137.155714680756404,37.425477948498617,0.0],[137.155617085399996,37.425594668896977,0.0],[137.155529253218901,37.425680262272053,0.0],[137.155414568406599,37.425890365368403,0.0],[137.155307221575498,37.425966229259117,0.0],[137.155173046936596,37.425993453166562,0.0],[137.155097417002793,37.426040137577367,0.0],[137.15495102726149,37.426187980487207,0.0],[137.154833924177808,37.42624827994927,0.0],[137.154760730457696,37.426312473806242,0.0],[137.1546582653163,37.426363046209907,0.0],[137.154470421062712,37.426394154835982,0.0],[137.154416747947693,37.426425277143089,0.0],[137.154130507882286,37.426641118240298,0.0],[137.154126239758,37.426684604331577,0.0],[137.154172235845607,37.426760031894077,0.0],[137.154402249146187,37.426944196379928,0.0],[137.1546776464929,37.427100036911597,0.0],[137.154899471169301,37.427292391555632,0.0],[137.154992920429009,37.427410955007588,0.0],[137.155052006586288,37.427634017326888,0.0],[137.155059847730598,37.427820224707403,0.0],[137.155044081227686,37.427985508756016,0.0],[137.154949604488394,37.428190536465912,0.0],[137.154960054150393,37.428472985944417,0.0],[137.154999280384089,37.428578132807829,0.0],[137.15518601439851,37.4288001271185,0.0],[137.155363119239013,37.428960619646922,0.0],[137.15550565143829,37.429094426866222,0.0],[137.155697159184712,37.429159302874723,0.0],[137.155843975085588,37.429220801645293,0.0],[137.15586616871181,37.429619114604989,0.0],[137.1560461103048,37.42966351313121,0.0],[137.156175970870891,37.429656128441039,0.0],[137.156624922432712,37.429573319654452,0.0],[137.156751084327595,37.429472729817128,0.0],[137.156873522589592,37.429477177975997,0.0],[137.157036761319802,37.429567436352393,0.0],[137.157207433868194,37.429563012180928,0.0],[137.157402228543191,37.429512726913927,0.0],[137.15756734628269,37.429413618868693,0.0],[137.158110887791509,37.42949354800232,0.0],[137.158403997033787,37.429496527187823,0.0],[137.158643321459209,37.429376710857881,0.0],[137.158988377964789,37.429339748737412,0.0],[137.159183918776392,37.429211175103781,0.0],[137.159379829082098,37.429122298537571,0.0],[137.159605683063205,37.428929646538563,0.0],[137.159822584254186,37.428839331418182,0.0],[137.15993465374919,37.428738439988237,0.0],[137.160087213362601,37.428401334479588,0.0],[137.160134917955986,37.428244997730758,0.0],[137.160276621730389,37.428052839855873,0.0],[137.16042282633029,37.427983902151681,0.0],[137.160586428229891,37.427969268588157,0.0],[137.160801084049012,37.428033839262383,0.0],[137.160990256317604,37.428092465522987,0.0],[137.161173552660813,37.428128334645699,0.0],[137.1613928227043,37.428147873427143,0.0],[137.16157909344679,37.428115452543913,0.0],[137.162081463679613,37.427908990681154,0.0],[137.16229160946861,37.427904176820562,0.0],[137.162809723674513,37.428123288272722,0.0],[137.162974169118314,37.428138787161338,0.0],[137.163048002464308,37.428128356425162,0.0],[137.163270619857286,37.427997433951603,0.0],[137.163424592528287,37.427970808753443,0.0],[137.163542390705487,37.427967852689292,0.0],[137.164060766323388,37.427706513508078,0.0],[137.1643428745611,37.427494793416187,0.0],[137.164568400777995,37.427281750629263,0.0],[137.164789339554602,37.427198546992102,0.0],[137.164985730385411,37.427171200438131,0.0],[137.165149020077706,37.42715432851066,0.0],[137.165335348669998,37.427070198865607,0.0],[137.165642611515011,37.427039809376772,0.0],[137.165923423701798,37.427043551972623,0.0],[137.166332208701903,37.427002408371393,0.0],[137.16659454679251,37.426961102059423,0.0],[137.167167770832606,37.426870759595033,0.0],[137.167247209026698,37.426869518406697,0.0],[137.167509699335909,37.42678519029257,0.0],[137.167617287431312,37.42638648547036,0.0],[137.167835736778898,37.426164091981647,0.0],[137.167814846729414,37.426131283762487,0.0],[137.167946537419908,37.426001019205522,0.0],[137.168035996099491,37.425896377989353,0.0],[137.168428762984405,37.425656515069981,0.0],[137.168820533557891,37.425433917878607,0.0],[137.16905653377259,37.425351696281993,0.0],[137.169813617140306,37.425248773860353,0.0],[137.170073806142,37.425134236763768,0.0],[137.170268906734009,37.425025513238197,0.0],[137.170580587967891,37.424727133047398,0.0],[137.170750125348405,37.424592589222023,0.0],[137.171254491680912,37.424437648671081,0.0],[137.171328876204512,37.424373584205817,0.0],[137.171387562709697,37.424191821222742,0.0],[137.171393489511587,37.424022329810782,0.0],[137.17131000828789,37.423912855723422,0.0],[137.171169023235791,37.423807822636547,0.0],[137.171096671617107,37.423696868350959,0.0],[137.171087822375313,37.42311742293365,0.0],[137.171206258038495,37.422893947264257,0.0],[137.171260042401286,37.422748961409738,0.0],[137.171384315895409,37.422595836630506,0.0],[137.171432535136603,37.422449372193782,0.0],[137.171618012975188,37.422186027440233,0.0],[137.171741342407614,37.421830221456908,0.0],[137.171758956141105,37.421708169199142,0.0],[137.17168847142301,37.421755513735732,0.0],[137.171400971957098,37.421984095292629,0.0],[137.171268347742313,37.422044756822778,0.0],[137.171074504384393,37.422011477274033,0.0],[137.170745246326305,37.421901272750198,0.0],[137.170565318349787,37.421928648179353,0.0],[137.169906824394502,37.422122472095609,0.0],[137.169656407671994,37.422159463776268,0.0],[137.169421518832593,37.422093972438148,0.0],[137.169220304903007,37.421954641305113,0.0],[137.168970070837503,37.421898361427033,0.0],[137.168654926983891,37.421879459194471,0.0],[137.168564487120904,37.421875641784503,0.0],[137.168459488166405,37.421868888716553,0.0],[137.168322736136702,37.421798742142521,0.0],[137.168195755892498,37.421709997311289,0.0],[137.16801118907091,37.421650821976229,0.0],[137.167709762027187,37.421588690004128,0.0],[137.167584551927206,37.42147995341135,0.0],[137.167335062934711,37.421293548227581,0.0],[137.166873186838899,37.421130073575938,0.0],[137.166622773166011,37.420982871399062,0.0],[137.166256429576293,37.420685507647477,0.0],[137.166079493535591,37.420563219286493,0.0],[137.165899946389203,37.420508238932612,0.0],[137.165872466046409,37.420392579686357,0.0],[137.16575282625999,37.420265348621712,0.0],[137.1653838420184,37.420193350234563,0.0],[137.165249222687805,37.42021726231274,0.0],[137.164714089614193,37.420061916205313,0.0],[137.16460133975059,37.420011456721191,0.0],[137.1642724935503,37.419993783386268,0.0],[137.16381404476391,37.420080826597882,0.0],[137.163245063497413,37.419946194005057,0.0],[137.16310534676839,37.419935318906113,0.0],[137.163277603277493,37.420040096752203,0.0],[137.163295435241508,37.420160734957889,0.0],[137.163373571766186,37.42020848148961,0.0],[137.163348648171194,37.420285893215443,0.0],[137.163263785896987,37.420386501359701,0.0],[137.162907861482211,37.420320575399799,0.0],[137.162637845742807,37.4201136981427,0.0],[137.162302815691589,37.419947748028868,0.0],[137.162177285862896,37.419883168092881,0.0],[137.162115851486391,37.419699626163343,0.0],[137.161996587404587,37.419500708113063,0.0],[137.160933504860708,37.418723778669609,0.0],[137.160847218406388,37.418653181600916,0.0],[137.160630203919311,37.418608048603588,0.0],[137.160196195455313,37.418288470874607,0.0],[137.160003039275011,37.418021408458529,0.0],[137.159755063383699,37.41785333292863,0.0],[137.159497329523191,37.417911719341497,0.0],[137.159513591447705,37.417733937868952,0.0],[137.159408796612809,37.41769398713047,0.0],[137.159294025339705,37.41766099313832,0.0],[137.159203729437309,37.417594397332827,0.0],[137.158996738887595,37.417372193171211,0.0],[137.158699796834611,37.417106625756638,0.0],[137.158311422144294,37.416831439929886,0.0],[137.158138499568992,37.416838207526197,0.0],[137.158068645442,37.416789551594441,0.0],[137.158080127956197,37.41664404045239,0.0],[137.157953637549696,37.416563312558623,0.0],[137.157802593598007,37.416567008492713,0.0],[137.157488292361307,37.416227944947181,0.0],[137.157317143056588,37.416076093760161,0.0],[137.157128484738109,37.416047427026299,0.0],[137.157078419327689,37.415937945432908,0.0],[137.156904095626913,37.415735250103829,0.0],[137.156892160331893,37.415645094051342,0.0],[137.156683722327102,37.415440128371273,0.0],[137.156621718524605,37.415342136508791,0.0],[137.156334366766004,37.415269918482103,0.0],[137.156348957705603,37.415019745709508,0.0],[137.156187627356189,37.414860075689212,0.0],[137.156014623760711,37.414647938206947,0.0],[137.155769744236295,37.414463575061021,0.0],[137.155663747576796,37.414382053598729,0.0],[137.155490356306814,37.414082031001627,0.0],[137.155439864833397,37.414013499553533,0.0],[137.155388747029008,37.413790479124962,0.0],[137.15530185609731,37.413590438028812,0.0],[137.155236902429493,37.413493333619847,0.0],[137.155257704658396,37.41331590266936,0.0],[137.155227969304804,37.41305849606497,0.0],[137.155305276775806,37.412663489532093,0.0],[137.155203818619611,37.412420550502929,0.0],[137.155176883690814,37.41236682012827,0.0],[137.155202159428995,37.412255337297907,0.0],[137.155170186863501,37.41211564237247,0.0],[137.155144177313105,37.411980571610179,0.0],[137.15509962662,37.411726362410008,0.0],[137.15509482788849,37.411600525570542,0.0],[137.154911448036501,37.411290977176073,0.0],[137.154790739515391,37.411201546185453,0.0],[137.154966827840013,37.410885613009462,0.0],[137.155292175840287,37.410824658543483,0.0],[137.155213841716801,37.410651410805592,0.0],[137.155229737425202,37.410560946317482,0.0],[137.154943468114112,37.410562270844977,0.0],[137.15485354412391,37.41053687762841,0.0],[137.154759655830389,37.410463911648492,0.0],[137.154643814172289,37.41041039922716,0.0],[137.154440171940792,37.410357849041368,0.0],[137.154276121517313,37.410330616640579,0.0],[137.154142402725398,37.410336367852722,0.0],[137.154044815289211,37.41039401409283,0.0],[137.153960721242413,37.410379681943098,0.0],[137.153801451333692,37.410301551103792,0.0],[137.153732689410106,37.410239833790271,0.0],[137.153751728566391,37.41010227242495,0.0],[137.153754360785598,37.410048920694159,0.0],[137.153666071685507,37.409779379105828,0.0],[137.153664351760312,37.409756679955251,0.0],[137.1536540216444,37.409655567064341,0.0],[137.153652303213789,37.409617735572297,0.0],[137.153638518125092,37.409552389157717,0.0],[137.153593690237301,37.40948772776057,0.0],[137.153529029474413,37.40946046922268,0.0],[137.153470030240612,37.409447831792292,0.0],[137.153402975685111,37.409357358243767,0.0],[137.153378597297689,37.409297045109263,0.0],[137.153383123515994,37.409228177377443,0.0],[137.153384218713086,37.409128956266059,0.0],[137.153405807795593,37.40894668123056,0.0],[137.153404409786987,37.40890548321876,0.0],[137.152795683405401,37.408913663935103,0.0],[137.152455828005287,37.408825290449627,0.0],[137.15218143844379,37.408787746638453,0.0],[137.151962996515806,37.408756634977919,0.0],[137.151779893420212,37.408752768830212,0.0],[137.151576305223386,37.408772922482292,0.0],[137.151255873791712,37.408761349643783,0.0],[137.151055910437492,37.408732495094242,0.0],[137.150684884729799,37.408722836085254,0.0],[137.150637898474201,37.408744931254013,0.0],[137.150304152727387,37.409027401592567,0.0],[137.149911387648814,37.409262776920443,0.0],[137.1498062776555,37.40933850748997,0.0],[137.149508712704602,37.409336454305048,0.0],[137.149366557214393,37.409365261903609,0.0],[137.149366536582392,37.409366559499126,0.0],[137.149332123646786,37.409373846241472,0.0],[137.149332123646786,37.409373846241472,0.0]]],[[[137.141899979136213,37.426275117694892,0.0],[137.14173490462079,37.426270543215757,0.0],[137.141616396596191,37.426333989470017,0.0],[137.141428554293412,37.426589161168941,0.0],[137.141193957293609,37.426807922259243,0.0],[137.140817033110693,37.427079311651802,0.0],[137.140246561774688,37.42736699831211,0.0],[137.139855940047113,37.427721003175357,0.0],[137.139697661741991,37.427806312841653,0.0],[137.139498404252009,37.42787254545464,0.0],[137.139433479585989,37.427957876183193,0.0],[137.139488091151293,37.428057761167658,0.0],[137.139627637898911,37.428052193688913,0.0],[137.139732848673702,37.428099581704217,0.0],[137.139843691677697,37.428091621295131,0.0],[137.139937757484887,37.428150472286347,0.0],[137.14003112544151,37.428115991768642,0.0],[137.140093707775407,37.428211338488524,0.0],[137.140070477260707,37.428327218350283,0.0],[137.140214369673913,37.428393730718803,0.0],[137.140281488404895,37.428407493009743,0.0],[137.140281469923593,37.428460152806402,0.0],[137.140158425635093,37.4287110367558,0.0],[137.140200548478589,37.428714355059441,0.0],[137.140258624759298,37.428676234997091,0.0],[137.140418016606191,37.428667190942058,0.0],[137.140497136358306,37.428724028694027,0.0],[137.140587613092407,37.428777996169167,0.0],[137.140849491667893,37.428702695868338,0.0],[137.141111979050407,37.428659764687893,0.0],[137.141771760410393,37.428639935141163,0.0],[137.14208704697171,37.428651207287267,0.0],[137.142431115419299,37.428686761223659,0.0],[137.142821935970289,37.428759387034667,0.0],[137.143503587918303,37.428911133836401,0.0],[137.143802992367199,37.429030009400279,0.0],[137.144198366007089,37.429175465316909,0.0],[137.144365723079488,37.429182759930811,0.0],[137.144600839823909,37.429238946625823,0.0],[137.144928754834012,37.429337864229097,0.0],[137.145225861900911,37.429483186853481,0.0],[137.145497945893908,37.429549515013328,0.0],[137.146046202010297,37.429975903095929,0.0],[137.146124688713996,37.429996461097822,0.0],[137.146514088809198,37.430272569608498,0.0],[137.146708751054291,37.430363396361017,0.0],[137.146881790920702,37.430415176917897,0.0],[137.14726432089509,37.430460637185988,0.0],[137.147338316209101,37.430492426841177,0.0],[137.147542067204114,37.430663150340898,0.0],[137.147707136608688,37.43072763941003,0.0],[137.147941668099605,37.430744927582708,0.0],[137.148351504664305,37.430870286188018,0.0],[137.148612202580807,37.430971106075631,0.0],[137.148900758191587,37.431034483184042,0.0],[137.149134209733205,37.431099359880058,0.0],[137.149399319077389,37.431208157982468,0.0],[137.149531869264791,37.431278537486648,0.0],[137.149637462332009,37.431391781310822,0.0],[137.149742280603306,37.431063125791638,0.0],[137.149867559288111,37.430881558030698,0.0],[137.150140859180397,37.430634640123039,0.0],[137.1504847354378,37.430431311486707,0.0],[137.150746619290402,37.430311500733843,0.0],[137.151019873783099,37.430258877433843,0.0],[137.151247580476308,37.430238932518527,0.0],[137.15147756834719,37.430202644982963,0.0],[137.15185099321431,37.4302390096869,0.0],[137.152039985972607,37.43023721749266,0.0],[137.152301858085991,37.430168247344717,0.0],[137.152445322775804,37.430104709621247,0.0],[137.152413747864614,37.430024042331382,0.0],[137.152329124668711,37.429933515005317,0.0],[137.152312432420814,37.429853610925598,0.0],[137.152311304003803,37.42979822695284,0.0],[137.152237308314511,37.429760993215062,0.0],[137.152051742239195,37.429707402312147,0.0],[137.151960679887509,37.429612966721358,0.0],[137.151792193676613,37.429553022025686,0.0],[137.151540595413991,37.42949942199126,0.0],[137.151414231055895,37.429449470008258,0.0],[137.151224130184204,37.429310532470652,0.0],[137.151117105209011,37.429343203395099,0.0],[137.150920143090701,37.429349532830187,0.0],[137.150860026133103,37.42933024472088,0.0],[137.15068511211669,37.429418817143997,0.0],[137.150511195228205,37.429550403785854,0.0],[137.150178706054987,37.429579248269121,0.0],[137.149978645271887,37.429614530072648,0.0],[137.149732311715212,37.429569555032707,0.0],[137.149582569947796,37.429583657437341,0.0],[137.149429599772304,37.429637563780389,0.0],[137.149328147887587,37.429708169598221,0.0],[137.149179990860802,37.429830127920297,0.0],[137.149014136841402,37.429895587612201,0.0],[137.148923368258693,37.42971110841787,0.0],[137.148970718838001,37.429663175723611,0.0],[137.148978780687287,37.429611817436722,0.0],[137.148888026731498,37.42948197502983,0.0],[137.148891888640009,37.429392238868907,0.0],[137.148880651146186,37.429249712684317,0.0],[137.14885978393059,37.428980068573793,0.0],[137.148853398861093,37.428750230334117,0.0],[137.14886271541809,37.428415263179872,0.0],[137.148893770193695,37.428373353754083,0.0],[137.14908475138941,37.428570258007817,0.0],[137.149162390908486,37.428640325203268,0.0],[137.149214402605708,37.428636904180898,0.0],[137.14916200464171,37.42856194414378,0.0],[137.149128306051495,37.428341611238928,0.0],[137.149160206479991,37.428243559285711,0.0],[137.149221695946608,37.428195448350493,0.0],[137.149291185477608,37.428009333087317,0.0],[137.149342463032212,37.427811412406889,0.0],[137.149465454656593,37.427655265773971,0.0],[137.149737983531395,37.427459292651641,0.0],[137.150263048243403,37.427106555219019,0.0],[137.150244885586289,37.426865497460099,0.0],[137.150193708626489,37.426618079581843,0.0],[137.150134578884092,37.426297571730878,0.0],[137.150112990793588,37.426108719104079,0.0],[137.150116429823697,37.425997498586533,0.0],[137.150151167289408,37.425930771024497,0.0],[137.150214442591903,37.425863190473358,0.0],[137.150370316563908,37.425719245712003,0.0],[137.150470500786014,37.42555057033654,0.0],[137.150465024456906,37.425449826655893,0.0],[137.15032289994889,37.425202846828441,0.0],[137.150265905601913,37.424988849290642,0.0],[137.150223536104392,37.424772428871883,0.0],[137.150040025339507,37.424647854796277,0.0],[137.149877460575112,37.424453304281677,0.0],[137.149688304323405,37.424382657449378,0.0],[137.149458913326811,37.42424972890376,0.0],[137.14920940734271,37.424076351617643,0.0],[137.148959067355207,37.424033300001838,0.0],[137.148743362856493,37.423903583657797,0.0],[137.148485766723411,37.423906754068042,0.0],[137.148421335929498,37.423968579063263,0.0],[137.148533184571505,37.424226478915202,0.0],[137.148704616425789,37.424352980072243,0.0],[137.148830183715006,37.424394728485012,0.0],[137.148902624357305,37.424432618359319,0.0],[137.14886558793151,37.424462786381923,0.0],[137.148706989402996,37.424526962717458,0.0],[137.148348767087612,37.424533969734007,0.0],[137.148108095353308,37.424454966320447,0.0],[137.147856160570598,37.424348353385056,0.0],[137.147733811120986,37.424313665533482,0.0],[137.14752774576661,37.424268050714787,0.0],[137.14740196303589,37.424206482818683,0.0],[137.147292496296586,37.424169280715248,0.0],[137.147084150652603,37.424061974005703,0.0],[137.146978902989702,37.423965156817331,0.0],[137.146844030078796,37.423840259653311,0.0],[137.146689784331102,37.423777500361062,0.0],[137.146621380886103,37.423703015820323,0.0],[137.14656327868579,37.423598277392543,0.0],[137.14642904311799,37.423238714227971,0.0],[137.146421107383304,37.423115688203247,0.0],[137.146466667093307,37.42302898868369,0.0],[137.146466683434511,37.422968157589288,0.0],[137.146420272800697,37.422887684309707,0.0],[137.146405487501795,37.422837745073892,0.0],[137.14640372284839,37.422770032811393,0.0],[137.146179169086111,37.422646088149399,0.0],[137.146069767061789,37.422378995126209,0.0],[137.145965140477188,37.422308998598893,0.0],[137.145947455427006,37.42222168353215,0.0],[137.145953159783488,37.421968092879872,0.0],[137.14583164585261,37.421838386743708,0.0],[137.145735861923413,37.421818467948761,0.0],[137.145627993419708,37.42183064620145,0.0],[137.145449259183891,37.421948101641028,0.0],[137.145304302927798,37.422169566112963,0.0],[137.145189116534596,37.422436619264317,0.0],[137.145160891761805,37.422615090299217,0.0],[137.1450795375317,37.42279933133905,0.0],[137.145065001528394,37.422962396793302,0.0],[137.144951447583907,37.423144705277018,0.0],[137.144822910090312,37.423245303816437,0.0],[137.14467941647959,37.423430494544917,0.0],[137.144605763986903,37.423590200398252,0.0],[137.144400895103388,37.423981395091353,0.0],[137.144350759538497,37.424133917060743,0.0],[137.144183333346888,37.424395369697748,0.0],[137.144044394310811,37.424567849459059,0.0],[137.143823496843794,37.424706719947302,0.0],[137.143634477480589,37.424932333257168,0.0],[137.143577070523207,37.425042902388952,0.0],[137.143550836703014,37.425205416534517,0.0],[137.143497303107097,37.425296198957177,0.0],[137.1433902759901,37.425339758200508,0.0],[137.14325935506119,37.425339732349777,0.0],[137.143151212665714,37.425310657375178,0.0],[137.143085072695413,37.425346369513122,0.0],[137.143009991717008,37.425483136340567,0.0],[137.14281413274179,37.425631996903817,0.0],[137.142730989528104,37.425750010773001,0.0],[137.14265687358079,37.426113168212687,0.0],[137.142550948805507,37.42626567801868,0.0],[137.142431383033511,37.426352814989841,0.0],[137.1423612218926,37.426373691860711,0.0],[137.141899979136213,37.426275117694892,0.0],[137.141899979136213,37.426275117694892,0.0]]],[[[137.15749910204741,37.415363851540448,0.0],[137.157433302954104,37.415225096331568,0.0],[137.157288572229191,37.414976092244864,0.0],[137.157109986993788,37.414761427413957,0.0],[137.156890911458305,37.414588548808972,0.0],[137.156633727613212,37.414461256388613,0.0],[137.156269379062991,37.414328255414823,0.0],[137.156342375540902,37.414462654156551,0.0],[137.156312190240499,37.414727167642312,0.0],[137.156452671420908,37.414928533625741,0.0],[137.156529700237712,37.414958264244639,0.0],[137.156687083365,37.414945724281509,0.0],[137.15702021636659,37.414887169919531,0.0],[137.157155300508492,37.41490287278063,0.0],[137.157197238709387,37.415150803733901,0.0],[137.157035900631996,37.415308753340113,0.0],[137.157022045712097,37.415386916222467,0.0],[137.157011684959997,37.415650524044231,0.0],[137.157202013444191,37.415829273525709,0.0],[137.157717886814595,37.416121778562079,0.0],[137.157599580616903,37.41562708318407,0.0],[137.15749910204741,37.415363851540448,0.0],[137.15749910204741,37.415363851540448,0.0]]],[[[137.155317557093696,37.411574197810467,0.0],[137.155399497606112,37.41142814386577,0.0],[137.155745272075308,37.41121196493085,0.0],[137.155838053367091,37.411062067539568,0.0],[137.155789908383895,37.410777625093388,0.0],[137.155482674605196,37.411062995039757,0.0],[137.155536879419486,37.411102398478498,0.0],[137.155527524333905,37.411172929264879,0.0],[137.155356152015997,37.411277272323012,0.0],[137.155316379678908,37.411396424961517,0.0],[137.155317557093696,37.411574197810467,0.0],[137.155317557093696,37.411574197810467,0.0]]],[[[137.159738759898403,37.417666469041393,0.0],[137.160245738504813,37.417971283296097,0.0],[137.1601938572135,37.41785061028655,0.0],[137.159691554286411,37.417549302293608,0.0],[137.159738759898403,37.417666469041393,0.0],[137.159738759898403,37.417666469041393,0.0]]],[[[137.155434139226401,37.412577479220523,0.0],[137.155604078478291,37.412688781376517,0.0],[137.15552801297369,37.412458109101628,0.0],[137.155380922476212,37.412225406118061,0.0],[137.155378358999286,37.412407510218188,0.0],[137.155434139226401,37.412577479220523,0.0],[137.155434139226401,37.412577479220523,0.0]]],[[[137.159571881930503,37.417399161427127,0.0],[137.15954870657319,37.417284725515472,0.0],[137.159515322592796,37.41725513468959,0.0],[137.159204642955501,37.41722330814698,0.0],[137.159389187615005,37.41732761849822,0.0],[137.159571881930503,37.417399161427127,0.0],[137.159571881930503,37.417399161427127,0.0]]]]}},{"type":"Feature","properties":{"口座番号":"879"},"geometry":{"type":"MultiPolygon","coordinates":[[[[136.894115995907413,37.36092871774887,0.0],[136.894245459815011,37.360875034705217,0.0],[136.894386250847788,37.360763915304837,0.0],[136.894533727448788,37.360723920789127,0.0],[136.894522007556191,37.360439293825507,0.0],[136.894564605259404,37.360302795425447,0.0],[136.89466511024429,37.36029258446257,0.0],[136.894746140647499,37.360260102648198,0.0],[136.894565751476307,37.359937161677458,0.0],[136.894527906878693,37.359720001430382,0.0],[136.894529875397211,37.359602835781153,0.0],[136.894567301491293,37.359231408379372,0.0],[136.894435204480686,37.359202323725803,0.0],[136.894355640167106,37.359148941457192,0.0],[136.894289075327009,37.359126112539343,0.0],[136.894238147671587,37.359045564431632,0.0],[136.894104571239495,37.359087314458563,0.0],[136.893958983177299,37.359163725966951,0.0],[136.893991561584699,37.359234301608083,0.0],[136.893629597551211,37.359301635106412,0.0],[136.893442600805599,37.359472096176617,0.0],[136.893382581231407,37.359379541875732,0.0],[136.893482808230601,37.359270692519743,0.0],[136.893486515255404,37.359190406325993,0.0],[136.893233653318987,37.359205578076249,0.0],[136.892980139708186,37.359138422810908,0.0],[136.892788890960986,37.358955221410874,0.0],[136.892699408601203,37.358909592588162,0.0],[136.892684577003507,37.358854709164213,0.0],[136.892631287797798,37.358820304601423,0.0],[136.892854019755191,37.358636408090803,0.0],[136.893047510596205,37.358545750384103,0.0],[136.893303742473108,37.358350942302764,0.0],[136.893540304089811,37.358536348924972,0.0],[136.893784541053691,37.358483216064947,0.0],[136.894021008024708,37.358487701016607,0.0],[136.8940787571469,37.358473290111753,0.0],[136.894218803815704,37.358374227866292,0.0],[136.893943669880002,37.35826550597907,0.0],[136.89397408504189,37.358096427767272,0.0],[136.89390166724391,37.358005192293717,0.0],[136.893583609724089,37.357769998178121,0.0],[136.893038968917807,37.357634187734568,0.0],[136.892962771402296,37.357552166754239,0.0],[136.892830863805386,37.35756514300332,0.0],[136.892739958057689,37.357697603722379,0.0],[136.892649348692288,37.357760561136367,0.0],[136.892576699695894,37.357871886906757,0.0],[136.892575256445099,37.357957097521783,0.0],[136.892469870834304,37.358031844087513,0.0],[136.892416075269097,37.358116002479989,0.0],[136.892370628815314,37.358166638899007,0.0],[136.892068220897187,37.358237142484043,0.0],[136.892039611724499,37.358266600202789,0.0],[136.892005869851005,37.358288225218317,0.0],[136.891904533477913,37.358346289321162,0.0],[136.891660156580997,37.358343479450753,0.0],[136.891542014977887,37.358388050521853,0.0],[136.891446873982005,37.358423077214987,0.0],[136.891407503731301,37.358433451156827,0.0],[136.891339446447489,37.358475028813118,0.0],[136.891253876749801,37.35852526592268,0.0],[136.891156531920387,37.35856429450844,0.0],[136.891066597697886,37.358528718940661,0.0],[136.890968120272703,37.358554230709572,0.0],[136.890931722080808,37.35864271466685,0.0],[136.890872376813888,37.358669858474563,0.0],[136.890785925064193,37.358708029959388,0.0],[136.890585109431299,37.358872885399748,0.0],[136.890391308998687,37.358949033095811,0.0],[136.890179123859696,37.359219773829508,0.0],[136.890125961327698,37.359406147005629,0.0],[136.890084611537191,37.359441410077167,0.0],[136.890003325650014,37.359690801777987,0.0],[136.889788879386089,37.359715968267587,0.0],[136.889857381415311,37.35995741200783,0.0],[136.88994829182181,37.360144347424267,0.0],[136.88996981240291,37.360247585324771,0.0],[136.889986724281897,37.360514878405382,0.0],[136.890417453634797,37.360732095901177,0.0],[136.890794413037696,37.361197556166687,0.0],[136.890972421115407,37.361697165272908,0.0],[136.891123947582514,37.36180502582593,0.0],[136.891196239576999,37.362046256771528,0.0],[136.891173227633487,37.362110742802663,0.0],[136.891104215538007,37.362193907206787,0.0],[136.89102898304381,37.362383506630877,0.0],[136.891002633467394,37.362511945051367,0.0],[136.890996412668613,37.362655855653891,0.0],[136.89116738363029,37.362719278839492,0.0],[136.891311499065495,37.362756579934569,0.0],[136.891395577987311,37.362809800812549,0.0],[136.891591156089106,37.362990758034542,0.0],[136.891760768752988,37.363097282009491,0.0],[136.892107049465494,37.363440090752817,0.0],[136.892343874800304,37.363587001934683,0.0],[136.89253817579629,37.363655930783437,0.0],[136.892682264531601,37.363698771096672,0.0],[136.892776605823286,37.363738840467462,0.0],[136.892843147009899,37.363783773602997,0.0],[136.892952484506992,37.363907437877991,0.0],[136.892983565526094,37.363997067942911,0.0],[136.89299640162389,37.364232134375847,0.0],[136.89377299384941,37.364242170232657,0.0],[136.893846445743009,37.364268907226361,0.0],[136.894115903243403,37.364407666543727,0.0],[136.894535171773214,37.364522904903623,0.0],[136.894677961456409,37.364607385690483,0.0],[136.894788780006991,37.364693770766323,0.0],[136.894861573801592,37.364792066699799,0.0],[136.894944710503296,37.365074720966689,0.0],[136.895125077228812,37.36528333940511,0.0],[136.895192487825796,37.365527688859338,0.0],[136.8952918295372,37.365650543133071,0.0],[136.895351050652096,37.365767145282042,0.0],[136.895501039691112,37.365922865631191,0.0],[136.895564601190699,37.365991769939363,0.0],[136.895612405795191,37.366050537517587,0.0],[136.895713304665009,37.366172126228648,0.0],[136.895933585751294,37.366317706390788,0.0],[136.896004785587394,37.366221303261398,0.0],[136.895972075469501,37.36614203850614,0.0],[136.895973438363995,37.366064987365128,0.0],[136.895912707927607,37.365992315891823,0.0],[136.895926746380013,37.365984301078029,0.0],[136.896010414395107,37.365842658112108,0.0],[136.896271225761609,37.365936991219513,0.0],[136.896562423079104,37.366176313007273,0.0],[136.896597330145795,37.366189312889119,0.0],[136.896682816175002,37.366266593848529,0.0],[136.896914708736489,37.366238138605503,0.0],[136.897015777802608,37.366279069680743,0.0],[136.896942984923186,37.366109315848647,0.0],[136.896903578282888,37.36589400299701,0.0],[136.896791098814901,37.365759214582511,0.0],[136.896551556876204,37.365229804804443,0.0],[136.896466559248211,37.365166550696657,0.0],[136.896517599438312,37.364937877992347,0.0],[136.896349930893109,37.364819190342537,0.0],[136.896118301949599,37.364828836137868,0.0],[136.896137312370797,37.364771392136468,0.0],[136.896235164479606,37.364782859103087,0.0],[136.896145835759199,37.364581861348292,0.0],[136.896050312913189,37.364254159887338,0.0],[136.896124162377788,37.364075107999163,0.0],[136.896256614085104,37.363855635394607,0.0],[136.89635727869171,37.363839951805929,0.0],[136.896494507556895,37.363787543835542,0.0],[136.896571277801399,37.363524864992407,0.0],[136.896780392445891,37.363459742987587,0.0],[136.89691044330101,37.363397318484203,0.0],[136.897096149029409,37.363376228653848,0.0],[136.896867207695408,37.363223917538612,0.0],[136.896674957669802,37.363074243493301,0.0],[136.896506730359391,37.363019287885201,0.0],[136.896440592322392,37.362951546009562,0.0],[136.896175141334112,37.362945796609523,0.0],[136.896048188326688,37.363017067330269,0.0],[136.8960095628251,37.362810785029751,0.0],[136.896021312753305,37.362709912318948,0.0],[136.895918895222792,37.362679086895483,0.0],[136.895685453045388,37.36277975469244,0.0],[136.895570582062788,37.362737980731069,0.0],[136.895490421040989,37.362755674192172,0.0],[136.895399813410592,37.362616994863522,0.0],[136.895269937535488,37.362412052021732,0.0],[136.895217573667992,37.362345076370879,0.0],[136.895069405608297,37.361981601479187,0.0],[136.894972338130287,37.361880375322009,0.0],[136.894905530503991,37.361766369616497,0.0],[136.8948616237968,37.361731119853047,0.0],[136.894754229831193,37.361686749043457,0.0],[136.8947004782666,37.361644508268341,0.0],[136.8946257698355,37.36162403525848,0.0],[136.894532181670598,37.36157594555862,0.0],[136.894430775895586,37.361562837987847,0.0],[136.894357079422804,37.361511354374173,0.0],[136.894415382368607,37.361322386056607,0.0],[136.894382951037187,37.361125129479937,0.0],[136.894389567528805,37.360974855889332,0.0],[136.894290183179208,37.360955235087957,0.0],[136.89418636906251,37.360998674823868,0.0],[136.894111280228088,37.360943756400829,0.0],[136.894115995907413,37.36092871774887,0.0],[136.894115995907413,37.36092871774887,0.0]]]]}},{"type":"Feature","properties":{"口座番号":"976"},"geometry":{"type":"MultiPolygon","coordinates":[[[[137.155456450796493,37.468970170255503,0.0],[137.155249538969002,37.469394507714298,0.0],[137.155001140968096,37.469552237385237,0.0],[137.154675127424099,37.469694492183571,0.0],[137.154034753767604,37.469898577068847,0.0],[137.153951304631306,37.469961978583903,0.0],[137.153640809678592,37.470111965434349,0.0],[137.153427990662891,37.470190924168413,0.0],[137.152800933625514,37.470238971034021,0.0],[137.152703071638712,37.470266765677977,0.0],[137.152608878405687,37.470233367824733,0.0],[137.152490021356499,37.470227781217659,0.0],[137.152371170761711,37.470194331554481,0.0],[137.152259306305609,37.470188744659957,0.0],[137.152063546222706,37.470160857692207,0.0],[137.151937705640307,37.470121834321347,0.0],[137.151888794459694,37.469965795400903,0.0],[137.151846855057698,37.469915637579959,0.0],[137.151644106716105,37.469876603323272,0.0],[137.151818939198989,37.469659294313182,0.0],[137.151951786704586,37.469620303175446,0.0],[137.151916846443299,37.46953113759055,0.0],[137.151916857392507,37.469475411710633,0.0],[137.151825975700888,37.469430819265767,0.0],[137.151777042016391,37.469397377760927,0.0],[137.151700153130804,37.469308206815377,0.0],[137.151574306313989,37.469302618401009,0.0],[137.151476419080097,37.469330468799669,0.0],[137.151315591800397,37.469441899780627,0.0],[137.151308642679112,37.469230140162502,0.0],[137.151385559374603,37.469185569066617,0.0],[137.151651247432113,37.46912987724177,0.0],[137.151986901403802,37.468817854633592,0.0],[137.15202887722981,37.468678545119687,0.0],[137.152028898961191,37.468567093343147,0.0],[137.152224655947407,37.468589407966327,0.0],[137.152336510571701,37.468634001755021,0.0],[137.152399444565987,37.468578283480497,0.0],[137.152392473465,37.468472404167443,0.0],[137.152287612401807,37.468416665562764,0.0],[137.152224694540507,37.468388794944083,0.0],[137.152112848990697,37.468299619073328,0.0],[137.151980024619291,37.468232731928531,0.0],[137.151567540300505,37.468182526457973,0.0],[137.151371806301711,37.468053548311239,0.0],[137.151396281676909,37.46802847473375,0.0],[137.151843749604097,37.467939370458353,0.0],[137.151895216925396,37.467904288025089,0.0],[137.151888378101091,37.46779656683605,0.0],[137.151736187952707,37.467598322569181,0.0],[137.151653750980387,37.467442592827332,0.0],[137.151927772854094,37.467292960718773,0.0],[137.152141037700204,37.467142526647841,0.0],[137.152319332355802,37.467058959573791,0.0],[137.15250810175931,37.467042264210441,0.0],[137.152801746353589,37.466989360230393,0.0],[137.152987030087189,37.466916937787197,0.0],[137.153029024757103,37.466657817443853,0.0],[137.153070982303291,37.466602096370089,0.0],[137.153410115564895,37.466284496672237,0.0],[137.15350102306391,37.466159123983132,0.0],[137.153553483675012,37.46601145551422,0.0],[137.153581474032904,37.465866571417983,0.0],[137.153543076571196,37.465557288409428,0.0],[137.153497712784912,37.465103117378362,0.0],[137.15348024187341,37.465066892949302,0.0],[137.153214581898908,37.46504735956389,0.0],[137.153095741195699,37.465002764876438,0.0],[137.152913996642411,37.464869001465807,0.0],[137.152812644919294,37.464763110188173,0.0],[137.152763712190307,37.464732455271992,0.0],[137.152571464804907,37.464693424709367,0.0],[137.152260367815586,37.464657165610802,0.0],[137.152176473473588,37.464659941559688,0.0],[137.152050626864707,37.46469893384976,0.0],[137.151823407361093,37.464740700423057,0.0],[137.151578714326092,37.464762959083949,0.0],[137.151302562197401,37.464779641640789,0.0],[137.151089334179687,37.464776827519273,0.0],[137.150904074917605,37.464754512402607,0.0],[137.150685443446889,37.464735078715407,0.0],[137.150688797018688,37.464503952005913,0.0],[137.150688435064893,37.464356160470722,0.0],[137.150763160757094,37.464237082754373,0.0],[137.150935691721486,37.464141360187277,0.0],[137.150963492956606,37.464099969975543,0.0],[137.150905202686801,37.464008098499107,0.0],[137.150882064032203,37.463912530868193,0.0],[137.150866837673988,37.46376804437574,0.0],[137.150634979373791,37.463742860694843,0.0],[137.15047318997469,37.463710508905812,0.0],[137.150186296343094,37.463732709336632,0.0],[137.150067808635896,37.463816843943391,0.0],[137.150018359722395,37.463883823990457,0.0],[137.149944169638701,37.46406113231437,0.0],[137.149909550193314,37.464132054928477,0.0],[137.149642534349113,37.46444725006684,0.0],[137.149454655565592,37.464569376191029,0.0],[137.149367211397504,37.464631584490242,0.0],[137.149341126275687,37.464619104015483,0.0],[137.149362018212912,37.464527610117109,0.0],[137.149450748035292,37.464394535768733,0.0],[137.149576004577,37.464244831400713,0.0],[137.149654301158307,37.464099279630432,0.0],[137.149716947819513,37.463941248005248,0.0],[137.149732619009797,37.463858071352092,0.0],[137.149716992884407,37.463741617929188,0.0],[137.149753547730796,37.463600218670983,0.0],[137.149821398701903,37.463496254731439,0.0],[137.149581480999814,37.463105278157627,0.0],[137.149383957400886,37.462916424437189,0.0],[137.149560331701593,37.462994563919509,0.0],[137.150092228167608,37.463369589100807,0.0],[137.150349375303193,37.463443564797331,0.0],[137.150568467027597,37.463491774056983,0.0],[137.151032858940113,37.463451732870602,0.0],[137.151336582082109,37.463443341052013,0.0],[137.151699220579502,37.46351204338734,0.0],[137.152027099654191,37.463613260170767,0.0],[137.152243173284006,37.46365664775908,0.0],[137.152945759372898,37.463955442153107,0.0],[137.153146703832903,37.464108434540996,0.0],[137.153223762904901,37.464136145902117,0.0],[137.153373961699089,37.463860553718789,0.0],[137.153393221094888,37.463708954522467,0.0],[137.153329130806611,37.463599930210002,0.0],[137.153271437474388,37.46357607602534,0.0],[137.153104490606097,37.463572436356444,0.0],[137.153010826303301,37.463454386639697,0.0],[137.152829517840587,37.463361621445962,0.0],[137.152460825606994,37.463333874225043,0.0],[137.15146655547241,37.463331341873577,0.0],[137.151013243426007,37.463298930437212,0.0],[137.150627071683203,37.463251187838218,0.0],[137.150371884536014,37.463164370510214,0.0],[137.150134531227707,37.463009199340028,0.0],[137.149840606795209,37.462722365954797,0.0],[137.149259483990505,37.462382782612487,0.0],[137.14916534033091,37.462355450899928,0.0],[137.1490648964255,37.462368246948557,0.0],[137.148965978388787,37.462410640735747,0.0],[137.148872053748107,37.462456375576828,0.0],[137.148767694714991,37.462493789789633,0.0],[137.148637255428696,37.462506247519727,0.0],[137.148480730724089,37.462506223535577,0.0],[137.148324205118087,37.462514517416153,0.0],[137.148125940998312,37.462514486476067,0.0],[137.147930004501092,37.462482593508341,0.0],[137.147915418877091,37.462471560805788,0.0],[137.147925358735989,37.462213930117542,0.0],[137.147497303206308,37.461969456457417,0.0],[137.147404038315386,37.461865688402433,0.0],[137.14730900499751,37.461637419213822,0.0],[137.147262006491502,37.461583754480721,0.0],[137.147008743195613,37.461568522744713,0.0],[137.146921098320291,37.461591393422758,0.0],[137.146921047326998,37.461785315087177,0.0],[137.146683994686413,37.461868826324533,0.0],[137.14641631611741,37.461971923601517,0.0],[137.14598263693361,37.462028458423383,0.0],[137.145567105566698,37.462027181090193,0.0],[137.145496067973596,37.462094618574852,0.0],[137.14561693200281,37.462159682609702,0.0],[137.145931163840203,37.4623837710418,0.0],[137.14616074988939,37.462715042662282,0.0],[137.146451921224809,37.462921816419048,0.0],[137.146440297719607,37.463161811199328,0.0],[137.146468238871392,37.463377188328401,0.0],[137.146438307588113,37.463621166433548,0.0],[137.146409230771098,37.463680670214153,0.0],[137.146195286252293,37.463772130317857,0.0],[137.145986564019495,37.4638469548063,0.0],[137.145741329908503,37.463876024431208,0.0],[137.145297820664695,37.463934170654547,0.0],[137.145109973800686,37.463984044056559,0.0],[137.14496907922819,37.464050561929653,0.0],[137.144880358766102,37.464125406433062,0.0],[137.144854233487109,37.464254329441808,0.0],[137.144824588811389,37.464306032785018,0.0],[137.144745021061709,37.464362468466767,0.0],[137.144623785059707,37.464253410809597,0.0],[137.144448213999112,37.464172954603733,0.0],[137.144487215228708,37.463977659848773,0.0],[137.144488973499193,37.463903604034087,0.0],[137.144455715286711,37.463712263248489,0.0],[137.144456654911409,37.463424921889157,0.0],[137.144426830089714,37.463180470782547,0.0],[137.144461896996205,37.463030678203808,0.0],[137.1447791345268,37.46289542252191,0.0],[137.144685915778211,37.462588872875777,0.0],[137.144681557900213,37.462175787999101,0.0],[137.14454900875981,37.462008986403532,0.0],[137.144510632650594,37.461901848996078,0.0],[137.144460424417503,37.461637936514236,0.0],[137.144470440283413,37.461480311309707,0.0],[137.144516666648514,37.461381560993551,0.0],[137.144492881931797,37.461333571943797,0.0],[137.144495168051293,37.461282456453077,0.0],[137.144590302094286,37.461260536030743,0.0],[137.144648318195209,37.461178209546908,0.0],[137.14470575939319,37.461024222776373,0.0],[137.144753002557593,37.460696887248083,0.0],[137.144779267739295,37.460615644232703,0.0],[137.14493063035971,37.460514315287753,0.0],[137.145057544795606,37.460378808276531,0.0],[137.1451383696498,37.46015668419183,0.0],[137.145133437463386,37.460098291863211,0.0],[137.144973902233886,37.459838673124374,0.0],[137.14496394221419,37.459795747284652,0.0],[137.144982767956094,37.459650892225667,0.0],[137.145017811504005,37.459490205960613,0.0],[137.144998439298007,37.458955424236272,0.0],[137.144950279180904,37.458767150752408,0.0],[137.144958842484897,37.458659438133559,0.0],[137.145016276934911,37.458519957994859,0.0],[137.145182145927492,37.458331024352503,0.0],[137.145185418942788,37.458151228846113,0.0],[137.145544906212308,37.45762578859506,0.0],[137.145355567481602,37.45720922977889,0.0],[137.145313724612606,37.457038849823363,0.0],[137.145022273490497,37.456763300840379,0.0],[137.144963015224704,37.456615997504443,0.0],[137.144956306885405,37.456309879911302,0.0],[137.144872189927696,37.456106034048503,0.0],[137.144806533060006,37.456069281252198,0.0],[137.14436214327921,37.456093729843353,0.0],[137.143939575413413,37.45592118363912,0.0],[137.143821106965589,37.455892639987653,0.0],[137.143868497785093,37.456291132173618,0.0],[137.143849663682204,37.456381082937298,0.0],[137.143867461367506,37.456443423768327,0.0],[137.143997095096012,37.456554707877089,0.0],[137.144062389326507,37.456665980453991,0.0],[137.144124895172297,37.456852523381713,0.0],[137.144129412953191,37.457049280039513,0.0],[137.144031525170107,37.457186557855529,0.0],[137.143869853747191,37.457633257468423,0.0],[137.143646246678799,37.45844241780312,0.0],[137.143564662609805,37.458651210773347,0.0],[137.143436749929691,37.458747616285358,0.0],[137.143271202298507,37.458809585789147,0.0],[137.143091706693014,37.458834986440102,0.0],[137.142810413303607,37.459132220822028,0.0],[137.142872200635992,37.459249878511912,0.0],[137.142888105198409,37.459407270967489,0.0],[137.142866131798911,37.459520141335702,0.0],[137.14285609199311,37.459736350721272,0.0],[137.142780160778898,37.460194195407098,0.0],[137.142811881217995,37.460791962413097,0.0],[137.142783654716311,37.461172114600977,0.0],[137.142804949784789,37.461573666227657,0.0],[137.142752411660211,37.461762569855502,0.0],[137.142609804246888,37.461959809269672,0.0],[137.142425611517695,37.462182290662177,0.0],[137.142376080114701,37.462294328919207,0.0],[137.142325248439704,37.4625392343683,0.0],[137.142242289849008,37.462813074740502,0.0],[137.142178216882513,37.462959429262327,0.0],[137.142147928652491,37.463226159043707,0.0],[137.142083635584811,37.463580464324579,0.0],[137.142074318042091,37.463753917267603,0.0],[137.141856083043592,37.463617771041683,0.0],[137.141446793882608,37.463298310495361,0.0],[137.141341086661498,37.463189251863561,0.0],[137.141230512208608,37.4631296833048,0.0],[137.140942395583608,37.463097142523928,0.0],[137.140733841507114,37.463032139211592,0.0],[137.140203287066299,37.462735073377608,0.0],[137.139933662188213,37.46254323387241,0.0],[137.13966013950639,37.462399337787389,0.0],[137.139221709791514,37.462229109628012,0.0],[137.139063617973591,37.462126996874318,0.0],[137.138919739782096,37.461941712825833,0.0],[137.138729163585708,37.461605928114238,0.0],[137.138463237824311,37.460994533838559,0.0],[137.138265808358796,37.46065437183946,0.0],[137.1379818561619,37.460561345551007,0.0],[137.137784349965301,37.460432251493913,0.0],[137.13735497143,37.46018943748075,0.0],[137.136885057397393,37.459931521829972,0.0],[137.136399430492702,37.459693550683063,0.0],[137.1361584969668,37.459472888053853,0.0],[137.13569123330339,37.459587576859498,0.0],[137.135558580878211,37.459612003340602,0.0],[137.1354319474882,37.459791976849722,0.0],[137.135327293341504,37.459884713123238,0.0],[137.135118272627409,37.460029584497761,0.0],[137.134946066052208,37.46007863856363,0.0],[137.133933061596991,37.460062481287167,0.0],[137.133772280728607,37.460051291809947,0.0],[137.13363947259009,37.46001781936716,0.0],[137.133443774207592,37.459928603141819,0.0],[137.133248070200409,37.459850531423257,0.0],[137.132961466473006,37.459822587043227,0.0],[137.132255378589804,37.45989482677124,0.0],[137.131402487285811,37.459961447048407,0.0],[137.131087876104402,37.460028223551078,0.0],[137.130654407426704,37.460128399356769,0.0],[137.130194463635092,37.460332808516512,0.0],[137.129704978191114,37.460611286255549,0.0],[137.129580206223409,37.460719005471539,0.0],[137.129006559316792,37.461191673805722,0.0],[137.128878022698814,37.461215275891057,0.0],[137.128769292343605,37.461175836778118,0.0],[137.128097123762103,37.460962836656677,0.0],[137.127621848041713,37.460411343910422,0.0],[137.126962917101395,37.45979735747197,0.0],[137.126853288096811,37.459761516189261,0.0],[137.126514727212907,37.459690912914127,0.0],[137.126258157911309,37.459610579596102,0.0],[137.12604817826869,37.459606043549741,0.0],[137.125907823726095,37.459642580881749,0.0],[137.125773142721613,37.459751426263701,0.0],[137.125633639885706,37.459922821634812,0.0],[137.1255131993303,37.460014285791289,0.0],[137.125205286311086,37.459900353624697,0.0],[137.125131821465203,37.459897991269031,0.0],[137.125009090726195,37.459874276112288,0.0],[137.124666556714999,37.459736717845253,0.0],[137.124488740970691,37.459789102275309,0.0],[137.124287430846408,37.459825130216203,0.0],[137.124123916299197,37.459790087970113,0.0],[137.123762817618712,37.459666090097663,0.0],[137.122754231477501,37.459281587801968,0.0],[137.122462957255209,37.459075274540837,0.0],[137.122257231649712,37.458795864664943,0.0],[137.122077075491489,37.458800531220042,0.0],[137.12177262510059,37.458983075729897,0.0],[137.120988577340114,37.459309146462047,0.0],[137.120667258569711,37.459387123975787,0.0],[137.120345942493401,37.459459652550883,0.0],[137.12017501856721,37.45951407509115,0.0],[137.119935304958688,37.459688505141941,0.0],[137.119120444290388,37.458982043849808,0.0],[137.119082617429513,37.459031128794777,0.0],[137.119047560358496,37.459125968318027,0.0],[137.118987353270313,37.459348644288333,0.0],[137.118809176393398,37.460056944115358,0.0],[137.1186745628099,37.460338421798042,0.0],[137.118583324640809,37.460487324289417,0.0],[137.118471468456505,37.460810586973743,0.0],[137.118384847894191,37.460865041262167,0.0],[137.118243563089294,37.460886779312787,0.0],[137.117689426250905,37.460837303018067,0.0],[137.117409507108391,37.460768744363612,0.0],[137.117087963961097,37.460671534167957,0.0],[137.116786234330306,37.460596601299819,0.0],[137.116134340692213,37.460591557515947,0.0],[137.115641912897104,37.460615977554319,0.0],[137.115273858835707,37.460668447839232,0.0],[137.115116178340088,37.460666543616213,0.0],[137.114968055785113,37.460660975878717,0.0],[137.114831721699204,37.460648183584297,0.0],[137.11473384479109,37.460613595960162,0.0],[137.114556514101309,37.460473671347202,0.0],[137.114467878829004,37.4603608025215,0.0],[137.114429078594412,37.460253517269237,0.0],[137.113016141438607,37.460631719331211,0.0],[137.113327090584391,37.461120327721687,0.0],[137.11327256712849,37.461201051757101,0.0],[137.113254129921103,37.461358362327232,0.0],[137.113382303080812,37.46151011981474,0.0],[137.11351972197059,37.461646734694533,0.0],[137.113975868574187,37.462196786866649,0.0],[137.113983788074108,37.462276248662739,0.0],[137.113917611322989,37.462827656535772,0.0],[137.113991340092412,37.463564423015349,0.0],[137.11400294876151,37.463754646250983,0.0],[137.114026316279393,37.463937256804613,0.0],[137.113415910361198,37.463971810898649,0.0],[137.113083480709605,37.463812128693917,0.0],[137.112020916632787,37.463808025093783,0.0],[137.111638205910992,37.463737234469598,0.0],[137.111556162760508,37.463931050235892,0.0],[137.111460568589308,37.464367342442969,0.0],[137.111460400093705,37.464596503303227,0.0],[137.111505371715793,37.464811694732226,0.0],[137.111548764039497,37.464900981698349,0.0],[137.111565414292386,37.464989589365729,0.0],[137.111427438403297,37.46509644424313,0.0],[137.1114255793388,37.465352249853829,0.0],[137.111453942193094,37.465422876119582,0.0],[137.111560867134699,37.465492207211348,0.0],[137.111396845650887,37.465783910841303,0.0],[137.111312966043187,37.466196893174427,0.0],[137.111202479330387,37.466424336099372,0.0],[137.111131384476096,37.466498912991398,0.0],[137.111032643180891,37.466664741260438,0.0],[137.110983090155599,37.466991804138033,0.0],[137.110833429010597,37.467071673808533,0.0],[137.110810823339989,37.467126287877427,0.0],[137.110809368270594,37.467237341597553,0.0],[137.110989707367111,37.467412097046861,0.0],[137.111041580155188,37.467477574756877,0.0],[137.110961674573304,37.467694597047497,0.0],[137.110972661579495,37.467748661982156,0.0],[137.111203037582499,37.467930404372453,0.0],[137.111202985073191,37.468001478690972,0.0],[137.111134379625014,37.468100038634873,0.0],[137.11118358316719,37.468201601412026,0.0],[137.11069273711459,37.468763258627142,0.0],[137.110602360264096,37.468913769015288,0.0],[137.110540865651586,37.469054376437242,0.0],[137.110712223644299,37.46915533864626,0.0],[137.110769258499801,37.469261585603491,0.0],[137.110772563041792,37.469509142986077,0.0],[137.110996518526093,37.469545210738843,0.0],[137.111340656096502,37.469642899404988,0.0],[137.111320534841212,37.469726826617112,0.0],[137.111338730167091,37.469824716305453,0.0],[137.111987184744692,37.470235698400607,0.0],[137.112072181457904,37.470128384169719,0.0],[137.112272128735498,37.469864689056998,0.0],[137.112404617554603,37.469678276181028,0.0],[137.112539207251814,37.469485806012123,0.0],[137.112721463025707,37.469618065522702,0.0],[137.112332228290398,37.470117198820347,0.0],[137.11212634077549,37.470419516961194,0.0],[137.112178283968603,37.470509040042913,0.0],[137.112276327700414,37.470594815926361,0.0],[137.1122880419816,37.470740846474449,0.0],[137.112250942651713,37.471047720824401,0.0],[137.112226194894902,37.47131050638545,0.0],[137.11221944349009,37.471542197839113,0.0],[137.112445197361893,37.471813514862163,0.0],[137.112444526766012,37.47190451308272,0.0],[137.112403992031687,37.471988751870093,0.0],[137.1122373479609,37.471962345072669,0.0],[137.111916876605989,37.47210313002445,0.0],[137.1115583530366,37.472377682733303,0.0],[137.111511253557211,37.472411685405852,0.0],[137.111567374542091,37.472504830396133,0.0],[137.11157638787671,37.472644692577092,0.0],[137.111605912766009,37.472782747695547,0.0],[137.111603538875698,37.472911706654543,0.0],[137.111546478957109,37.473029741305943,0.0],[137.111556733013714,37.473229078471697,0.0],[137.11181567908281,37.473416196174448,0.0],[137.11190108560541,37.473418804826117,0.0],[137.112023636882299,37.473308407403273,0.0],[137.112099460046693,37.473191567942202,0.0],[137.112142984968301,37.473169754375427,0.0],[137.112197777785809,37.473164641572303,0.0],[137.112204340252902,37.473231040365228,0.0],[137.112249270156894,37.473267413250461,0.0],[137.112321775857794,37.473281574068601,0.0],[137.112441995099289,37.47317727828829,0.0],[137.112619820141191,37.473082910937009,0.0],[137.112731214069299,37.473103238393271,0.0],[137.113066613695509,37.473381379529137,0.0],[137.113252451364303,37.473512165561488,0.0],[137.113581567739601,37.473801020963293,0.0],[137.114001886917407,37.47419293258514,0.0],[137.114077156779103,37.474212363189572,0.0],[137.114138579145703,37.474199041614057,0.0],[137.114428897275786,37.473996389454683,0.0],[137.114731619340091,37.473783350540181,0.0],[137.114803406673587,37.473920611511709,0.0],[137.115009066410607,37.474175907568792,0.0],[137.11466935983961,37.474377371598727,0.0],[137.114528284409005,37.474471322102623,0.0],[137.114685009758489,37.474815114853463,0.0],[137.114749241803196,37.474890521008007,0.0],[137.114991585360599,37.474966569243193,0.0],[137.11522028442289,37.47494439024338,0.0],[137.11547122301431,37.474943541365128,0.0],[137.115680133094713,37.475020240511157,0.0],[137.115924176345203,37.475057650201947,0.0],[137.116139784539513,37.47511836409506,0.0],[137.116432232829794,37.47527100355699,0.0],[137.116601375089203,37.475287686221051,0.0],[137.11671497363821,37.475250180058531,0.0],[137.116898141004611,37.47519081899604,0.0],[137.116969273307689,37.475138614874872,0.0],[137.116989777817111,37.474982482698287,0.0],[137.116989514699611,37.474867549988417,0.0],[137.116789378421686,37.474578326112372,0.0],[137.116627393827201,37.474067579885102,0.0],[137.116417320231704,37.474044220726419,0.0],[137.116250062335013,37.473927974245477,0.0],[137.115986069845803,37.473650593695993,0.0],[137.115993829257604,37.473545056566337,0.0],[137.116066616595901,37.473293833987412,0.0],[137.11615400531889,37.472958407071857,0.0],[137.116234743583391,37.472314306209107,0.0],[137.115997661376412,37.472134126179483,0.0],[137.115930103538489,37.471986165338123,0.0],[137.115837019281003,37.471538184690182,0.0],[137.115685464611488,37.471207497509567,0.0],[137.115585121390694,37.471019976599003,0.0],[137.115652771713286,37.470939739389117,0.0],[137.115677663596301,37.47076816255688,0.0],[137.115657330947613,37.470382910729967,0.0],[137.115634960066302,37.470253833717123,0.0],[137.115468546504587,37.469890112624931,0.0],[137.115407246790312,37.469649850783853,0.0],[137.115430810623195,37.469501148735013,0.0],[137.115545754808608,37.469391454351062,0.0],[137.115617555156604,37.469272853664847,0.0],[137.115835388226486,37.468954767052622,0.0],[137.116072921562107,37.468701727219567,0.0],[137.116188364676304,37.468544561509489,0.0],[137.116285362208203,37.468473989930331,0.0],[137.116557902083997,37.468360858147904,0.0],[137.116621477869899,37.468275615705608,0.0],[137.116741986478786,37.468039844941011,0.0],[137.116812239750288,37.467966597064979,0.0],[137.117166660392598,37.467886805783159,0.0],[137.117358944689812,37.467798953127449,0.0],[137.117464310336089,37.467709731270013,0.0],[137.117524635778892,37.467480595548963,0.0],[137.117444466626893,37.46738330273314,0.0],[137.117217257027391,37.467202010848908,0.0],[137.117220701748209,37.467047462625807,0.0],[137.117287719617309,37.466810336131203,0.0],[137.117957713124014,37.466912021427547,0.0],[137.118565192541411,37.466974448053023,0.0],[137.119456336344001,37.467015755279881,0.0],[137.119748871208913,37.466986560770209,0.0],[137.120760288073711,37.466749803491091,0.0],[137.121056432849514,37.466790315436143,0.0],[137.121262029415107,37.46677164539873,0.0],[137.121377656555097,37.466820593435401,0.0],[137.121451389474913,37.466824381065329,0.0],[137.121527333464087,37.466779637983429,0.0],[137.121614512938606,37.466675512959434,0.0],[137.121668043098396,37.466555594974913,0.0],[137.121664071964602,37.466443768595433,0.0],[137.121614678665509,37.466399337195007,0.0],[137.121298623169707,37.466284694410319,0.0],[137.121169472891893,37.466166455405123,0.0],[137.121159473710009,37.466110362502043,0.0],[137.121340159090806,37.465848094305947,0.0],[137.121340198503788,37.465782810426617,0.0],[137.121281739771291,37.46570951042343,0.0],[137.121281775208388,37.46565088748271,0.0],[137.12148749084551,37.465447849939373,0.0],[137.121487525758909,37.465389829832617,0.0],[137.121437435635102,37.465300544857499,0.0],[137.12145920321359,37.465236602015452,0.0],[137.121678896493307,37.464964233313538,0.0],[137.12177026363571,37.464965257471171,0.0],[137.12210983267579,37.465154516387699,0.0],[137.122297123703305,37.465295511019917,0.0],[137.122375788472311,37.465598490836747,0.0],[137.122363110904388,37.46598781054653,0.0],[137.122758943803092,37.466239672838149,0.0],[137.122815079213893,37.466380261883863,0.0],[137.12290449881931,37.466451603684277,0.0],[137.122936947116187,37.466594232095829,0.0],[137.123026375758911,37.466652608759873,0.0],[137.123148358565089,37.466672101313073,0.0],[137.123294773742401,37.466633259106644,0.0],[137.123481834408608,37.466626845093259,0.0],[137.123599877388699,37.466733203704408,0.0],[137.123673036113303,37.466798056469543,0.0],[137.123774675084604,37.466838609620453,0.0],[137.123888480943407,37.466866858045947,0.0],[137.124006241459199,37.466918899565258,0.0],[137.124149278142596,37.467136576070317,0.0],[137.124132295785614,37.467257901431267,0.0],[137.123975425079493,37.467318133937077,0.0],[137.124052218802092,37.467477493460812,0.0],[137.124123280220005,37.467700261352157,0.0],[137.123999435060512,37.467723809329193,0.0],[137.123721515038,37.467819039742572,0.0],[137.123633429086908,37.467696803069458,0.0],[137.123561617971887,37.467785985905167,0.0],[137.123436450202405,37.467995313719207,0.0],[137.12349027606021,37.468210946153292,0.0],[137.123584107084014,37.468452531339388,0.0],[137.123595338097289,37.468576164686198,0.0],[137.123446194714489,37.468666024787787,0.0],[137.12337746003891,37.468766512032097,0.0],[137.123303771893404,37.468846145040423,0.0],[137.12334757712199,37.46901231780889,0.0],[137.123515302259705,37.469082848871587,0.0],[137.1241481602828,37.469222129861322,0.0],[137.124287636746601,37.469334363418938,0.0],[137.124462196967386,37.469361869821803,0.0],[137.124596308438299,37.469417860689347,0.0],[137.124542595298294,37.469584476724613,0.0],[137.124532272380804,37.469711120961207,0.0],[137.124679101368002,37.469905911918332,0.0],[137.124788341941013,37.470099327808022,0.0],[137.12479679101321,37.470266832812648,0.0],[137.124774523775898,37.470367598617422,0.0],[137.124666782354808,37.470547319145872,0.0],[137.124572647126399,37.470837350850744,0.0],[137.124389735990491,37.470999340386619,0.0],[137.124348672973099,37.471098737809172,0.0],[137.124391310834994,37.471236296162679,0.0],[137.124555256768389,37.47137934404347,0.0],[137.124871545056493,37.471586298559963,0.0],[137.12487151623759,37.471638056862147,0.0],[137.124748141960112,37.47189030417578,0.0],[137.124825785619294,37.472055372748727,0.0],[137.124986797987589,37.472096684734012,0.0],[137.125170801959086,37.472160923164353,0.0],[137.125280036378996,37.47223430383994,0.0],[137.125406498644196,37.472353528507057,0.0],[137.125498425662414,37.472523163883338,0.0],[137.125596145705998,37.472619458836817,0.0],[137.125659321704603,37.472779915387882,0.0],[137.125895131141789,37.472770830094568,0.0],[137.126188408441408,37.472844272382098,0.0],[137.125964021988608,37.473000046909647,0.0],[137.126004179784303,37.473187998717698,0.0],[137.12623740297181,37.473352270026624,0.0],[137.125800775658803,37.473753477974839,0.0],[137.125515308951094,37.474267566470871,0.0],[137.125457721267793,37.474400478489812,0.0],[137.125400093055987,37.474606731898668,0.0],[137.125497818197914,37.474698443005927,0.0],[137.12556104091999,37.474776391246891,0.0],[137.125791042723307,37.474881899738882,0.0],[137.125992280096199,37.475001149570417,0.0],[137.12642940988701,37.474969211965522,0.0],[137.126975834047812,37.47490522313722,0.0],[137.127177131250789,37.474914457473332,0.0],[137.127338182273093,37.474896176505318,0.0],[137.127614291042192,37.474822925749621,0.0],[137.127919147341089,37.474768020262921,0.0],[137.128091689103911,37.474772660613283,0.0],[137.128269937841992,37.474864395686673,0.0],[137.128597713851889,37.474979098238052,0.0],[137.128896705516013,37.475148797428417,0.0],[137.128971416818104,37.475263417774627,0.0],[137.129132445231193,37.475290971508073,0.0],[137.129276235095887,37.475286433200843,0.0],[137.12937403874551,37.475231458263927,0.0],[137.129529374663605,37.475139830176772,0.0],[137.129678949636997,37.475066534762398,0.0],[137.129717843097296,37.475191222224247,0.0],[137.129713752264593,37.475239840695266,0.0],[137.129664930323202,37.475278720495837,0.0],[137.129494063236308,37.475392111745514,0.0],[137.129355756706587,37.475453652928351,0.0],[137.129075092286996,37.475544319151112,0.0],[137.129217335120899,37.475745324016287,0.0],[137.129331140804595,37.475884734952139,0.0],[137.129465278395998,37.476030634690588,0.0],[137.129587242888306,37.476121429100161,0.0],[137.129494476259396,37.47634335435481,0.0],[137.1294001512195,37.47650798801417,0.0],[137.129011192518391,37.476721606462817,0.0],[137.128974637950307,37.476778652443201,0.0],[137.129153404886893,37.476890410557218,0.0],[137.129341863597887,37.476949210226593,0.0],[137.129502566561712,37.476940594104583,0.0],[137.129596848638414,37.476863588706507,0.0],[137.12965971676249,37.476785610121929,0.0],[137.129757604430296,37.47674712233021,0.0],[137.129886989254999,37.476539167224708,0.0],[137.12983144412749,37.476468855128097,0.0],[137.129836309336213,37.476404339701951,0.0],[137.129891927084486,37.47632635872742,0.0],[137.129997025191898,37.476366834551953,0.0],[137.130089603347614,37.47637320428592,0.0],[137.130205260849607,37.476455473498227,0.0],[137.130278406465891,37.476578664672331,0.0],[137.130335339335005,37.476588405959347,0.0],[137.130550917537306,37.476533369797558,0.0],[137.131063349584508,37.476552972849312,0.0],[137.131193269035805,37.476600149355171,0.0],[137.131229838104389,37.476671467956884,0.0],[137.131254174188399,37.476810850153022,0.0],[137.131209360814097,37.476972901301281,0.0],[137.131205266255307,37.477031242674109,0.0],[137.131249957303993,37.477128494647452,0.0],[137.131245836761394,37.477241938257478,0.0],[137.1311644705807,37.477297015181293,0.0],[137.131079039211812,37.477345609214403,0.0],[137.130969202565495,37.477400677424342,0.0],[137.130843100366803,37.477452499345887,0.0],[137.130765816607294,37.477471924322757,0.0],[137.130639716129792,37.477517263516397,0.0],[137.130566487930594,37.477562618740762,0.0],[137.130519695914103,37.477605551744077,0.0],[137.130507467507812,37.477662270420659,0.0],[137.130513541721086,37.477715753441743,0.0],[137.130550116496607,37.477777348476387,0.0],[137.130596863462102,37.477825982485179,0.0],[137.13063547131469,37.477887578112913,0.0],[137.130637483614407,37.477932957199613,0.0],[137.130627296762611,37.477971849154343,0.0],[137.130739120900103,37.478014019525453,0.0],[137.130830625391894,37.478023771078732,0.0],[137.130950609633999,37.478014083642847,0.0],[137.131105160875592,37.478009268826938,0.0],[137.131219035903797,37.47801416447696,0.0],[137.131334930143908,37.478053094249923,0.0],[137.131473183603191,37.47811147900223,0.0],[137.13158094743099,37.478140682346272,0.0],[137.131664320344612,37.478145569406877,0.0],[137.131786357974192,37.478092124337238,0.0],[137.131908391296889,37.478045161649909,0.0],[137.132028392639597,37.477998198240478,0.0],[137.132117879605289,37.477972294399272,0.0],[137.132205316436398,37.477983663875577,0.0],[137.132302890307102,37.478063104394899,0.0],[137.132357764933005,37.478131186697581,0.0],[137.132422800820706,37.478212237840431,0.0],[137.132449227659407,37.478233313203297,0.0],[137.132567172042911,37.478236588555397,0.0],[137.132609724900789,37.47821987191567,0.0],[137.132882933362708,37.478215366454933,0.0],[137.133153270672807,37.478203983257629,0.0],[137.133389089029691,37.478208633802033,0.0],[137.133521382711905,37.4781995032005,0.0],[137.133673814171004,37.47817662729674,0.0],[137.133768729865807,37.47814915040189,0.0],[137.133908216061201,37.478162392066622,0.0],[137.134025250908792,37.478197831360028,0.0],[137.134047911386801,37.47823047994838,0.0],[137.133864184851291,37.478385463256608,0.0],[137.133626093202309,37.478522134260153,0.0],[137.133426695251813,37.47858948417845,0.0],[137.13318381900541,37.47861541502526,0.0],[137.13304241990221,37.478680855065697,0.0],[137.132823687883899,37.47875205066093,0.0],[137.132675063524601,37.478761637146199,0.0],[137.132531147225109,37.478711769362313,0.0],[137.132265143894386,37.478620187366531,0.0],[137.132106827966595,37.4785746924126,0.0],[137.131865159067502,37.47867093909931,0.0],[137.131593462617502,37.478673581884422,0.0],[137.131395406518408,37.478729566808013,0.0],[137.131210848482198,37.478749257362722,0.0],[137.130924602899995,37.478802281921169,0.0],[137.130676780743102,37.478905704271668,0.0],[137.130463965738898,37.479052713998463,0.0],[137.130360311342287,37.479338526232063,0.0],[137.129877254251795,37.479736006709828,0.0],[137.129467137415901,37.480108609898942,0.0],[137.129420113034513,37.480173280492181,0.0],[137.129654162362897,37.480289788674362,0.0],[137.129977884223592,37.480490755460217,0.0],[137.129959898405104,37.480579948779038,0.0],[137.130036794364798,37.480581334204018,0.0],[137.130249504503809,37.480661065231359,0.0],[137.130423844261003,37.480576687649062,0.0],[137.130804798882309,37.48081239626022,0.0],[137.130862898334499,37.480813094210042,0.0],[137.130810853766491,37.480656471002419,0.0],[137.130863013993093,37.480570693169383,0.0],[137.130953610939599,37.480510119866729,0.0],[137.131047596315994,37.480509467907353,0.0],[137.13118257566839,37.480544915411123,0.0],[137.131308174448804,37.480544953064253,0.0],[137.131498870324606,37.480384375532552,0.0],[137.131490633771392,37.479912531393879,0.0],[137.131436022614508,37.479708452180397,0.0],[137.131328676323392,37.479657128650757,0.0],[137.131248931739208,37.479651326924987,0.0],[137.131213805524908,37.479830423390453,0.0],[137.131164247958395,37.479866037074181,0.0],[137.131107476979309,37.479826540139982,0.0],[137.131090595197691,37.479753351378967,0.0],[137.131024184272292,37.47965607391528,0.0],[137.130845398521302,37.47956646589536,0.0],[137.1306684827249,37.479440499716468,0.0],[137.130693316028896,37.479325435091702,0.0],[137.130596835934313,37.479186501211728,0.0],[137.130895016917009,37.479192039008133,0.0],[137.131156418624613,37.479281315882417,0.0],[137.131372516018899,37.479418923533778,0.0],[137.131603024329195,37.47959908497392,0.0],[137.131610224454306,37.479705973707468,0.0],[137.13171288050961,37.479813853991097,0.0],[137.131974876369895,37.479969915094443,0.0],[137.132121778896106,37.48009047835761,0.0],[137.132228471697402,37.480324059102223,0.0],[137.132231859220411,37.480390788287202,0.0],[137.132182248681204,37.480509931569749,0.0],[137.132178583391607,37.480658938059491,0.0],[137.132235339215811,37.480734063929361,0.0],[137.132335604576099,37.480790906504588,0.0],[137.132461271107104,37.480787091654058,0.0],[137.132553127696497,37.480734156109072,0.0],[137.132593002490296,37.480734167615033,0.0],[137.1326159042342,37.480858393435689,0.0],[137.132502284520712,37.480941174348843,0.0],[137.132577133561,37.481088525670202,0.0],[137.132648328974199,37.481299430405237,0.0],[137.132725622467206,37.481386117637093,0.0],[137.132848808774412,37.481528668079001,0.0],[137.132997430980708,37.481533525096381,0.0],[137.133217287403795,37.481669362438097,0.0],[137.133292214810496,37.481645310766702,0.0],[137.133502407555994,37.481615195751282,0.0],[137.133232634151511,37.48111261372847,0.0],[137.133266495840786,37.481021427572067,0.0],[137.133331490894108,37.480886627083173,0.0],[137.1333623061075,37.48075998719186,0.0],[137.133412311997489,37.480632790406638,0.0],[137.133680602411403,37.480533682528183,0.0],[137.134038339684196,37.480361415101171,0.0],[137.134363462946794,37.480161212608436,0.0],[137.134654443799405,37.479932095407378,0.0],[137.135270464896195,37.47993838817807,0.0],[137.135248300921688,37.479819224522608,0.0],[137.135255199592308,37.479667384817517,0.0],[137.135658981947387,37.479384353447593,0.0],[137.135664168164595,37.479237280073548,0.0],[137.135689823525297,37.479180091321453,0.0],[137.135855616927813,37.479082084244098,0.0],[137.136011110266196,37.479025970877679,0.0],[137.136083392220712,37.479017310219639,0.0],[137.136382227908513,37.479162201975427,0.0],[137.136691861861493,37.47952485177661,0.0],[137.136818969083606,37.479617042986682,0.0],[137.136946675309702,37.479670732038016,0.0],[137.13708485911161,37.479772437749659,0.0],[137.137204572231411,37.479793111845822,0.0],[137.137368592985496,37.479875208534168,0.0],[137.137519553675702,37.479758386808903,0.0],[137.137900383046713,37.479866723791702,0.0],[137.138027817010908,37.479839973176489,0.0],[137.138232875629797,37.479736720678083,0.0],[137.138195377433192,37.479982850522603,0.0],[137.13816435109959,37.480071419297332,0.0],[137.138323954196096,37.480286563594873,0.0],[137.13832394236789,37.480317879493199,0.0],[137.138135709380805,37.480487063323707,0.0],[137.138004960509193,37.480521960986913,0.0],[137.138004933595511,37.480592423331792,0.0],[137.138091671714307,37.481029668456877,0.0],[137.138201968194693,37.48112484844183,0.0],[137.138350487661114,37.481188024141858,0.0],[137.138519766039707,37.481324472966882,0.0],[137.138697702143901,37.481505773998528,0.0],[137.138742181905002,37.481562920505603,0.0],[137.138969623155901,37.481586617076779,0.0],[137.139066397390309,37.481646566411833,0.0],[137.139147575719107,37.48168761689054,0.0],[137.139574254018413,37.481776640453248,0.0],[137.14014550005021,37.481936398843011,0.0],[137.140242787957988,37.482066822276003,0.0],[137.140428946825807,37.482193891680353,0.0],[137.140709615985486,37.48232772721618,0.0],[137.140883106557197,37.482378351994967,0.0],[137.141090470604212,37.482377273394363,0.0],[137.141682958200988,37.482314447591477,0.0],[137.141967549790792,37.482295373492242,0.0],[137.142286709920114,37.482315697384827,0.0],[137.142376181959008,37.482347864318967,0.0],[137.14244043826929,37.482422745314487,0.0],[137.142525100200999,37.482711815340068,0.0],[137.142637755326092,37.483019724853577,0.0],[137.142744172030007,37.483227775918152,0.0],[137.14286849840579,37.483357041116641,0.0],[137.142986776296908,37.483430489110972,0.0],[137.143040968803888,37.483506764452002,0.0],[137.143083238291297,37.483670581831731,0.0],[137.143132332752486,37.483760324832332,0.0],[137.14359358039809,37.48357718098864,0.0],[137.143758826770807,37.483550430686783,0.0],[137.144139756814297,37.48341380454729,0.0],[137.145201082367407,37.483443341009362,0.0],[137.145262701421387,37.483425497817542,0.0],[137.145268887852012,37.483397581997536,0.0],[137.145075521952208,37.48304945326052,0.0],[137.144831739662692,37.482640424025398,0.0],[137.144903238496198,37.482587904053617,0.0],[137.145193370787212,37.482545741557772,0.0],[137.145443500378889,37.482487550533122,0.0],[137.145513262678492,37.48224345534733,0.0],[137.145749797701399,37.482025448633259,0.0],[137.145860859486589,37.481876230932933,0.0],[137.14586881183601,37.481831779317403,0.0],[137.145804210172997,37.481650527180683,0.0],[137.145912074184395,37.481503245319793,0.0],[137.145955948560299,37.481442615359967,0.0],[137.146138137993887,37.481440279967757,0.0],[137.14623864086181,37.48141032953545,0.0],[137.146224169528608,37.481278479117279,0.0],[137.145967999497998,37.480829114058487,0.0],[137.145837890534295,37.480557529639633,0.0],[137.145682458785188,37.480561966182528,0.0],[137.145418351878988,37.480637331972723,0.0],[137.14492652311489,37.4806746029736,0.0],[137.14477387834711,37.480725349023487,0.0],[137.144535604949795,37.480853340911317,0.0],[137.144393007612905,37.480910127515457,0.0],[137.144135642648394,37.480952596179677,0.0],[137.142463747609014,37.480953354060553,0.0],[137.142140301223492,37.480897770644752,0.0],[137.142054834685695,37.481048960008813,0.0],[137.141862914062301,37.48129721142228,0.0],[137.141692343747707,37.481433398241244,0.0],[137.141541102755014,37.481461264202807,0.0],[137.141195968225702,37.481450128413037,0.0],[137.140936144515308,37.481559334880259,0.0],[137.140874537110307,37.481541466170427,0.0],[137.14061022912469,37.481351491641391,0.0],[137.140503828664407,37.48131278484712,0.0],[137.140248384062801,37.481270118636829,0.0],[137.140135043324904,37.481311873599772,0.0],[137.13995547312021,37.481379967943738,0.0],[137.139784468296398,37.481399518152827,0.0],[137.139484185812307,37.481313428732548,0.0],[137.138889309412491,37.481232655526583,0.0],[137.138705245560686,37.480873773721868,0.0],[137.138679633772711,37.480773268070969,0.0],[137.138907283330212,37.480746962822558,0.0],[137.13917125227411,37.48076150340642,0.0],[137.139201913553507,37.480719440020323,0.0],[137.139195085378589,37.480437739511181,0.0],[137.13894069974711,37.480167827907771,0.0],[137.138899021703196,37.480051880888723,0.0],[137.13910160239621,37.479803759275107,0.0],[137.139359128764994,37.479939286736673,0.0],[137.139620934223501,37.479972514616307,0.0],[137.139845368656808,37.479958938452128,0.0],[137.139912175213112,37.479924460419213,0.0],[137.140001985326393,37.479780291318349,0.0],[137.140038357261204,37.479714972524562,0.0],[137.140497487232693,37.479491512361868,0.0],[137.140848732463894,37.479724777920772,0.0],[137.140968889923187,37.47974503830018,0.0],[137.141312524650601,37.479710882478798,0.0],[137.141719551580707,37.479405664047718,0.0],[137.142101843818011,37.47933097722791,0.0],[137.142268662320703,37.47920960306778,0.0],[137.142455501829005,37.479048606025863,0.0],[137.142187340949988,37.478892529011183,0.0],[137.141791431785094,37.478687685890243,0.0],[137.141715868193813,37.478673216322242,0.0],[137.141530856264495,37.478665713301837,0.0],[137.141153670214408,37.478592396500417,0.0],[137.140937567338312,37.478530920787243,0.0],[137.140667042622312,37.478505567706627,0.0],[137.140449399635798,37.478527200068953,0.0],[137.140237782364096,37.478605444052363,0.0],[137.139858671671902,37.47858142904775,0.0],[137.139752629029601,37.478625811122988,0.0],[137.139544022636102,37.478732960917867,0.0],[137.13943520735171,37.478726913841577,0.0],[137.139256891003896,37.478661831250939,0.0],[137.138994597549612,37.478765909276973,0.0],[137.137873602538889,37.478501634596093,0.0],[137.13762017351479,37.478465305114653,0.0],[137.137498606240513,37.478399899497091,0.0],[137.137412846035801,37.478353774439853,0.0],[137.136904810642193,37.478354573895778,0.0],[137.136765839334203,37.47838343977385,0.0],[137.136246591740701,37.478624457674471,0.0],[137.136102354612007,37.478649212401322,0.0],[137.136003832355698,37.478657046264317,0.0],[137.135939647630892,37.478629716364289,0.0],[137.135968835827214,37.478166548893711,0.0],[137.135941090524312,37.478057729406089,0.0],[137.135844476344801,37.477939261913882,0.0],[137.135927911415308,37.477784250366369,0.0],[137.135770865222412,37.477712951350632,0.0],[137.135780613778991,37.477512661980299,0.0],[137.135675480325403,37.477546337380517,0.0],[137.135494289867893,37.477424958452879,0.0],[137.135265947697008,37.477376751335157,0.0],[137.135081068465894,37.477412330637613,0.0],[137.134874401161596,37.477538421051193,0.0],[137.134644895033688,37.477767091498862,0.0],[137.134394501779099,37.477908650998693,0.0],[137.134174033328009,37.47799778862062,0.0],[137.133933091271814,37.478014064458527,0.0],[137.133880578919502,37.477862012775219,0.0],[137.133909848562809,37.477686219966657,0.0],[137.133924286456107,37.477553291950429,0.0],[137.133944507857308,37.477344731731641,0.0],[137.133944560821504,37.477223259005243,0.0],[137.133918711754603,37.477147618041798,0.0],[137.133792265034799,37.476943601889403,0.0],[137.133729051929407,37.476817527641458,0.0],[137.133694587246907,37.476714381756217,0.0],[137.133686027807613,37.47656081935142,0.0],[137.133697558284297,37.476498940442632,0.0],[137.133786782463204,37.47632936300306,0.0],[137.133950798087909,37.476109382477922,0.0],[137.13404576187159,37.475965017392667,0.0],[137.134132092372909,37.475832109138047,0.0],[137.134160883081904,37.475756483241938,0.0],[137.13418107272301,37.475621265235709,0.0],[137.134160981354313,37.475529582704297,0.0],[137.134092013417899,37.475414967226328,0.0],[137.13400867423141,37.475282012152483,0.0],[137.133931095874999,37.475128430631869,0.0],[137.133876501904609,37.475025279191833,0.0],[137.133847817923709,37.474856814182473,0.0],[137.133865148595987,37.474682631848708,0.0],[137.133911225498593,37.4745313769604,0.0],[137.134003339115395,37.47432512893058,0.0],[137.134147220183706,37.474105143390581,0.0],[137.134227796915894,37.473972233439973,0.0],[137.134239363184008,37.473825552822717,0.0],[137.134210667447888,37.473683445045403,0.0],[137.134089972199803,37.473490889964232,0.0],[137.134009487483894,37.473412941498438,0.0],[137.13384851341371,37.473266213994648,0.0],[137.133704784055197,37.473142409664931,0.0],[137.133595564307598,37.473014030924091,0.0],[137.133515108959813,37.472871908460853,0.0],[137.133532427801612,37.472725229499417,0.0],[137.133578506190588,37.472569390793247,0.0],[137.133630324741887,37.472441057056699,0.0],[137.13346947513341,37.47201929696962,0.0],[137.133505980788811,37.471798946699302,0.0],[137.133518221000287,37.47170819399313,0.0],[137.133542636969594,37.471672546995563,0.0],[137.133746030343389,37.471637924982453,0.0],[137.133912844011292,37.471573797662231,0.0],[137.13409693987461,37.471440916392417,0.0],[137.134240735079686,37.471408868649313,0.0],[137.13441326641879,37.47141808366564,0.0],[137.134562780197001,37.471459378567587,0.0],[137.134689292189393,37.471496084060178,0.0],[137.135155142622693,37.471491625311181,0.0],[137.135574982942899,37.471487152628207,0.0],[137.135954551286204,37.471514755283081,0.0],[137.136144324944809,37.471556059541633,0.0],[137.136332116978195,37.471619559796139,0.0],[137.136517471747311,37.471705693873972,0.0],[137.136737015071191,37.471739795066057,0.0],[137.136831003492091,37.471703730659982,0.0],[137.136971172582207,37.471545115503929,0.0],[137.137112211882197,37.47134564539558,0.0],[137.137575243086104,37.471351888683863,0.0],[137.138100835361399,37.471330123773257,0.0],[137.138274186746486,37.471360042444388,0.0],[137.138427520947204,37.471427188653777,0.0],[137.138481777442195,37.471213333492067,0.0],[137.138543255005487,37.471070798527393,0.0],[137.138717660728389,37.471040162837717,0.0],[137.138974985570087,37.471077778592687,0.0],[137.139215799382498,37.470992786200277,0.0],[137.139423455716098,37.470813107930198,0.0],[137.139572093370589,37.470720699088012,0.0],[137.1396179195483,37.470674371384959,0.0],[137.13968750071939,37.470547411389838,0.0],[137.139728112250708,37.470523986629978,0.0],[137.140107578776906,37.470257945942933,0.0],[137.140111021828403,37.470183047221298,0.0],[137.139981215758297,37.470055007601687,0.0],[137.13996073327769,37.46999508337602,0.0],[137.140128188860388,37.469954266994932,0.0],[137.140417000511491,37.469777296733078,0.0],[137.140446061323786,37.469735427227143,0.0],[137.14047944219999,37.46955022866802,0.0],[137.14053583638011,37.469517557322654,0.0],[137.140759650539394,37.469542800483381,0.0],[137.140854485227692,37.469517627357853,0.0],[137.141084762354694,37.469604040744379,0.0],[137.141343214800088,37.469558889986288,0.0],[137.141433816444106,37.469587797760461,0.0],[137.141525609461695,37.469664853339367,0.0],[137.141653011328913,37.470021249532863,0.0],[137.141826171494614,37.469954539722451,0.0],[137.141930821220797,37.469955242907517,0.0],[137.142050793551391,37.469983007447837,0.0],[137.142139623915114,37.470030689646109,0.0],[137.142218196080393,37.470101519835573,0.0],[137.14247448617121,37.470093401402188,0.0],[137.142631038926311,37.470203511820891,0.0],[137.142512705049313,37.47032422347943,0.0],[137.14251341299061,37.470460607023583,0.0],[137.142671616313407,37.470661894693151,0.0],[137.142667861507704,37.470803947948873,0.0],[137.142839085795089,37.471029673172687,0.0],[137.143206152276491,37.471018600906717,0.0],[137.143401928569489,37.470990776681013,0.0],[137.143611679069096,37.470990817791431,0.0],[137.143709548375512,37.471038204102783,0.0],[137.143744506814187,37.471038210889368,0.0],[137.143810932768986,37.471018719432863,0.0],[137.143887843064192,37.47101594808084,0.0],[137.143978703982611,37.471116272480323,0.0],[137.144054396196196,37.471231663913223,0.0],[137.143886290123788,37.471278915977848,0.0],[137.143698393317408,37.471373450112686,0.0],[137.14362914548559,37.471483768289012,0.0],[137.143619223562212,37.471594097107761,0.0],[137.143599428063197,37.471657140547578,0.0],[137.14347087192769,37.471704399731742,0.0],[137.143441177128494,37.471806845425249,0.0],[137.143421364340497,37.471925053301838,0.0],[137.143480657763888,37.472035396597633,0.0],[137.143553252329212,37.472106706791408,0.0],[137.143547340693203,37.472168416599942,0.0],[137.143470870992587,37.472197680169927,0.0],[137.143280819728005,37.472089379091777,0.0],[137.143193655236189,37.472167325022077,0.0],[137.1431444923426,37.472294644345311,0.0],[137.143144459802386,37.472398482648472,0.0],[137.143257186688004,37.472536387817492,0.0],[137.143428903835712,37.47253982606933,0.0],[137.143616455910689,37.472378266662403,0.0],[137.144019923117298,37.472553025699533,0.0],[137.144158346092894,37.472580635732918,0.0],[137.14420649518641,37.472465942921438,0.0],[137.144417056132994,37.472560628037293,0.0],[137.144498840833904,37.472642142533957,0.0],[137.144633601767111,37.472644079873866,0.0],[137.144732666795704,37.472768362751687,0.0],[137.144781428945009,37.47280136828681,0.0],[137.1447330191655,37.472905070556664,0.0],[137.144949740048787,37.47299705796533,0.0],[137.145016677103712,37.472990096633062,0.0],[137.145434441807708,37.473108533770272,0.0],[137.145715757324496,37.472967591516912,0.0],[137.145794208839106,37.473048246673052,0.0],[137.145873737469003,37.473183833041347,0.0],[137.146263355331087,37.473320942998349,0.0],[137.146498375598611,37.473229022455378,0.0],[137.146645868576599,37.473365406541433,0.0],[137.146395733292195,37.473502102258458,0.0],[137.146634971726513,37.473696036405073,0.0],[137.146842686518113,37.473530087867708,0.0],[137.147080092548606,37.473120992779542,0.0],[137.147208123663887,37.472879698357737,0.0],[137.147247994289586,37.472879704916757,0.0],[137.147356638409207,37.473243715896331,0.0],[137.147312378414995,37.473393418360281,0.0],[137.147282675314386,37.473593874961779,0.0],[137.147370941716389,37.473542734847719,0.0],[137.147449339141787,37.473459761695338,0.0],[137.147824133891987,37.473455088576159,0.0],[137.147970049200097,37.473427786789273,0.0],[137.14803918734151,37.473294525876,0.0],[137.14805404810761,37.473180256082401,0.0],[137.147994757839001,37.473026570373747,0.0],[137.148003180419806,37.472969106732741,0.0],[137.148243658503304,37.472779444820937,0.0],[137.148315545377386,37.472779456007132,0.0],[137.148572275519712,37.472824272178549,0.0],[137.148915175237789,37.472728072250817,0.0],[137.14921687679859,37.472595514858931,0.0],[137.149556340454097,37.472759745896369,0.0],[137.149678891183214,37.472677113749093,0.0],[137.149731477900303,37.472545197493801,0.0],[137.149872295491804,37.472597236316993,0.0],[137.150178960276605,37.472758653971873,0.0],[137.150317434843402,37.472758798465613,0.0],[137.150386910830605,37.472734734259923,0.0],[137.150449686727086,37.472522850031567,0.0],[137.150533444387804,37.472360806692791,0.0],[137.150808928371987,37.472332283605567,0.0],[137.151053642831414,37.472326743788138,0.0],[137.151287131368292,37.471985765545668,0.0],[137.151331227707914,37.472062982974641,0.0],[137.151354601607892,37.472134449582647,0.0],[137.151361998589607,37.472230989940932,0.0],[137.151191602084992,37.472870270564719,0.0],[137.150708247245205,37.473282387592818,0.0],[137.150653726970688,37.473431542052943,0.0],[137.150655963054305,37.473533469413113,0.0],[137.15081324475409,37.473709026752658,0.0],[137.150851658610407,37.47390685854397,0.0],[137.150862076220903,37.474024439998409,0.0],[137.150786245598908,37.474126387515717,0.0],[137.150724803522508,37.4741782105244,0.0],[137.14996303901799,37.47444826773571,0.0],[137.150047065183998,37.474558611184349,0.0],[137.150220080959599,37.474684729033967,0.0],[137.150442544580187,37.474783269852892,0.0],[137.150803463487705,37.474791199879313,0.0],[137.150911686490787,37.474692841262168,0.0],[137.15104201482751,37.474547473274157,0.0],[137.151166992168896,37.474442270074512,0.0],[137.151236893890712,37.474531440377532,0.0],[137.151275306426896,37.474743203911991,0.0],[137.151311928756002,37.475162545500218,0.0],[137.151409829887797,37.475104046152481,0.0],[137.15166683221679,37.474882568840407,0.0],[137.1518428517617,37.474741652694043,0.0],[137.151802842492401,37.474831563939659,0.0],[137.151721549549904,37.474914324232437,0.0],[137.151662836492989,37.474979092369402,0.0],[137.151649275268397,37.475054663204297,0.0],[137.151662801961493,37.475151829638293,0.0],[137.151653745667488,37.475281381439601,0.0],[137.151653719033192,37.475414532477252,0.0],[137.151635629693004,37.475551280208748,0.0],[137.151608519950997,37.475637645385923,0.0],[137.151540773608701,37.475713209282183,0.0],[137.151513661982307,37.475808077213827,0.0],[137.151475261409502,37.475905452349039,0.0],[137.151475236643194,37.476027807294948,0.0],[137.151538431667802,37.476135776180058,0.0],[137.151619688208399,37.476236549345117,0.0],[137.151728040227709,37.476330128796917,0.0],[137.151872517196807,37.476416515592078,0.0],[137.152007973796913,37.47645251969837,0.0],[137.152161496911901,37.47646693281326,0.0],[137.152233747627889,37.476445349506612,0.0],[137.152324071501994,37.47636618987346,0.0],[137.152387307983986,37.476258236759413,0.0],[137.152450541324811,37.476171875764287,0.0],[137.152513778818388,37.476056725494267,0.0],[137.152549915440687,37.475984756265241,0.0],[137.152721497328713,37.476006368795751,0.0],[137.152793756553507,37.47594160083414,0.0],[137.152829898159609,37.47584084227725,0.0],[137.152875068604487,37.475754478932203,0.0],[137.1529292746566,37.475639327377053,0.0],[137.153028625947911,37.47556736532897,0.0],[137.153169644905091,37.475505846305502,0.0],[137.153214921271598,37.475531725653219,0.0],[137.15321023823509,37.475581748783533,0.0],[137.15305965339769,37.475858269198334,0.0],[137.153056210143291,37.475997853683261,0.0],[137.152986322543512,37.476109594614179,0.0],[137.1530279803101,37.476195994182667,0.0],[137.152998914030292,37.476292678839172,0.0],[137.153105661281813,37.47656096658109,0.0],[137.153198144495491,37.476730645240501,0.0],[137.153331153809091,37.476897359279761,0.0],[137.153362514066401,37.476985284920232,0.0],[137.15333271799679,37.477098279468912,0.0],[137.153150014980412,37.477375271178182,0.0],[137.153410577587096,37.47751548297267,0.0],[137.153609926784497,37.477602410825199,0.0],[137.153792222867196,37.477601536036893,0.0],[137.153841065308313,37.477510745645702,0.0],[137.153931383884611,37.477460374031203,0.0],[137.154175224273899,37.477438807910779,0.0],[137.154392004350512,37.477222910021467,0.0],[137.15454552488211,37.477258912188063,0.0],[137.154718420695104,37.47723795039456,0.0],[137.154865840769986,37.477163337032472,0.0],[137.154903322875413,37.476993862832849,0.0],[137.15474385501409,37.476853738452142,0.0],[137.154554639118089,37.476747900357523,0.0],[137.15431558113201,37.476538169862621,0.0],[137.154320371969902,37.47646104793273,0.0],[137.15440441915149,37.476336603082821,0.0],[137.154324517778605,37.476249745858709,0.0],[137.154397475307292,37.476118383908783,0.0],[137.154563788079088,37.476013768946267,0.0],[137.154735370614191,37.476035378552368,0.0],[137.154861795147895,37.47607857556185,0.0],[137.154907025186191,37.476045259200227,0.0],[137.154895569488701,37.475699038349468,0.0],[137.155050630931697,37.475571365127948,0.0],[137.155051562561397,37.475308475606312,0.0],[137.155022500861293,37.475161458278173,0.0],[137.155033173324995,37.474969219547262,0.0],[137.155114840755687,37.474898231687853,0.0],[137.155276297749197,37.474797199801827,0.0],[137.155448883511497,37.474738658323339,0.0],[137.155806837220496,37.474855126510533,0.0],[137.155963014230309,37.475150872787722,0.0],[137.156145650471586,37.475689204522652,0.0],[137.156244992958506,37.475911329053041,0.0],[137.156396608928588,37.476045672895538,0.0],[137.156541528523888,37.476121915749957,0.0],[137.156722168124503,37.475949194746462,0.0],[137.156848627552506,37.475733283757577,0.0],[137.156929928334904,37.475553356142427,0.0],[137.156920925944604,37.475337434722583,0.0],[137.156821617211108,37.475107109830148,0.0],[137.156677159096887,37.474855189777998,0.0],[137.15646465645429,37.47461897256143,0.0],[137.156242786272003,37.474402878396887,0.0],[137.156135401805301,37.474250564025219,0.0],[137.155960108036112,37.474084118672813,0.0],[137.155870588643296,37.473953261766951,0.0],[137.155806753161698,37.473810755026577,0.0],[137.15573014765539,37.473668247067053,0.0],[137.155634377517003,37.473571541094771,0.0],[137.155493908595105,37.473485009654098,0.0],[137.155410910344813,37.47338830470467,0.0],[137.155349885980598,37.473251914640642,0.0],[137.155324736517002,37.473111478445972,0.0],[137.155351856150105,37.47303007564048,0.0],[137.155456932032592,37.472818639750137,0.0],[137.155509115975804,37.472392793641809,0.0],[137.155685322530189,37.472344969824427,0.0],[137.15552542507919,37.472177516872073,0.0],[137.155478746996096,37.472082572513877,0.0],[137.155465228266593,37.471902636779298,0.0],[137.15546136034979,37.471797830310443,0.0],[137.155379848662108,37.471496780172259,0.0],[137.155293231284986,37.471371742356723,0.0],[137.155161299912493,37.471237174536867,0.0],[137.154938165715208,37.4711165177523,0.0],[137.154727648710804,37.470971888937292,0.0],[137.154840219148809,37.470824973088277,0.0],[137.154914954625809,37.470642481519747,0.0],[137.155184701590912,37.470483980991347,0.0],[137.155251658122012,37.470409750293229,0.0],[137.155395262463401,37.470333207458893,0.0],[137.155450572230507,37.470277535507293,0.0],[137.155576732345708,37.470065662574697,0.0],[137.155698997899691,37.469940398444983,0.0],[137.155826107665689,37.469860760069579,0.0],[137.156013364724004,37.469822112665241,0.0],[137.156192865788313,37.469736291646939,0.0],[137.156327729320793,37.469704598289987,0.0],[137.156328720699406,37.46955767117575,0.0],[137.156270534833197,37.469360473655193,0.0],[137.156171594568889,37.469209671075461,0.0],[137.156176462055612,37.46909290324237,0.0],[137.156118257217202,37.469044180037471,0.0],[137.15613654449001,37.468974400409422,0.0],[137.1561900694835,37.468872698800148,0.0],[137.156188705007111,37.468823485949443,0.0],[137.156073475880106,37.468647404142487,0.0],[137.156072109119009,37.468606940078303,0.0],[137.156262296259996,37.468563042719069,0.0],[137.15668241752951,37.468515243113103,0.0],[137.156944487377189,37.468467146169367,0.0],[137.157126498670209,37.46845069878897,0.0],[137.156980123562192,37.468760237612919,0.0],[137.156970974983011,37.469024866794292,0.0],[137.157039564956591,37.469130953611717,0.0],[137.1571095548953,37.469022691111611,0.0],[137.157167201270312,37.468870683628907,0.0],[137.157175450455412,37.468739450645167,0.0],[137.157403208254095,37.468788681449723,0.0],[137.157493757471798,37.468845556096483,0.0],[137.157437487482213,37.468971317478591,0.0],[137.157456685245194,37.469063182615898,0.0],[137.157662464581392,37.469071348032386,0.0],[137.157873802113187,37.469008533781171,0.0],[137.158150987745188,37.468775614069301,0.0],[137.158256639650688,37.468748281330129,0.0],[137.158425400305305,37.468783288379207,0.0],[137.158454200231205,37.468912337057951,0.0],[137.15864216745149,37.468974686335677,0.0],[137.158852083990695,37.469074218896473,0.0],[137.159280168593597,37.469098305826741,0.0],[137.159420046493693,37.469060425895478,0.0],[137.159621861337314,37.468922790420088,0.0],[137.159835289093991,37.469112262133827,0.0],[137.160169043469892,37.46906278978927,0.0],[137.160756978344011,37.46915716322232,0.0],[137.160919974290294,37.469146345434737,0.0],[137.161010758305594,37.469113984971912,0.0],[137.161222447261906,37.468907479692518,0.0],[137.161424156727207,37.468687671531043,0.0],[137.161554510315995,37.468582690862391,0.0],[137.161859109029791,37.46858926546512,0.0],[137.162100600946189,37.468452572607731,0.0],[137.162255650622313,37.468331187568012,0.0],[137.162320137299702,37.468331189957603,0.0],[137.16262472522709,37.468520395947749,0.0],[137.162796239617592,37.468392448944151,0.0],[137.162794870311586,37.468353078892413,0.0],[137.162734502762788,37.468276523856822,0.0],[137.162712553448813,37.468213093717523,0.0],[137.162734509636607,37.468145290196787,0.0],[137.162932363655813,37.467984216680243,0.0],[137.16292688023259,37.467878136177532,0.0],[137.162885721639213,37.467824547283421,0.0],[137.162552319628901,37.467704238239008,0.0],[137.162563308305693,37.467476767339917,0.0],[137.162199716450687,37.467475660218078,0.0],[137.162201089787004,37.467441758139159,0.0],[137.162534477779388,37.467292395618699,0.0],[137.162519387983309,37.467245370220773,0.0],[137.162253223481002,37.4670408547479,0.0],[137.161656401164805,37.466835231174507,0.0],[137.161320259477293,37.466731323067293,0.0],[137.161099366155099,37.466685381028981,0.0],[137.16084554896571,37.466571632688712,0.0],[137.160228179787993,37.466441043692953,0.0],[137.160193232136209,37.466340734783238,0.0],[137.16072522620621,37.466367393878997,0.0],[137.160769919021703,37.466387753799921,0.0],[137.160891225442896,37.466489545497893,0.0],[137.160961457218889,37.466514996011838,0.0],[137.16125516462489,37.466530277187218,0.0],[137.161440327830292,37.4665455537829,0.0],[137.161599948329609,37.466596454037607,0.0],[137.161676567690705,37.466606636138728,0.0],[137.161931960189605,37.466698254411298,0.0],[137.162206509862614,37.466769515174249,0.0],[137.162378903043702,37.46679496865638,0.0],[137.162493828312989,37.466876401691138,0.0],[137.162947155811793,37.467018917888623,0.0],[137.163062086438714,37.467008742610247,0.0],[137.163189788711691,37.466968031977387,0.0],[137.1631587243551,37.467165046940003,0.0],[137.163203864945501,37.467330587778513,0.0],[137.163258038284994,37.467452945382867,0.0],[137.163249005882392,37.467517721683308,0.0],[137.163429592274696,37.467740844828143,0.0],[137.163393466601008,37.467891989134287,0.0],[137.163384432374386,37.467999949810817,0.0],[137.163483753766911,37.468158294917018,0.0],[137.163537933259107,37.468158296363953,0.0],[137.163754644527586,37.468331039377773,0.0],[137.163953301705504,37.468359833384589,0.0],[137.164025545533008,37.468215886826513,0.0],[137.164151965545301,37.468194297399961,0.0],[137.164124880903586,37.468043152428017,0.0],[137.164151976153107,37.467877613520592,0.0],[137.1641700377956,37.467798442255173,0.0],[137.164422873191995,37.467820039512482,0.0],[137.164486086119012,37.467676093388881,0.0],[137.164756985502009,37.467532149865747,0.0],[137.164766007676491,37.46782004552977,0.0],[137.164820182145007,37.468014376058541,0.0],[137.164892417453899,37.468194310837497,0.0],[137.164991742926588,37.46832386539279,0.0],[137.165073008677297,37.468496603986573,0.0],[137.165181367295702,37.468539789764932,0.0],[137.165253603793587,37.468669342847839,0.0],[137.1653439025512,37.46870533116472,0.0],[137.165289726566897,37.468554185265361,0.0],[137.16526263842789,37.468460619119028,0.0],[137.165533537153294,37.46837425329241,0.0],[137.165650925819307,37.468388649449373,0.0],[137.165876673565208,37.468431835541679,0.0],[137.166030183612094,37.468367059916922,0.0],[137.16613854146371,37.468410244818493,0.0],[137.166314515901092,37.468376514557683,0.0],[137.166446793585806,37.468477409361668,0.0],[137.166478099122912,37.468511787322022,0.0],[137.166442502674812,37.468656102195652,0.0],[137.166597208634613,37.468769043686322,0.0],[137.166756706012393,37.468650646207237,0.0],[137.166858017020388,37.468733033753118,0.0],[137.166810784374604,37.468787594585329,0.0],[137.16679951977261,37.468837102889893,0.0],[137.166958645339292,37.469089182899992,0.0],[137.167075017799988,37.469083862455072,0.0],[137.167125676116711,37.469420779403933,0.0],[137.167230512577191,37.469514470015589,0.0],[137.167198566199289,37.469613236227772,0.0],[137.167118249347396,37.46995191531861,0.0],[137.167463799167507,37.47003640791484,0.0],[137.167371292348207,37.470149910259359,0.0],[137.16715086839551,37.470338693784882,0.0],[137.167031596244613,37.470319533206613,0.0],[137.166915124938811,37.470416080148297,0.0],[137.166821140163705,37.470461446226082,0.0],[137.166731923051401,37.47071926114063,0.0],[137.166647037738812,37.470743267381053,0.0],[137.166784633787586,37.470887583106077,0.0],[137.166758620523694,37.470914863051313,0.0],[137.166625131748106,37.470920865311427,0.0],[137.166531347837889,37.470727444877831,0.0],[137.16651628771919,37.470637964657222,0.0],[137.16647795266141,37.47055830459427,0.0],[137.16639306844101,37.470620504708492,0.0],[137.166386319586195,37.470755280524763,0.0],[137.166443725037794,37.470855118099017,0.0],[137.166860753385805,37.471098567617688,0.0],[137.167025333302291,37.471107055600903,0.0],[137.167246323279613,37.471120149518178,0.0],[137.167414989871503,37.47119780272071,0.0],[137.167568333567999,37.471324383761051,0.0],[137.167720690654704,37.471522116412586,0.0],[137.167876773904311,37.471655244417967,0.0],[137.167971245131099,37.47177309655283,0.0],[137.168086783285389,37.471853841038417,0.0],[137.168137038754111,37.471960648770782,0.0],[137.168336340101007,37.472181674362432,0.0],[137.168566358478699,37.472264603671263,0.0],[137.168724551733789,37.472298322004043,0.0],[137.168996264734488,37.472157110008602,0.0],[137.169135916406589,37.472160380870918,0.0],[137.169583631257609,37.472310960776952,0.0],[137.169662069047092,37.47238542755909,0.0],[137.16973424658471,37.472563029901558,0.0],[137.169782168109094,37.472592491928459,0.0],[137.1700039701376,37.472604489430978,0.0],[137.170269892173195,37.472865886342888,0.0],[137.170585219402909,37.473071083893473,0.0],[137.17057344678949,37.472860783677078,0.0],[137.170599730318798,37.472848086300722,0.0],[137.170819497659295,37.472851165050173,0.0],[137.170913416562797,37.473030176114221,0.0],[137.17094351595091,37.473137816872082,0.0],[137.171274454314414,37.473252771316439,0.0],[137.171475710161388,37.473094535484478,0.0],[137.171774162053993,37.472906352479917,0.0],[137.171590187807112,37.472483515317229,0.0],[137.171479204307701,37.472292439735448,0.0],[137.171484763469209,37.472099346290179,0.0],[137.171544703431891,37.471953048360618,0.0],[137.171614207556388,37.471715700093853,0.0],[137.171611454701406,37.471580140441588,0.0],[137.171876178973207,37.471545691706197,0.0],[137.171876163798999,37.471327045953522,0.0],[137.171780137470392,37.471149946928641,0.0],[137.171706048353911,37.470842205309857,0.0],[137.171594622302308,37.47071435463284,0.0],[137.171586845176904,37.470439156089597,0.0],[137.1715552874021,37.470329650228088,0.0],[137.17146870484089,37.470017919760508,0.0],[137.171476646484791,37.469939194763953,0.0],[137.171538526286611,37.469694330688391,0.0],[137.171661957822693,37.469508477082357,0.0],[137.171728834119705,37.469454569479353,0.0],[137.171899537433404,37.469544233296908,0.0],[137.172246754385611,37.469590985447773,0.0],[137.172522430542386,37.469682295077583,0.0],[137.172921135989412,37.469862579521568,0.0],[137.173018515415606,37.470011844383102,0.0],[137.173203325801097,37.470198644215493,0.0],[137.173368218510205,37.470356333021762,0.0],[137.173457217259909,37.470503399298373,0.0],[137.173612865894114,37.470605402964487,0.0],[137.173583771848712,37.470629368543861,0.0],[137.173505612218605,37.470652359271661,0.0],[137.173307499314205,37.470738880745721,0.0],[137.17316070874989,37.470753813835152,0.0],[137.173047438305787,37.470874514334312,0.0],[137.172726935538606,37.470990945304273,0.0],[137.172478650164692,37.471072899365993,0.0],[137.172465076159114,37.471127012028177,0.0],[137.172577596652786,37.471286250759881,0.0],[137.172575541208801,37.471572788238937,0.0],[137.172513819532014,37.471603401695923,0.0],[137.172164058018211,37.471691149637117,0.0],[137.171964469618388,37.471789188582441,0.0],[137.171924744494305,37.47237321431836,0.0],[137.172082076098093,37.47275702102835,0.0],[137.172232979607088,37.473034694405463,0.0],[137.172260423472295,37.473181185893843,0.0],[137.17210408822001,37.473653468868982,0.0],[137.172049229051396,37.473769353774479,0.0],[137.17204374594121,37.473821828695577,0.0],[137.17211508192031,37.473944266926758,0.0],[137.172148037346687,37.474071058311871,0.0],[137.172510158073692,37.474339997735413,0.0],[137.172669270126789,37.474291887230777,0.0],[137.173361343431509,37.473714140284997,0.0],[137.173752199470414,37.473519305923652,0.0],[137.173826260165697,37.47342528335848,0.0],[137.173826235555794,37.473167281218387,0.0],[137.173955161660899,37.473049204861312,0.0],[137.173915548164388,37.472551750320953,0.0],[137.173860676335011,37.472486159870407,0.0],[137.173871635953304,37.472352785522723,0.0],[137.173906303909092,37.472265177515197,0.0],[137.17405658410911,37.472251115550343,0.0],[137.174314444706397,37.47216145406194,0.0],[137.174474824037702,37.4721243038151,0.0],[137.174951746736212,37.471976295315983,0.0],[137.175328062713902,37.471928340596683,0.0],[137.175588222063908,37.47193918941398,0.0],[137.175718522871705,37.472001487901757,0.0],[137.175810195749307,37.472115626848968,0.0],[137.175849913848793,37.472249147937788,0.0],[137.175663410931406,37.472592982568088,0.0],[137.1756812647522,37.472776644393853,0.0],[137.175608573140607,37.472835683707018,0.0],[137.175689723772507,37.473123623258331,0.0],[137.175640377571,37.473399120417341,0.0],[137.175507327301489,37.473771119056558,0.0],[137.175473048502511,37.473889190076648,0.0],[137.175499001036911,37.473969288740257,0.0],[137.175987008608587,37.474155495149368,0.0],[137.176204897287192,37.474183467735642,0.0],[137.176650345216814,37.474187539054128,0.0],[137.176797233486298,37.474240394099184,0.0],[137.176864083298199,37.474503614120422,0.0],[137.176984444898494,37.474650100023588,0.0],[137.176912918487602,37.474620324888988,0.0],[137.176647132499312,37.474446416390208,0.0],[137.176476019457709,37.474360955963959,0.0],[137.176195261009099,37.474290319169249,0.0],[137.175707193138692,37.474225198065163,0.0],[137.175342986374886,37.474118601789293,0.0],[137.175040483822301,37.474171656964522,0.0],[137.174624950104004,37.474434992555913,0.0],[137.1743576406123,37.474429224293168,0.0],[137.174387498596587,37.474675584922188,0.0],[137.174622417881892,37.47489719039983,0.0],[137.17473173640991,37.474961114236372,0.0],[137.175372317102187,37.474851435535818,0.0],[137.175959684582892,37.475001995259163,0.0],[137.176142990959505,37.475085130608399,0.0],[137.176307812266487,37.475268250536871,0.0],[137.176392876314111,37.475412549324361,0.0],[137.176876135264791,37.475630365695757,0.0],[137.177010735866588,37.475720145895863,0.0],[137.177167409208408,37.475890541787521,0.0],[137.17741427581899,37.476010769571332,0.0],[137.177548158946792,37.476211744943441,0.0],[137.177613243472507,37.476427063950197,0.0],[137.177965152749493,37.476750096732701,0.0],[137.178207621310406,37.476602425393629,0.0],[137.178344363038804,37.476457854822137,0.0],[137.1784064201739,37.476327979460422,0.0],[137.178487841937908,37.475983973761551,0.0],[137.178577034294392,37.475706833325347,0.0],[137.178555646534107,37.475403807274283,0.0],[137.178217123195196,37.475154144235717,0.0],[137.178221213229392,37.475032724209981,0.0],[137.1783511398896,37.474742052594642,0.0],[137.178299457297811,37.474535031746342,0.0],[137.178342655636186,37.474502107594702,0.0],[137.178628537813694,37.474432811432223,0.0],[137.178804220260787,37.474407619481951,0.0],[137.179278336906606,37.474393197281877,0.0],[137.179487835595097,37.474359161809552,0.0],[137.179603230103595,37.474200291581298,0.0],[137.179675355578212,37.474094799073256,0.0],[137.179779703300795,37.473994972670347,0.0],[137.179732720488403,37.473891003525722,0.0],[137.179753584489305,37.473836935203231,0.0],[137.180066661464707,37.473732925761759,0.0],[137.180244073559606,37.473687157550813,0.0],[137.180306691786313,37.47368299086029,0.0],[137.180405840119988,37.473691297429887,0.0],[137.180593700164593,37.473707911550044,0.0],[137.180703282566299,37.47370789858337,0.0],[137.180880700857188,37.473691241261527,0.0],[137.181047677270897,37.473653791155101,0.0],[137.181251174043894,37.473578904605461,0.0],[137.181475537987012,37.473474903244302,0.0],[137.181626846777306,37.473375069305121,0.0],[137.181752053293508,37.473221171585656,0.0],[137.181887706859698,37.473121339305827,0.0],[137.182018155663599,37.473092209680352,0.0],[137.182127734869709,37.473075560179701,0.0],[137.182273844149108,37.473071381492353,0.0],[137.182399075855386,37.473046411614291,0.0],[137.182498210420903,37.472992331451479,0.0],[137.182659948777712,37.472875859569633,0.0],[137.182884294289295,37.472705311963189,0.0],[137.183004300232113,37.472647069927937,0.0],[137.183046029836305,37.47257636201023,0.0],[137.183139941054606,37.472501487334128,0.0],[137.183473838902501,37.472215503117809,0.0],[137.183578190398208,37.472161422200443,0.0],[137.18375558811411,37.472078216993161,0.0],[137.183776452322888,37.472044942640281,0.0],[137.183912108714594,37.47197837935073,0.0],[137.184015583162704,37.471864742637273,0.0],[137.183941756472592,37.471729475735422,0.0],[137.183816277828413,37.47161186074225,0.0],[137.18366871918451,37.471753041270041,0.0],[137.1834989982477,37.471788356270153,0.0],[137.183299756111296,37.471811910416911,0.0],[137.183218592954205,37.471864856964551,0.0],[137.183130061957797,37.471970738731429,0.0],[137.183035500815407,37.472152240717591,0.0],[137.182972884921099,37.472160567433583,0.0],[137.182691120004989,37.472227149547443,0.0],[137.182430217707292,37.472252137915369,0.0],[137.182200619539714,37.47225216832183,0.0],[137.181730958877694,37.472119142897718,0.0],[137.181365679527289,37.472069281450629,0.0],[137.180885581449786,37.471911299783237,0.0],[137.18065599517459,37.471969552698013,0.0],[137.180374241458793,37.472110990014301,0.0],[137.180395052018696,37.471769953491467,0.0],[137.180363700263513,37.471537055974977,0.0],[137.180311493757102,37.471395657705742,0.0],[137.18021754919539,37.47128753554211,0.0],[137.180154900827205,37.471112866154513,0.0],[137.180019213074303,37.471013066645703,0.0],[137.179434755723605,37.470813501399782,0.0],[137.178975544996206,37.470672145799931,0.0],[137.178578959137013,37.470580689579393,0.0],[137.178098877709687,37.470431014607946,0.0],[137.177629231979211,37.470264701493001,0.0],[137.177319810378293,37.470093302577169,0.0],[137.176937022379803,37.469853017383237,0.0],[137.17672258908641,37.469635030693333,0.0],[137.17653421935259,37.469312177615642,0.0],[137.176422849680108,37.469072395792423,0.0],[137.176262767897498,37.468884642886181,0.0],[137.176065160111307,37.468717016135543,0.0],[137.175810433115998,37.468745991199761,0.0],[137.175671332959809,37.468700053839612,0.0],[137.175243721767799,37.468442357237628,0.0],[137.174790957022509,37.46828968774529,0.0],[137.174576565003889,37.468200960053359,0.0],[137.174326667438606,37.468360522771249,0.0],[137.17366838593739,37.468474158211819,0.0],[137.173824497884794,37.468188262828058,0.0],[137.17385191470629,37.468026463053228,0.0],[137.173726506007313,37.467901772633162,0.0],[137.173613166360298,37.467682525218557,0.0],[137.173413834620789,37.467855121069263,0.0],[137.173267506862288,37.467913334159938,0.0],[137.173030773802594,37.467915222338142,0.0],[137.172689106221696,37.468139656776543,0.0],[137.17252056772341,37.468149746765107,0.0],[137.172306610851194,37.468274384858617,0.0],[137.17151831165441,37.46828943039533,0.0],[137.171230139384789,37.468236672494783,0.0],[137.171021801758911,37.46833317927193,0.0],[137.171138917295593,37.468604383787827,0.0],[137.170984713239505,37.468662366363652,0.0],[137.170861618808203,37.468978372501518,0.0],[137.170749726521592,37.469118249818408,0.0],[137.170374810163111,37.468986124732503,0.0],[137.170188933100292,37.468886592101178,0.0],[137.169693838835911,37.468631763642193,0.0],[137.169408307454802,37.468547750148907,0.0],[137.169077222717704,37.468526152568018,0.0],[137.16870741480281,37.468452084521189,0.0],[137.168276918011799,37.468098286445617,0.0],[137.16801262903661,37.467864490953147,0.0],[137.167322614614193,37.467520135577232,0.0],[137.167208752765191,37.467462654908481,0.0],[137.167105230590408,37.467367751357791,0.0],[137.166977445254986,37.467203783777379,0.0],[137.166860932807708,37.467035545717287,0.0],[137.166662278031396,37.466790835600541,0.0],[137.166590039706108,37.466733256102692,0.0],[137.166382356429892,37.466711663595611,0.0],[137.166264969899203,37.466762044730878,0.0],[137.166084374629293,37.466754846882743,0.0],[137.165976019065795,37.46672605701302,0.0],[137.165840573235812,37.466697265956448,0.0],[137.165750276216102,37.466697265290676,0.0],[137.16561482971801,37.466726054350033,0.0],[137.165470354205098,37.466726052975709,0.0],[137.165298789725,37.466711656020657,0.0],[137.16519946233359,37.466704457732838,0.0],[137.165009837483893,37.466769231795872,0.0],[137.164775060749605,37.466884386314689,0.0],[137.164585434281207,37.466977948979668,0.0],[137.164413867667491,37.467021130211243,0.0],[137.164142974793492,37.46700672964343,0.0],[137.164115890109088,37.46686997883117,0.0],[137.163998508972099,37.466718830911567,0.0],[137.16398045297359,37.466610870453017,0.0],[137.16405269694809,37.466445331644692,0.0],[137.164143000438798,37.466243806789379,0.0],[137.164161064989912,37.466099859828333,0.0],[137.164077337777286,37.465975637587121,0.0],[137.163968802693091,37.465741526297649,0.0],[137.163956039625987,37.465548131604187,0.0],[137.163904976790093,37.465110449185879,0.0],[137.163489958789995,37.465176600338189,0.0],[137.163362259513491,37.465247846936208,0.0],[137.163260096302992,37.465349630663113,0.0],[137.163170705367804,37.465420878150177,0.0],[137.163138774815508,37.465563378295307,0.0],[137.162839658620413,37.465669418720367,0.0],[137.16213991087659,37.465300375796787,0.0],[137.1619357455601,37.465220265278617,0.0],[137.161103241952986,37.465108344643042,0.0],[137.160538312419902,37.465008901763582,0.0],[137.160007157110897,37.464786262181349,0.0],[137.159739242102205,37.464682627301222,0.0],[137.159487245194697,37.46468261226002,0.0],[137.159081482663794,37.464720036695333,0.0],[137.158674012040308,37.464742479708264,0.0],[137.158216152611487,37.464672314212528,0.0],[137.15792400780299,37.464664122671422,0.0],[137.157555840372311,37.464621878248067,0.0],[137.157296161224394,37.464565343550007,0.0],[137.156848550318898,37.464533304583462,0.0],[137.156610230566287,37.464464512464012,0.0],[137.156463274943206,37.464670133065248,0.0],[137.156341941908209,37.464909120806887,0.0],[137.156575125540712,37.465073238757647,0.0],[137.156722032536891,37.465229859058631,0.0],[137.156888594495086,37.465336775139427,0.0],[137.15707737494111,37.465386497171849,0.0],[137.15753182539089,37.465413939277362,0.0],[137.157693008057095,37.465471242760508,0.0],[137.157671346160697,37.465495100479338,0.0],[137.157720126273489,37.465717511349261,0.0],[137.157688451386093,37.465761545775841,0.0],[137.157624595205107,37.465820068348123,0.0],[137.15752242177939,37.465944748596733,0.0],[137.157423439600791,37.466077063135202,0.0],[137.157334036251314,37.466196655693992,0.0],[137.157282941114886,37.466313705619548,0.0],[137.157257387601192,37.466428213748038,0.0],[137.157222256370488,37.466542720202547,0.0],[137.157132853600586,37.466641954918458,0.0],[137.157040263411687,37.466708108073739,0.0],[137.156915743201097,37.466807339756564,0.0],[137.156800806031498,37.466863312937058,0.0],[137.1567114145885,37.466878572799288,0.0],[137.156554978979301,37.466896372487099,0.0],[137.156440036898402,37.46698542564458,0.0],[137.1563602100087,37.467094839436562,0.0],[137.156289959479295,37.467204253112797,0.0],[137.156216515457487,37.467318756783669,0.0],[137.156133494589596,37.467433258652328,0.0],[137.156028127147692,37.467535035802896,0.0],[137.15592595164901,37.467639356956568,0.0],[137.155826966965691,37.467746223923527,0.0],[137.1557535235778,37.467855637876838,0.0],[137.155686463314595,37.467970140893833,0.0],[137.155606633523689,37.468077009448507,0.0],[137.155526808034409,37.468160975562249,0.0],[137.155453366853692,37.468242397517358,0.0],[137.155408648427311,37.468395073128256,0.0],[137.155421409398514,37.468458690275867,0.0],[137.155440554141194,37.468524853638499,0.0],[137.155462893441296,37.468585926980467,0.0],[137.155482040520894,37.468644456207279,0.0],[137.155501186878212,37.468700440721072,0.0],[137.155504369300587,37.468769146369461,0.0],[137.155497973796713,37.468837852013188,0.0],[137.155472423910112,37.468904010232478,0.0],[137.155456450796493,37.468970170255503,0.0],[137.155456450796493,37.468970170255503,0.0]]]]}},{"type":"Feature","properties":{"口座番号":"874"},"geometry":{"type":"MultiPolygon","coordinates":[[[[136.805639567734687,37.237431841905632,0.0],[136.8056980240342,37.237425983421701,0.0],[136.805747719165709,37.237406509144691,0.0],[136.805816451049196,37.237351205292782,0.0],[136.805836368357603,37.237320039971898,0.0],[136.805884211252305,37.237290235729397,0.0],[136.806044487783311,37.237148085599728,0.0],[136.806130062576102,37.23709977156394,0.0],[136.806205281721788,37.237099999640449,0.0],[136.806503844088297,37.237182245071601,0.0],[136.806641830396586,37.237200783701923,0.0],[136.8066795841481,37.23706867093091,0.0],[136.806942934617695,37.236847900034128,0.0],[136.807021255191302,37.236797831339302,0.0],[136.807155912424889,37.236732179146777,0.0],[136.807143161950705,37.236675471873284,0.0],[136.807033465767603,37.236475875155328,0.0],[136.807016757464709,37.236404406123263,0.0],[136.806896524549188,37.236306454665772,0.0],[136.806761015720298,37.236194554001003,0.0],[136.806658197250897,37.236091203375537,0.0],[136.806625022211904,37.236029425459193,0.0],[136.806617061198608,37.235877898479544,0.0],[136.806652626790509,37.235800520085903,0.0],[136.806722394597301,37.235729798670469,0.0],[136.806791474673986,37.235702251050803,0.0],[136.806924386965505,37.235635576425089,0.0],[136.80697620663571,37.235587544901847,0.0],[136.807025814013912,37.235497486859821,0.0],[136.807012984387711,37.23545774132544,0.0],[136.806935380757295,37.235350336714433,0.0],[136.806811892381603,37.235259755538699,0.0],[136.806732927233014,37.235236386213643,0.0],[136.806624446938599,37.235234901207363,0.0],[136.80657231177841,37.235247850557101,0.0],[136.806366863573999,37.235257251671783,0.0],[136.806349670451908,37.235240003062962,0.0],[136.806321422445393,37.235157594212609,0.0],[136.806259913807992,37.235042919135722,0.0],[136.806088509525694,37.234952171546887,0.0],[136.80597451646841,37.234905212463893,0.0],[136.805882309749393,37.234937099298357,0.0],[136.805776963233797,37.235007925380017,0.0],[136.805714242196103,37.235040899485973,0.0],[136.805342152859993,37.234909469249068,0.0],[136.805186272218492,37.234837677970383,0.0],[136.80509398058561,37.234778029658322,0.0],[136.80500755875849,37.23470066582518,0.0],[136.80497128854509,37.23462191327387,0.0],[136.804971805637592,37.234513202298402,0.0],[136.804924077830293,37.234511901269123,0.0],[136.804629616773695,37.234453176717913,0.0],[136.804545583113111,37.23441557508356,0.0],[136.804418140611688,37.234273728338202,0.0],[136.804409389451195,37.234251317451893,0.0],[136.804308087173695,37.234160415837863,0.0],[136.804242530206011,37.234055744298651,0.0],[136.804188717810803,37.233914872349857,0.0],[136.804155858233202,37.233727802197102,0.0],[136.804153084183298,37.233601734345328,0.0],[136.804202335971212,37.233586849709063,0.0],[136.804302641188087,37.233583300720049,0.0],[136.804336513059894,37.233557960892362,0.0],[136.804336164111106,37.233428815885063,0.0],[136.804322961607909,37.23336632433476,0.0],[136.804275583985003,37.233291777397397,0.0],[136.804219899134011,37.233240336176522,0.0],[136.804162815293296,37.233178867354518,0.0],[136.804028255301887,37.233085936162013,0.0],[136.8038372276296,37.232926824801773,0.0],[136.803735364913194,37.232839557034268,0.0],[136.803687257732491,37.232775623859162,0.0],[136.803669364974098,37.232734828832278,0.0],[136.803675193742492,37.232523976361293,0.0],[136.803581019954294,37.232357068331417,0.0],[136.80348404627739,37.232245554147667,0.0],[136.803391554915493,37.232195115254179,0.0],[136.803288025251106,37.232171355584008,0.0],[136.803165512904002,37.232150122007738,0.0],[136.803043138540488,37.232145931842453,0.0],[136.802921641945289,37.232172274606683,0.0],[136.802808112688808,37.232172199801987,0.0],[136.802632164795199,37.232106783882827,0.0],[136.802598972831106,37.232132306447127,0.0],[136.802430147885389,37.232345894546548,0.0],[136.802315020018199,37.232424569699873,0.0],[136.802262719099105,37.232472212041912,0.0],[136.802163587651307,37.232532818102072,0.0],[136.801921168653905,37.232712490100042,0.0],[136.801683771168996,37.232850157280247,0.0],[136.801408057207993,37.233034737693963,0.0],[136.801265812251302,37.233136845018088,0.0],[136.8011488400345,37.233197395170649,0.0],[136.801209848697994,37.233244227848203,0.0],[136.801297653230989,37.233333549537811,0.0],[136.801383145909,37.23340243176375,0.0],[136.801442081033997,37.233470790473987,0.0],[136.801549713923293,37.233634130825742,0.0],[136.801627092450701,37.233707968413228,0.0],[136.801913133003893,37.233907958463668,0.0],[136.801962565102713,37.233955912147529,0.0],[136.801972492514807,37.233997191132048,0.0],[136.801955751177786,37.234069614913182,0.0],[136.801872254645104,37.234187322220237,0.0],[136.801784720579008,37.234242181099809,0.0],[136.801539460399908,37.234309276807991,0.0],[136.80145585695351,37.234348726491582,0.0],[136.80145075854881,37.234406150715373,0.0],[136.801549882654712,37.234648937421269,0.0],[136.801585986041005,37.234767393463798,0.0],[136.801611704817788,37.234833779825472,0.0],[136.801637573800207,37.234868554039878,0.0],[136.801657055797989,37.234928367235383,0.0],[136.801660418469709,37.235031306672369,0.0],[136.801578841473088,37.235200774365232,0.0],[136.80151644741801,37.235357857418137,0.0],[136.801513703723089,37.235432266216357,0.0],[136.801560437828414,37.235498104609213,0.0],[136.801560016264006,37.235522420348033,0.0],[136.801501320755193,37.235595871745353,0.0],[136.801426751991386,37.235711582289348,0.0],[136.801425244909893,37.235724010554662,0.0],[136.801506436657888,37.23578555500751,0.0],[136.801654626097701,37.235851930532071,0.0],[136.801841452661193,37.235905317944763,0.0],[136.8019551792828,37.235919159983467,0.0],[136.80199484914391,37.23599214134277,0.0],[136.802028648617892,37.236082837981847,0.0],[136.802066807087414,37.236149770772059,0.0],[136.802080679481094,37.236203927334287,0.0],[136.802123806911709,37.236325227153714,0.0],[136.802213995548811,37.236430178384872,0.0],[136.802311097471403,37.236515525072257,0.0],[136.802429686741107,37.236670720494757,0.0],[136.802529459226207,37.236786760545179,0.0],[136.802555584012396,37.236869337659734,0.0],[136.802579746717214,37.237059465085849,0.0],[136.802610684613512,37.237143599719388,0.0],[136.802624264175506,37.237228065767553,0.0],[136.802664299388198,37.237338788298374,0.0],[136.802746809087211,37.237628939463448,0.0],[136.802782627389888,37.237801754061998,0.0],[136.802784154293903,37.237883410266583,0.0],[136.802765081575387,37.237938347706027,0.0],[136.802704395776288,37.238024514823223,0.0],[136.802613242424087,37.23812947776338,0.0],[136.802533626274311,37.23824180140312,0.0],[136.802504672569796,37.238298293503533,0.0],[136.802473623637212,37.238344699098171,0.0],[136.802249411647892,37.238714474317653,0.0],[136.802221860328586,37.238828883658023,0.0],[136.802279800243895,37.238893583849269,0.0],[136.802370600359296,37.238963253013367,0.0],[136.802460064765114,37.239009786863342,0.0],[136.8025145613679,37.239008026935807,0.0],[136.802509565296901,37.238843016253767,0.0],[136.802586494628514,37.238738298941527,0.0],[136.802586632092897,37.238709482989897,0.0],[136.802563625629205,37.238680499460507,0.0],[136.802561972358205,37.23862305447021,0.0],[136.802602318647303,37.238555329638586,0.0],[136.80264499219129,37.238515048689578,0.0],[136.802715856974487,37.238430792654647,0.0],[136.802829406851998,37.238280793227993,0.0],[136.802917597654414,37.238190470715821,0.0],[136.803047192439493,37.238098773990352,0.0],[136.803130596324593,37.238054869212057,0.0],[136.803332761355591,37.238059575378273,0.0],[136.803419100604202,37.238043483809832,0.0],[136.803572366106607,37.237935188179691,0.0],[136.803702818023908,37.237820552355117,0.0],[136.803785553726186,37.23777364699977,0.0],[136.803966255348797,37.237917581399927,0.0],[136.804061584688412,37.237946494165783,0.0],[136.804172698774607,37.237954466021122,0.0],[136.804249133072886,37.23794188677558,0.0],[136.804319825674099,37.237917841939272,0.0],[136.804363809343812,37.237917703468149,0.0],[136.80442193342941,37.237955225064567,0.0],[136.804482880728386,37.237969696215842,0.0],[136.804595769724187,37.237957704031047,0.0],[136.804706836068192,37.237923346394183,0.0],[136.804795146551498,37.237908580904787,0.0],[136.804944179829306,37.237902200237208,0.0],[136.805007749735012,37.237870228508257,0.0],[136.805062502152992,37.237828415598699,0.0],[136.805141726318794,37.237802487724863,0.0],[136.80531499163601,37.237789929414838,0.0],[136.805364939513311,37.23775464481934,0.0],[136.805432226915713,37.237657806342419,0.0],[136.80550517327211,37.237524564052762,0.0],[136.805553174207006,37.237459792921172,0.0],[136.805639567734687,37.237431841905632,0.0],[136.805639567734687,37.237431841905632,0.0]]]]}},{"type":"Feature","properties":{"口座番号":""},"geometry":{"type":"MultiPolygon","coordinates":[[[[136.913718670346697,37.302122684217693,0.0],[136.913972024476095,37.302258394047442,0.0],[136.914288906621408,37.302371710718567,0.0],[136.9145636012517,37.302451144530217,0.0],[136.914802557055907,37.3026769343128,0.0],[136.914992275142112,37.302868826761042,0.0],[136.915020457365614,37.302874518712848,0.0],[136.915295435781303,37.302869471049547,0.0],[136.915562783428697,37.303038999336273,0.0],[136.915766530079111,37.303253448399133,0.0],[136.91583660269481,37.30338313350186,0.0],[136.915723348831989,37.303518062010113,0.0],[136.915737318458895,37.30355751580197,0.0],[136.916040313667594,37.303608846057067,0.0],[136.916357428602993,37.303654573376157,0.0],[136.916561887925809,37.303655005630922,0.0],[136.916865424332286,37.303543006203448,0.0],[136.917168885418107,37.303453533934537,0.0],[136.917169090083888,37.303391582092523,0.0],[136.917141074975092,37.303335202780367,0.0],[136.917141149407087,37.3033126748375,0.0],[136.91726807322479,37.303307310346881,0.0],[136.91739512714841,37.303262521819001,0.0],[136.917482677048014,37.303224408415801,0.0],[136.9175786946237,37.303184059959378,0.0],[136.917459211579313,37.303071167923036,0.0],[136.91738206761309,37.302947100901328,0.0],[136.917340026378213,37.302868163986027,0.0],[136.917347206772888,37.302828754934588,0.0],[136.917424945331305,37.302772598419793,0.0],[136.917679143878701,37.302654860941708,0.0],[136.917876735813508,37.302598956215938,0.0],[136.918067351392494,37.302520508402203,0.0],[136.918208485417495,37.302481380593093,0.0],[136.91822271553059,37.302441986284727,0.0],[136.918279135727005,37.302436472683432,0.0],[136.9183077810508,37.302301364175072,0.0],[136.918392827739211,37.302166373987127,0.0],[136.918456686591412,37.302042603353343,0.0],[136.918365349124201,37.301946667314347,0.0],[136.918304144200306,37.301906551503059,0.0],[136.918217536549605,37.301873140767853,0.0],[136.918080895134409,37.30183286645704,0.0],[136.917944164839696,37.301819625528779,0.0],[136.9177778221094,37.301806885375157,0.0],[136.917625230600606,37.301900056021232,0.0],[136.917413670093794,37.301916506734543,0.0],[136.917216544644788,37.301831611021143,0.0],[136.916955912485292,37.301763477082133,0.0],[136.916772962765208,37.301656082431712,0.0],[136.916624928575288,37.301650137746101,0.0],[136.916469974874389,37.301604754062197,0.0],[136.916272963335814,37.301486064856867,0.0],[136.915977344376699,37.30133900636293,0.0],[136.9159633750279,37.30129955258564,0.0],[136.915970645717294,37.301233110070797,0.0],[136.91601208203889,37.30106874264947,0.0],[136.915987337295604,37.300877201320809,0.0],[136.916024234975907,37.300805752721658,0.0],[136.91602308475089,37.300727465106831,0.0],[136.916006359020713,37.300668856600332,0.0],[136.915937429389601,37.300620275158423,0.0],[136.915768067587095,37.30066835168158,0.0],[136.91564810456299,37.300701889472613,0.0],[136.915539402784788,37.300741083064182,0.0],[136.915380052941401,37.300746376867188,0.0],[136.915379996728603,37.300763272829407,0.0],[136.915513479506387,37.300904356843247,0.0],[136.915604812085604,37.301000295082197,0.0],[136.91570334468841,37.301051192301721,0.0],[136.915822896739087,37.301141558179118,0.0],[136.915829741077999,37.301203524980643,0.0],[136.915646326371387,37.301236928268438,0.0],[136.915568756599214,37.30124239574743,0.0],[136.9153851730469,37.301326486511847,0.0],[136.91518741385471,37.301433074975691,0.0],[136.915074368149988,37.301506051061807,0.0],[136.914947090580313,37.301618420954597,0.0],[136.914763355151194,37.30174756663321,0.0],[136.914593832184892,37.301842950137939,0.0],[136.914346775845303,37.301932536099493,0.0],[136.914269148805488,37.301954898680478,0.0],[136.913916546494107,37.30198230632125,0.0],[136.913725758247409,37.302111435314778,0.0],[136.913718670346697,37.302122684217693,0.0],[136.913718670346697,37.302122684217693,0.0]]]]}},{"type":"Feature","properties":{"口座番号":""},"geometry":{"type":"MultiPolygon","coordinates":[[[[136.927029187121292,37.310291678970017,0.0],[136.927170313244488,37.31025817254308,0.0],[136.927438534620507,37.310168602742358,0.0],[136.927554441067286,37.310083230291077,0.0],[136.927616745998193,37.310002255078388,0.0],[136.927664856267398,37.309950537668421,0.0],[136.927732694761801,37.309903365687212,0.0],[136.927913326304889,37.309863179701459,0.0],[136.928017758056512,37.30983860945603,0.0],[136.928085489454588,37.30982522917531,0.0],[136.928181481363197,37.309793883345861,0.0],[136.928299943610114,37.309791869204624,0.0],[136.92840429694121,37.309792079347801,0.0],[136.928440869223891,37.309821439478277,0.0],[136.928525238486912,37.309898204757019,0.0],[136.928561597741094,37.309995148660107,0.0],[136.928586739533387,37.310071794712627,0.0],[136.928623205485707,37.310134946690397,0.0],[136.928741668258397,37.310132932108921,0.0],[136.928848856628804,37.310128641944708,0.0],[136.928947633518391,37.310108565131742,0.0],[136.929001256047002,37.310097408793652,0.0],[136.929054956545002,37.310061471700372,0.0],[136.929097389691691,37.310021006348137,0.0],[136.929137101644301,37.309948996206742,0.0],[136.929173957727613,37.309888244359954,0.0],[136.929250235063591,37.309847846865921,0.0],[136.929295410441114,37.309832167830827,0.0],[136.929349007940203,37.309828896112258,0.0],[136.929475966687306,37.309815633791622,0.0],[136.929543648286597,37.309818022232513,0.0],[136.929628322783913,37.309797916591698,0.0],[136.929704826029194,37.309685429396637,0.0],[136.929713470913612,37.309626873694839,0.0],[136.929759098441508,37.309467015663721,0.0],[136.929770726168613,37.309356651337197,0.0],[136.92970343382521,37.309230359351147,0.0],[136.929627864578492,37.309045477729249,0.0],[136.929588641635206,37.308962045250439,0.0],[136.929535345445601,37.308869573325438,0.0],[136.929425664168292,37.308770229929479,0.0],[136.929335640439888,37.308697959555992,0.0],[136.929282273921501,37.308628015457657,0.0],[136.929251519600001,37.308542347040301,0.0],[136.92924896137049,37.308458987991699,0.0],[136.92924918803709,37.308386898571811,0.0],[136.929312963630792,37.308285650110797,0.0],[136.929475308039088,37.308229655383983,0.0],[136.929658627682187,37.308230022659508,0.0],[136.929771634133289,37.30816829668418,0.0],[136.929920194307698,37.30801089735813,0.0],[136.930089764861691,37.307898596019633,0.0],[136.930329489509091,37.307899074997593,0.0],[136.930462871907508,37.308085198015768,0.0],[136.930723520605596,37.308158934241533,0.0],[136.930899806928892,37.308153653549759,0.0],[136.931055274877991,37.308041322732727,0.0],[136.931302612490299,37.307861590188438,0.0],[136.931316784149288,37.307839090283252,0.0],[136.931345425818307,37.307698346681221,0.0],[136.9315920427604,37.307749525006791,0.0],[136.931775448863192,37.307721729061413,0.0],[136.931909569923391,37.307671306986897,0.0],[136.932092905738813,37.307666038499278,0.0],[136.932205699518391,37.307671894038343,0.0],[136.932586158238109,37.307762759537283,0.0],[136.932748237413506,37.307791240123002,0.0],[136.932776527502313,37.307763135925001,0.0],[136.932818849225413,37.307757587537118,0.0],[136.933002603464388,37.307617149925782,0.0],[136.933136967375702,37.307487878619177,0.0],[136.933214646827992,37.307448607718243,0.0],[136.933285153672301,37.30744874678139,0.0],[136.933539030478897,37.307432351095059,0.0],[136.933694232388007,37.307404496609777,0.0],[136.933807355895311,37.30730334283502,0.0],[136.933955871260196,37.307157202363392,0.0],[136.933977352975006,37.30705023616111,0.0],[136.934005781150091,37.306977075749593,0.0],[136.93399916433691,37.306836262155883,0.0],[136.933886736246393,37.306712136552107,0.0],[136.933823471729397,37.306650059838013,0.0],[136.933746210338086,37.306554163400563,0.0],[136.933626732492712,37.306430023670082,0.0],[136.933471845621995,37.306356502266063,0.0],[136.933359053702105,37.3063506479388,0.0],[136.933140328912401,37.306400904758732,0.0],[136.933013383502896,37.306411918244258,0.0],[136.932823139725286,37.3063721183239,0.0],[136.932731726399311,37.306293089329557,0.0],[136.932696927212589,37.306146587915087,0.0],[136.932634117961413,37.305938078834323,0.0],[136.932592198765491,37.305814091397941,0.0],[136.932500995923391,37.305667478342762,0.0],[136.932465795734686,37.305650512616062,0.0],[136.932176742065195,37.305644308222533,0.0],[136.931845175203506,37.305705603069498,0.0],[136.931704094691014,37.305727851154558,0.0],[136.931471480057894,37.305710493028243,0.0],[136.931274469241913,37.305580564779397,0.0],[136.931162100193689,37.305439540614003,0.0],[136.931056694189209,37.30532669032462,0.0],[136.930880643076591,37.305258755410911,0.0],[136.930775097005494,37.305190960786938,0.0],[136.930676636789599,37.305111916148491,0.0],[136.930662782270389,37.305033040174102,0.0],[136.930649138999911,37.304886580319078,0.0],[136.930642475802813,37.30476266247998,0.0],[136.930635618998792,37.304700696528819,0.0],[136.930551348448006,37.304593519953222,0.0],[136.9304879475402,37.304576497370377,0.0],[136.930389224111707,37.304581932340078,0.0],[136.93024795133519,37.304666130588949,0.0],[136.930043294953094,37.304727673856419,0.0],[136.929888167863311,37.304732995621897,0.0],[136.929796512284412,37.304732812212009,0.0],[136.929704786018391,37.304755156689609,0.0],[136.929605531920288,37.304929550689472,0.0],[136.929527570236388,37.305058931069368,0.0],[136.929463726917504,37.30518270766823,0.0],[136.929379209749186,37.305154378118708,0.0],[136.929224418193797,37.305052691217597,0.0],[136.929125995218101,37.304962381315107,0.0],[136.928907785895092,37.304849302643127,0.0],[136.928598063688213,37.304690983317137,0.0],[136.928238847665511,37.304577619677467,0.0],[136.927893502042707,37.304537499257307,0.0],[136.927562596403988,37.304390398528056,0.0],[136.927400776325101,37.304283063009109,0.0],[136.927309406913906,37.304192765848732,0.0],[136.927104302808914,37.304395103759653,0.0],[136.926814825160506,37.3045240540172,0.0],[136.926497449335102,37.304557202529438,0.0],[136.926264749917294,37.304567994124653,0.0],[136.92604629481869,37.304533758025613,0.0],[136.925835123810998,37.304426320023268,0.0],[136.925673198289303,37.304352774081451,0.0],[136.925512654385898,37.304288241972877,0.0],[136.925406963377412,37.304267751274132,0.0],[136.925191372916089,37.304220002576791,0.0],[136.925030699964196,37.304196020130952,0.0],[136.924810825616191,37.304165158068948,0.0],[136.924489458623697,37.304123950313027,0.0],[136.9243077326025,37.304069510868032,0.0],[136.924180847745106,37.304062492531287,0.0],[136.924097595804909,37.304080270514852,0.0],[136.924014271441905,37.304120576391163,0.0],[136.923960442477892,37.304197061551868,0.0],[136.923926093324411,37.304354835583922,0.0],[136.92380707081071,37.304533689785309,0.0],[136.923722194151395,37.304617995949663,0.0],[136.923645875678687,37.304671906693898,0.0],[136.923595112653089,37.304671802444467,0.0],[136.923430111053705,37.304678221867952,0.0],[136.923408938021709,37.30468493677926,0.0],[136.923220278429795,37.305031481540631,0.0],[136.923099821281198,37.30521709048363,0.0],[136.92309894936119,37.305487425826684,0.0],[136.923119755741197,37.305594477092782,0.0],[136.923309193779687,37.305882099976387,0.0],[136.923393491738409,37.305978017682591,0.0],[136.923499213598603,37.305989499002742,0.0],[136.923724830982991,37.305989962363611,0.0],[136.923950303556893,37.306035481182697,0.0],[136.924282004695101,37.3059347845819,0.0],[136.92450767611021,37.305918350490821,0.0],[136.92492405444969,37.305795297226801,0.0],[136.925220464650891,37.30570578994282,0.0],[136.925431980180889,37.30570622127717,0.0],[136.925586983694188,37.305740329270733,0.0],[136.925701277614195,37.305716907539107,0.0],[136.925743623850906,37.30570347689541,0.0],[136.925845172858089,37.305696925149697,0.0],[136.926103092610191,37.305738000272576,0.0],[136.926246740349313,37.305795738818333,0.0],[136.926424134108601,37.305883958625422,0.0],[136.926597212015594,37.305999203123889,0.0],[136.926714973984588,37.306215711645891,0.0],[136.926743952921498,37.306415144018821,0.0],[136.926770272795608,37.306563882781731,0.0],[136.926799606227803,37.306651801796498,0.0],[136.926850306206489,37.306672179827913,0.0],[136.9270957853185,37.306635505660182,0.0],[136.927197506926291,37.306574885685727,0.0],[136.927333146193007,37.306490679723083,0.0],[136.927489958315988,37.306399757967448,0.0],[136.927561991965405,37.306362732171351,0.0],[136.927702288523989,37.306143366629428,0.0],[136.927804051737695,37.306069229354428,0.0],[136.927867581514988,37.306045703062253,0.0],[136.927943674050397,37.306062752647136,0.0],[136.927981629544092,37.30610000055821,0.0],[136.928006808630698,37.306164256405282,0.0],[136.92801065450351,37.306285915866539,0.0],[136.927984684997114,37.306471720261641,0.0],[136.927963105953097,37.306606845293473,0.0],[136.928017662801409,37.306745503087043,0.0],[136.928117614309201,37.306798645615693,0.0],[136.928303537374688,37.306866604507363,0.0],[136.928612440090006,37.306840192561701,0.0],[136.928743656249708,37.306816801935298,0.0],[136.928824033353891,37.3068169634982,0.0],[136.928921236202996,37.306847571732767,0.0],[136.92891234987249,37.306982722429183,0.0],[136.92886112767539,37.307127925699817,0.0],[136.928835415393593,37.307232629650613,0.0],[136.928788465862795,37.307364324615882,0.0],[136.9287670583318,37.307445382706248,0.0],[136.928766770883897,37.307536620889493,0.0],[136.928766568604999,37.30760082553612,0.0],[136.928815828928492,37.307707585137003,0.0],[136.928592354380811,37.307843778551153,0.0],[136.928469458678194,37.307911115520859,0.0],[136.928164301666499,37.308089599217418,0.0],[136.927978119360603,37.308102740705849,0.0],[136.927906180414197,37.308109354016679,0.0],[136.92765200067501,37.30822035496179,0.0],[136.927507951244905,37.3082876482015,0.0],[136.927406431011008,37.308284063785877,0.0],[136.927199481618089,37.308175510398371,0.0],[136.927022178098611,37.308056879044777,0.0],[136.926773451559399,37.30778265886665,0.0],[136.926714386648797,37.307731850927077,0.0],[136.926608626036312,37.307731636443272,0.0],[136.926578959343914,37.307748472327319,0.0],[136.926523426476905,37.307917320305691,0.0],[136.926480595441205,37.308082814819613,0.0],[136.926357310321805,37.308271800460403,0.0],[136.92661809453071,37.308745419490677,0.0],[136.926693938768096,37.308863369952633,0.0],[136.92673447545701,37.308981095595051,0.0],[136.926793076375304,37.309151279783478,0.0],[136.926891072748589,37.309376759190251,0.0],[136.92698194730869,37.309624752164538,0.0],[136.927101026092288,37.309872802157798,0.0],[136.927093403341786,37.310053011358526,0.0],[136.927050561593006,37.310221885209039,0.0],[136.927022161200512,37.310283779915423,0.0],[136.927029187121292,37.310291678970017,0.0],[136.927029187121292,37.310291678970017,0.0]]]]}},{"type":"Feature","properties":{"口座番号":""},"geometry":{"type":"MultiPolygon","coordinates":[[[[136.920512894127199,37.308014679367787,0.0],[136.920516632533293,37.308165625300951,0.0],[136.920612060182606,37.308307750667652,0.0],[136.920637200683899,37.308382145607169,0.0],[136.920662429308607,37.308429507025359,0.0],[136.9208762813833,37.308580889518232,0.0],[136.920915575140299,37.308639544133108,0.0],[136.920926761091209,37.308668853866763,0.0],[136.920740921010406,37.308576102692697,0.0],[136.920495987082489,37.308442677770977,0.0],[136.9204114953871,37.308406457056542,0.0],[136.920363594260607,37.308392840523197,0.0],[136.920335332402686,37.308410804165597,0.0],[136.920312218698598,37.308579716664319,0.0],[136.92034865495549,37.308649629558843,0.0],[136.920539790236887,37.308848274338622,0.0],[136.920669070069891,37.308988217236077,0.0],[136.920699917560199,37.309042348745329,0.0],[136.920896768760912,37.309218476739161,0.0],[136.920899398449109,37.309277055205648,0.0],[136.920790268850993,37.309444662707079,0.0],[136.920756281630787,37.309488521840613,0.0],[136.920569676123193,37.309630060826422,0.0],[136.920535677675701,37.309677299083127,0.0],[136.920514392820991,37.309717805351411,0.0],[136.920514018261997,37.309832697763923,0.0],[136.920568640808398,37.309947704555647,0.0],[136.92061500063059,37.310001868336279,0.0],[136.920746037613412,37.31003593282319,0.0],[136.920910886148306,37.310080205018728,0.0],[136.921092514225705,37.310168441552761,0.0],[136.921176960607511,37.310219304928673,0.0],[136.921269912164405,37.310256669035738,0.0],[136.921358775972294,37.310250094849607,0.0],[136.921464704682506,37.310199626208757,0.0],[136.921557744118303,37.310209956581453,0.0],[136.921650772614214,37.310223666069717,0.0],[136.921743559988812,37.310311717634789,0.0],[136.921803964332497,37.310383932473947,0.0],[136.921951979577102,37.310401134697571,0.0],[136.922226948565594,37.310407334994281,0.0],[136.922515837395707,37.310469883558802,0.0],[136.922720024120707,37.31056041693941,0.0],[136.922867548910688,37.310729681510033,0.0],[136.923001081414213,37.310865124972992,0.0],[136.923120657711308,37.310955483415157,0.0],[136.923212248157711,37.310978199945879,0.0],[136.923332115309108,37.310978446478487,0.0],[136.923494288516196,37.310978779829362,0.0],[136.923952151488095,37.311120520237232,0.0],[136.924071494078987,37.311284093474207,0.0],[136.924127594814593,37.311379952773578,0.0],[136.924162669152395,37.311436344833552,0.0],[136.924225947772186,37.311492794667167,0.0],[136.924409112625398,37.311543857930729,0.0],[136.924500740306911,37.311555309503923,0.0],[136.924803683451586,37.31163477729352,0.0],[136.924867125053709,37.311640538955501,0.0],[136.92495886110629,37.311618198287988,0.0],[136.925015431898487,37.311567625657162,0.0],[136.925262165148013,37.311585025282241,0.0],[136.925445420904992,37.311607927037883,0.0],[136.925551114993198,37.311630670505629,0.0],[136.925762036127509,37.311822588672641,0.0],[136.925916639273112,37.311986231811389,0.0],[136.926057320336611,37.312093526263197,0.0],[136.926190986553109,37.312189542256888,0.0],[136.926219137237013,37.312206495510388,0.0],[136.926501200162306,37.312201436262441,0.0],[136.926712823408707,37.312173705464687,0.0],[136.92700905994019,37.312146145673829,0.0],[136.927135855020907,37.312185826509847,0.0],[136.927396621658005,37.312225778161107,0.0],[136.9275375015024,37.312271119061322,0.0],[136.927777293450106,37.312254707312377,0.0],[136.927791912475101,37.312091408308518,0.0],[136.927735806553898,37.311995550739667,0.0],[136.927686734044812,37.311905339364543,0.0],[136.92763757249881,37.311843287878169,0.0],[136.927461812672107,37.311679604216067,0.0],[136.927370577089391,37.311544251327028,0.0],[136.927223415679009,37.311256720723136,0.0],[136.926929149854203,37.310664762987692,0.0],[136.92689435996661,37.310518260007591,0.0],[136.926880490553287,37.310445015655958,0.0],[136.926930222814207,37.31032684400779,0.0],[136.927026271084088,37.310288400186003,0.0],[136.927094892525304,37.310017805689583,0.0],[136.927100648050498,37.309881726116423,0.0],[136.926653257301098,37.308800103389231,0.0],[136.926364174791587,37.308284267924613,0.0],[136.926457499514811,37.308118217237777,0.0],[136.926551695297206,37.30783136993545,0.0],[136.926564860246913,37.307728910069613,0.0],[136.926277440332996,37.307723129815621,0.0],[136.926163632473191,37.307730472530729,0.0],[136.925884481269009,37.307760916168377,0.0],[136.925447454101288,37.307258007587343,0.0],[136.925289066485306,37.307140289874397,0.0],[136.925080046323103,37.307070906694562,0.0],[136.9250354953368,37.307060924108072,0.0],[136.924703898515702,37.307127830875991,0.0],[136.924389039617296,37.307218778713398,0.0],[136.923985861893186,37.307323851773752,0.0],[136.923590740350988,37.307301268827693,0.0],[136.923435410468812,37.307409798194577,0.0],[136.923236292199192,37.307457110483092,0.0],[136.922994278549396,37.307480180408852,0.0],[136.922935701603905,37.30749050741013,0.0],[136.922823891691593,37.307557931632687,0.0],[136.922619036046001,37.307749439643203,0.0],[136.922331263997791,37.307868597949387,0.0],[136.922023469910414,37.307976361811797,0.0],[136.921870440893088,37.308004237915682,0.0],[136.921753841076594,37.308011621977208,0.0],[136.921577828724509,37.307932409296512,0.0],[136.921393326840104,37.307801341636328,0.0],[136.921171373562998,37.307600403995259,0.0],[136.920986612441396,37.307610158220712,0.0],[136.920896426493812,37.307633963374393,0.0],[136.92070427202151,37.307800119703352,0.0],[136.920618761593886,37.30787350335563,0.0],[136.920512894127199,37.308014679367787,0.0],[136.920512894127199,37.308014679367787,0.0]]]]}},{"type":"Feature","properties":{"口座番号":""},"geometry":{"type":"MultiPolygon","coordinates":[[[[136.927787218709312,37.312239902075078,0.0],[136.927868344676,37.312389992818822,0.0],[136.927917952020096,37.312311244665302,0.0],[136.927967630485909,37.312209968562499,0.0],[136.928108653014192,37.312210252929553,0.0],[136.928179164279101,37.312210395050037,0.0],[136.928235840086302,37.312126028987088,0.0],[136.928356082427399,37.312007998813861,0.0],[136.928504511013188,37.311895657262298,0.0],[136.928540086241298,37.31179435252664,0.0],[136.928617879056105,37.311721292800307,0.0],[136.928801562041514,37.311609021780228,0.0],[136.928837154475303,37.311502084965682,0.0],[136.928837296403401,37.311457029102939,0.0],[136.928929119745391,37.311406525437519,0.0],[136.92903525777291,37.311288466221278,0.0],[136.929049448479788,37.311260334622112,0.0],[136.929098965239604,37.311209745867693,0.0],[136.929211888054112,37.311176180391463,0.0],[136.929423861395691,37.311035805058943,0.0],[136.929565147042013,37.310951607929049,0.0],[136.929600702713202,37.310855934835629,0.0],[136.929749021146193,37.310777383590249,0.0],[136.929897215640892,37.310738256044878,0.0],[136.930137302171403,37.31062609576113,0.0],[136.930320927347708,37.310530718297919,0.0],[136.930547086798811,37.310362209164609,0.0],[136.930702524633091,37.310261142839977,0.0],[136.930907617563804,37.31006443090066,0.0],[136.93109862517781,37.309862058540688,0.0],[136.931176518917511,37.309755205180608,0.0],[136.931416933828189,37.309536034537267,0.0],[136.931579630088294,37.309367397221507,0.0],[136.931685901317195,37.309204279674013,0.0],[136.931735747903303,37.309046682048567,0.0],[136.931742973963196,37.308990376181661,0.0],[136.931743306893196,37.308883368439091,0.0],[136.931743517163909,37.308815784600668,0.0],[136.93176496745329,37.308720082815697,0.0],[136.931800449202001,37.308646936959072,0.0],[136.931822039502208,37.30850617926567,0.0],[136.931836666527602,37.308337247638853,0.0],[136.931865289909098,37.308202135907372,0.0],[136.931929114369808,37.308083990058797,0.0],[136.932035243022511,37.307965928053392,0.0],[136.932099102006902,37.307836518131552,0.0],[136.932148438626399,37.307668921316193,0.0],[136.931959001774089,37.30766988663958,0.0],[136.931845761075493,37.307695295362727,0.0],[136.931691847300897,37.307734398703843,0.0],[136.931345425818307,37.307698346681221,0.0],[136.931308874100012,37.307851647929439,0.0],[136.9312242899843,37.307918504351463,0.0],[136.93106218451689,37.308036301911748,0.0],[136.930960593257112,37.308109733122812,0.0],[136.930885481344205,37.30812133955645,0.0],[136.930709212694694,37.308120988240361,0.0],[136.930474188278708,37.30808839886415,0.0],[136.930396268235995,37.307992259253631,0.0],[136.930286860261702,37.307898989858423,0.0],[136.9301317443134,37.307898679931071,0.0],[136.930080302840793,37.307904861539711,0.0],[136.929990653197308,37.307964233933667,0.0],[136.92994200563291,37.307996451824401,0.0],[136.929818995753891,37.308118115998859,0.0],[136.929778247766308,37.308161288368609,0.0],[136.929644201272197,37.308229993766908,0.0],[136.929496135406708,37.308229697125299,0.0],[136.92931380613021,37.308285358935443,0.0],[136.929249147883212,37.308399669212619,0.0],[136.929251519600001,37.308542347040301,0.0],[136.929279201845105,37.30861945673319,0.0],[136.929383540918991,37.308736413726898,0.0],[136.929522288298898,37.308857746049817,0.0],[136.929627864578492,37.309045477729249,0.0],[136.929696638178996,37.309213732634298,0.0],[136.929761493648698,37.309339323177987,0.0],[136.92976691461061,37.309392826511008,0.0],[136.92974708359219,37.309509110113012,0.0],[136.929720896815212,37.309600854211112,0.0],[136.929684981679003,37.309714606778982,0.0],[136.929647607289411,37.309769561724728,0.0],[136.92955707201989,37.309814834822298,0.0],[136.929422824584293,37.309821184520167,0.0],[136.929345143279704,37.309829131665502,0.0],[136.929231860711212,37.309857577276802,0.0],[136.929173957727613,37.309888244359954,0.0],[136.929104419849494,37.310008257853113,0.0],[136.929015016948313,37.310088199015013,0.0],[136.928863903458392,37.310125583131281,0.0],[136.9287066664603,37.310133526762208,0.0],[136.92861173212961,37.310141746915981,0.0],[136.92847910625639,37.310220357165917,0.0],[136.928381853354807,37.310289728091213,0.0],[136.928157377093214,37.310500715417163,0.0],[136.928068713267493,37.310664008525983,0.0],[136.928033113960709,37.310736137429387,0.0],[136.928003510259089,37.311049341438761,0.0],[136.927999110888408,37.311173740706707,0.0],[136.928074953879388,37.311315311375878,0.0],[136.928168307039499,37.311484908866078,0.0],[136.928205954791309,37.311624057739813,0.0],[136.9281710841814,37.311746474403812,0.0],[136.928142777751987,37.311829442311982,0.0],[136.928092945539589,37.311934899395737,0.0],[136.927995044499909,37.312053597039181,0.0],[136.92791011294031,37.312136571420687,0.0],[136.927790620698886,37.312237247025401,0.0],[136.927787218709312,37.312239902075078,0.0],[136.927787218709312,37.312239902075078,0.0]]]]}},{"type":"Feature","properties":{"口座番号":""},"geometry":{"type":"MultiPolygon","coordinates":[[[[136.651306861920489,36.5009341147599,0.0],[136.651386896143691,36.50103681670786,0.0],[136.651491986490811,36.50110117460207,0.0],[136.651558068536303,36.501156351611122,0.0],[136.6516255402627,36.501204480596982,0.0],[136.651677603722106,36.501261555408362,0.0],[136.65176664212791,36.501336211604396,0.0],[136.651897884944191,36.501359228690369,0.0],[136.651954276309112,36.501333541590007,0.0],[136.651987200461292,36.501269449731623,0.0],[136.651980924233811,36.501119572093188,0.0],[136.652056256728912,36.501078194998563,0.0],[136.652203747099293,36.501102699476561,0.0],[136.652371891772987,36.501134894749782,0.0],[136.652456075081204,36.501151437536677,0.0],[136.6524966828446,36.501216233988337,0.0],[136.65253079471961,36.501261477121133,0.0],[136.652609910645197,36.501289435567102,0.0],[136.652800303071814,36.501301968267157,0.0],[136.653157197250692,36.501096935906943,0.0],[136.653424955499105,36.501016253926132,0.0],[136.653567007133802,36.500910898329742,0.0],[136.653313467516512,36.500916689489237,0.0],[136.653216323580011,36.500905129446807,0.0],[136.653102621431714,36.500934175407401,0.0],[136.652998542706712,36.500911688471753,0.0],[136.652822022772909,36.500935569061014,0.0],[136.65263048177161,36.5009098166027,0.0],[136.652660991487693,36.500819251108993,0.0],[136.652673498550087,36.500707766927228,0.0],[136.652763742706412,36.500657451160222,0.0],[136.652754756424997,36.50048501110016,0.0],[136.652635951934911,36.500406687323967,0.0],[136.652395606265486,36.500452807892742,0.0],[136.652240561499013,36.500465339884862,0.0],[136.652127918897008,36.500384233015957,0.0],[136.652038028876007,36.500449675302477,0.0],[136.652052230952194,36.500505745777581,0.0],[136.652047894157192,36.500575414367439,0.0],[136.651992904828489,36.500579604036773,0.0],[136.651926520123709,36.500554493948123,0.0],[136.651876658310613,36.500567224184358,0.0],[136.651787705108603,36.500583165340558,0.0],[136.6517362727011,36.500480407759532,0.0],[136.651668541392013,36.500442230078832,0.0],[136.651557742964286,36.500451536482039,0.0],[136.651527825702686,36.500401098421747,0.0],[136.6516762766922,36.500386353391917,0.0],[136.651807036382593,36.500353956796388,0.0],[136.651914581428002,36.500291751499518,0.0],[136.651995406553311,36.500260975058289,0.0],[136.651941940306102,36.500164949142757,0.0],[136.651859249020788,36.500179509638023,0.0],[136.6518543064048,36.500252985141401,0.0],[136.651786654254494,36.500273515389452,0.0],[136.651690761876893,36.500262923832807,0.0],[136.651546724132004,36.500291437218152,0.0],[136.651510468585911,36.500329479628483,0.0],[136.651423765572702,36.500364525653389,0.0],[136.651325608284793,36.500349203339027,0.0],[136.6512564515767,36.50036630208335,0.0],[136.651178108574612,36.500426899883642,0.0],[136.651217026985591,36.500498277520862,0.0],[136.651203965809799,36.500591666808297,0.0],[136.651193775187295,36.500710057108932,0.0],[136.651238351321894,36.500836813190617,0.0],[136.651306861920489,36.5009341147599,0.0],[136.651306861920489,36.5009341147599,0.0]]]]}},{"type":"Feature","properties":{"口座番号":""},"geometry":{"type":"MultiPolygon","coordinates":[[[[136.927029187121292,37.310291678970017,0.0],[136.927170313244488,37.31025817254308,0.0],[136.927438534620507,37.310168602742358,0.0],[136.927554441067286,37.310083230291077,0.0],[136.927616745998193,37.310002255078388,0.0],[136.927664856267398,37.309950537668421,0.0],[136.927732694761801,37.309903365687212,0.0],[136.927913326304889,37.309863179701459,0.0],[136.928017758056512,37.30983860945603,0.0],[136.928085489454588,37.30982522917531,0.0],[136.928181481363197,37.309793883345861,0.0],[136.928299943610114,37.309791869204624,0.0],[136.92840429694121,37.309792079347801,0.0],[136.928440869223891,37.309821439478277,0.0],[136.928525238486912,37.309898204757019,0.0],[136.928561597741094,37.309995148660107,0.0],[136.928586739533387,37.310071794712627,0.0],[136.928623205485707,37.310134946690397,0.0],[136.928741668258397,37.310132932108921,0.0],[136.928848856628804,37.310128641944708,0.0],[136.928947633518391,37.310108565131742,0.0],[136.929001256047002,37.310097408793652,0.0],[136.929054956545002,37.310061471700372,0.0],[136.929097389691691,37.310021006348137,0.0],[136.929137101644301,37.309948996206742,0.0],[136.929173957727613,37.309888244359954,0.0],[136.929250235063591,37.309847846865921,0.0],[136.929295410441114,37.309832167830827,0.0],[136.929349007940203,37.309828896112258,0.0],[136.929475966687306,37.309815633791622,0.0],[136.929543648286597,37.309818022232513,0.0],[136.929628322783913,37.309797916591698,0.0],[136.929704826029194,37.309685429396637,0.0],[136.929713470913612,37.309626873694839,0.0],[136.929759098441508,37.309467015663721,0.0],[136.929770726168613,37.309356651337197,0.0],[136.92970343382521,37.309230359351147,0.0],[136.929627864578492,37.309045477729249,0.0],[136.929588641635206,37.308962045250439,0.0],[136.929535345445601,37.308869573325438,0.0],[136.929425664168292,37.308770229929479,0.0],[136.929335640439888,37.308697959555992,0.0],[136.929282273921501,37.308628015457657,0.0],[136.929251519600001,37.308542347040301,0.0],[136.92924896137049,37.308458987991699,0.0],[136.92924918803709,37.308386898571811,0.0],[136.929312963630792,37.308285650110797,0.0],[136.929475308039088,37.308229655383983,0.0],[136.929658627682187,37.308230022659508,0.0],[136.929771634133289,37.30816829668418,0.0],[136.929920194307698,37.30801089735813,0.0],[136.930089764861691,37.307898596019633,0.0],[136.930329489509091,37.307899074997593,0.0],[136.930462871907508,37.308085198015768,0.0],[136.930723520605596,37.308158934241533,0.0],[136.930899806928892,37.308153653549759,0.0],[136.931055274877991,37.308041322732727,0.0],[136.931302612490299,37.307861590188438,0.0],[136.931316784149288,37.307839090283252,0.0],[136.931345425818307,37.307698346681221,0.0],[136.9315920427604,37.307749525006791,0.0],[136.931775448863192,37.307721729061413,0.0],[136.931909569923391,37.307671306986897,0.0],[136.932092905738813,37.307666038499278,0.0],[136.932205699518391,37.307671894038343,0.0],[136.932586158238109,37.307762759537283,0.0],[136.932748237413506,37.307791240123002,0.0],[136.932776527502313,37.307763135925001,0.0],[136.932818849225413,37.307757587537118,0.0],[136.933002603464388,37.307617149925782,0.0],[136.933136967375702,37.307487878619177,0.0],[136.933214646827992,37.307448607718243,0.0],[136.933285153672301,37.30744874678139,0.0],[136.933539030478897,37.307432351095059,0.0],[136.933694232388007,37.307404496609777,0.0],[136.933807355895311,37.30730334283502,0.0],[136.933955871260196,37.307157202363392,0.0],[136.933977352975006,37.30705023616111,0.0],[136.934005781150091,37.306977075749593,0.0],[136.93399916433691,37.306836262155883,0.0],[136.933886736246393,37.306712136552107,0.0],[136.933823471729397,37.306650059838013,0.0],[136.933746210338086,37.306554163400563,0.0],[136.933626732492712,37.306430023670082,0.0],[136.933471845621995,37.306356502266063,0.0],[136.933359053702105,37.3063506479388,0.0],[136.933140328912401,37.306400904758732,0.0],[136.933013383502896,37.306411918244258,0.0],[136.932823139725286,37.3063721183239,0.0],[136.932731726399311,37.306293089329557,0.0],[136.932696927212589,37.306146587915087,0.0],[136.932634117961413,37.305938078834323,0.0],[136.932592198765491,37.305814091397941,0.0],[136.932500995923391,37.305667478342762,0.0],[136.932465795734686,37.305650512616062,0.0],[136.932176742065195,37.305644308222533,0.0],[136.931845175203506,37.305705603069498,0.0],[136.931704094691014,37.305727851154558,0.0],[136.931471480057894,37.305710493028243,0.0],[136.931274469241913,37.305580564779397,0.0],[136.931162100193689,37.305439540614003,0.0],[136.931056694189209,37.30532669032462,0.0],[136.930880643076591,37.305258755410911,0.0],[136.930775097005494,37.305190960786938,0.0],[136.930676636789599,37.305111916148491,0.0],[136.930662782270389,37.305033040174102,0.0],[136.930649138999911,37.304886580319078,0.0],[136.930642475802813,37.30476266247998,0.0],[136.930635618998792,37.304700696528819,0.0],[136.930551348448006,37.304593519953222,0.0],[136.9304879475402,37.304576497370377,0.0],[136.930389224111707,37.304581932340078,0.0],[136.93024795133519,37.304666130588949,0.0],[136.930043294953094,37.304727673856419,0.0],[136.929888167863311,37.304732995621897,0.0],[136.929796512284412,37.304732812212009,0.0],[136.929704786018391,37.304755156689609,0.0],[136.929605531920288,37.304929550689472,0.0],[136.929527570236388,37.305058931069368,0.0],[136.929463726917504,37.30518270766823,0.0],[136.929379209749186,37.305154378118708,0.0],[136.929224418193797,37.305052691217597,0.0],[136.929125995218101,37.304962381315107,0.0],[136.928907785895092,37.304849302643127,0.0],[136.928598063688213,37.304690983317137,0.0],[136.928238847665511,37.304577619677467,0.0],[136.927893502042707,37.304537499257307,0.0],[136.927562596403988,37.304390398528056,0.0],[136.927400776325101,37.304283063009109,0.0],[136.927309406913906,37.304192765848732,0.0],[136.927104302808914,37.304395103759653,0.0],[136.926814825160506,37.3045240540172,0.0],[136.926497449335102,37.304557202529438,0.0],[136.926264749917294,37.304567994124653,0.0],[136.92604629481869,37.304533758025613,0.0],[136.925835123810998,37.304426320023268,0.0],[136.925673198289303,37.304352774081451,0.0],[136.925512654385898,37.304288241972877,0.0],[136.925406963377412,37.304267751274132,0.0],[136.925191372916089,37.304220002576791,0.0],[136.925030699964196,37.304196020130952,0.0],[136.924810825616191,37.304165158068948,0.0],[136.924489458623697,37.304123950313027,0.0],[136.9243077326025,37.304069510868032,0.0],[136.924180847745106,37.304062492531287,0.0],[136.924097595804909,37.304080270514852,0.0],[136.924014271441905,37.304120576391163,0.0],[136.923960442477892,37.304197061551868,0.0],[136.923926093324411,37.304354835583922,0.0],[136.92380707081071,37.304533689785309,0.0],[136.923722194151395,37.304617995949663,0.0],[136.923645875678687,37.304671906693898,0.0],[136.923595112653089,37.304671802444467,0.0],[136.923430111053705,37.304678221867952,0.0],[136.923408938021709,37.30468493677926,0.0],[136.923220278429795,37.305031481540631,0.0],[136.923099821281198,37.30521709048363,0.0],[136.92309894936119,37.305487425826684,0.0],[136.923119755741197,37.305594477092782,0.0],[136.923309193779687,37.305882099976387,0.0],[136.923393491738409,37.305978017682591,0.0],[136.923499213598603,37.305989499002742,0.0],[136.923724830982991,37.305989962363611,0.0],[136.923950303556893,37.306035481182697,0.0],[136.924282004695101,37.3059347845819,0.0],[136.92450767611021,37.305918350490821,0.0],[136.92492405444969,37.305795297226801,0.0],[136.925220464650891,37.30570578994282,0.0],[136.925431980180889,37.30570622127717,0.0],[136.925586983694188,37.305740329270733,0.0],[136.925701277614195,37.305716907539107,0.0],[136.925743623850906,37.30570347689541,0.0],[136.925845172858089,37.305696925149697,0.0],[136.926103092610191,37.305738000272576,0.0],[136.926246740349313,37.305795738818333,0.0],[136.926424134108601,37.305883958625422,0.0],[136.926597212015594,37.305999203123889,0.0],[136.926714973984588,37.306215711645891,0.0],[136.926743952921498,37.306415144018821,0.0],[136.926770272795608,37.306563882781731,0.0],[136.926799606227803,37.306651801796498,0.0],[136.926850306206489,37.306672179827913,0.0],[136.9270957853185,37.306635505660182,0.0],[136.927197506926291,37.306574885685727,0.0],[136.927333146193007,37.306490679723083,0.0],[136.927489958315988,37.306399757967448,0.0],[136.927561991965405,37.306362732171351,0.0],[136.927702288523989,37.306143366629428,0.0],[136.927804051737695,37.306069229354428,0.0],[136.927867581514988,37.306045703062253,0.0],[136.927943674050397,37.306062752647136,0.0],[136.927981629544092,37.30610000055821,0.0],[136.928006808630698,37.306164256405282,0.0],[136.92801065450351,37.306285915866539,0.0],[136.927984684997114,37.306471720261641,0.0],[136.927963105953097,37.306606845293473,0.0],[136.928017662801409,37.306745503087043,0.0],[136.928117614309201,37.306798645615693,0.0],[136.928303537374688,37.306866604507363,0.0],[136.928612440090006,37.306840192561701,0.0],[136.928743656249708,37.306816801935298,0.0],[136.928824033353891,37.3068169634982,0.0],[136.928921236202996,37.306847571732767,0.0],[136.92891234987249,37.306982722429183,0.0],[136.92886112767539,37.307127925699817,0.0],[136.928835415393593,37.307232629650613,0.0],[136.928788465862795,37.307364324615882,0.0],[136.9287670583318,37.307445382706248,0.0],[136.928766770883897,37.307536620889493,0.0],[136.928766568604999,37.30760082553612,0.0],[136.928815828928492,37.307707585137003,0.0],[136.928592354380811,37.307843778551153,0.0],[136.928469458678194,37.307911115520859,0.0],[136.928164301666499,37.308089599217418,0.0],[136.927978119360603,37.308102740705849,0.0],[136.927906180414197,37.308109354016679,0.0],[136.92765200067501,37.30822035496179,0.0],[136.927507951244905,37.3082876482015,0.0],[136.927406431011008,37.308284063785877,0.0],[136.927199481618089,37.308175510398371,0.0],[136.927022178098611,37.308056879044777,0.0],[136.926773451559399,37.30778265886665,0.0],[136.926714386648797,37.307731850927077,0.0],[136.926608626036312,37.307731636443272,0.0],[136.926578959343914,37.307748472327319,0.0],[136.926523426476905,37.307917320305691,0.0],[136.926480595441205,37.308082814819613,0.0],[136.926357310321805,37.308271800460403,0.0],[136.92661809453071,37.308745419490677,0.0],[136.926693938768096,37.308863369952633,0.0],[136.92673447545701,37.308981095595051,0.0],[136.926793076375304,37.309151279783478,0.0],[136.926891072748589,37.309376759190251,0.0],[136.92698194730869,37.309624752164538,0.0],[136.927101026092288,37.309872802157798,0.0],[136.927093403341786,37.310053011358526,0.0],[136.927050561593006,37.310221885209039,0.0],[136.927022161200512,37.310283779915423,0.0],[136.927029187121292,37.310291678970017,0.0],[136.927029187121292,37.310291678970017,0.0]]]]}},{"type":"Feature","properties":{"口座番号":""},"geometry":{"type":"MultiPolygon","coordinates":[[[[136.920512894127199,37.308014679367787,0.0],[136.920516632533293,37.308165625300951,0.0],[136.920612060182606,37.308307750667652,0.0],[136.920637200683899,37.308382145607169,0.0],[136.920662429308607,37.308429507025359,0.0],[136.9208762813833,37.308580889518232,0.0],[136.920915575140299,37.308639544133108,0.0],[136.920926761091209,37.308668853866763,0.0],[136.920740921010406,37.308576102692697,0.0],[136.920495987082489,37.308442677770977,0.0],[136.9204114953871,37.308406457056542,0.0],[136.920363594260607,37.308392840523197,0.0],[136.920335332402686,37.308410804165597,0.0],[136.920312218698598,37.308579716664319,0.0],[136.92034865495549,37.308649629558843,0.0],[136.920539790236887,37.308848274338622,0.0],[136.920669070069891,37.308988217236077,0.0],[136.920699917560199,37.309042348745329,0.0],[136.920896768760912,37.309218476739161,0.0],[136.920899398449109,37.309277055205648,0.0],[136.920790268850993,37.309444662707079,0.0],[136.920756281630787,37.309488521840613,0.0],[136.920569676123193,37.309630060826422,0.0],[136.920535677675701,37.309677299083127,0.0],[136.920514392820991,37.309717805351411,0.0],[136.920514018261997,37.309832697763923,0.0],[136.920568640808398,37.309947704555647,0.0],[136.92061500063059,37.310001868336279,0.0],[136.920746037613412,37.31003593282319,0.0],[136.920910886148306,37.310080205018728,0.0],[136.921092514225705,37.310168441552761,0.0],[136.921176960607511,37.310219304928673,0.0],[136.921269912164405,37.310256669035738,0.0],[136.921358775972294,37.310250094849607,0.0],[136.921464704682506,37.310199626208757,0.0],[136.921557744118303,37.310209956581453,0.0],[136.921650772614214,37.310223666069717,0.0],[136.921743559988812,37.310311717634789,0.0],[136.921803964332497,37.310383932473947,0.0],[136.921951979577102,37.310401134697571,0.0],[136.922226948565594,37.310407334994281,0.0],[136.922515837395707,37.310469883558802,0.0],[136.922720024120707,37.31056041693941,0.0],[136.922867548910688,37.310729681510033,0.0],[136.923001081414213,37.310865124972992,0.0],[136.923120657711308,37.310955483415157,0.0],[136.923212248157711,37.310978199945879,0.0],[136.923332115309108,37.310978446478487,0.0],[136.923494288516196,37.310978779829362,0.0],[136.923952151488095,37.311120520237232,0.0],[136.924071494078987,37.311284093474207,0.0],[136.924127594814593,37.311379952773578,0.0],[136.924162669152395,37.311436344833552,0.0],[136.924225947772186,37.311492794667167,0.0],[136.924409112625398,37.311543857930729,0.0],[136.924500740306911,37.311555309503923,0.0],[136.924803683451586,37.31163477729352,0.0],[136.924867125053709,37.311640538955501,0.0],[136.92495886110629,37.311618198287988,0.0],[136.925015431898487,37.311567625657162,0.0],[136.925262165148013,37.311585025282241,0.0],[136.925445420904992,37.311607927037883,0.0],[136.925551114993198,37.311630670505629,0.0],[136.925762036127509,37.311822588672641,0.0],[136.925916639273112,37.311986231811389,0.0],[136.926057320336611,37.312093526263197,0.0],[136.926190986553109,37.312189542256888,0.0],[136.926219137237013,37.312206495510388,0.0],[136.926501200162306,37.312201436262441,0.0],[136.926712823408707,37.312173705464687,0.0],[136.92700905994019,37.312146145673829,0.0],[136.927135855020907,37.312185826509847,0.0],[136.927396621658005,37.312225778161107,0.0],[136.9275375015024,37.312271119061322,0.0],[136.927777293450106,37.312254707312377,0.0],[136.927791912475101,37.312091408308518,0.0],[136.927735806553898,37.311995550739667,0.0],[136.927686734044812,37.311905339364543,0.0],[136.92763757249881,37.311843287878169,0.0],[136.927461812672107,37.311679604216067,0.0],[136.927370577089391,37.311544251327028,0.0],[136.927223415679009,37.311256720723136,0.0],[136.926929149854203,37.310664762987692,0.0],[136.92689435996661,37.310518260007591,0.0],[136.926880490553287,37.310445015655958,0.0],[136.926930222814207,37.31032684400779,0.0],[136.927026271084088,37.310288400186003,0.0],[136.927094892525304,37.310017805689583,0.0],[136.927100648050498,37.309881726116423,0.0],[136.926653257301098,37.308800103389231,0.0],[136.926364174791587,37.308284267924613,0.0],[136.926457499514811,37.308118217237777,0.0],[136.926551695297206,37.30783136993545,0.0],[136.926564860246913,37.307728910069613,0.0],[136.926277440332996,37.307723129815621,0.0],[136.926163632473191,37.307730472530729,0.0],[136.925884481269009,37.307760916168377,0.0],[136.925447454101288,37.307258007587343,0.0],[136.925289066485306,37.307140289874397,0.0],[136.925080046323103,37.307070906694562,0.0],[136.9250354953368,37.307060924108072,0.0],[136.924703898515702,37.307127830875991,0.0],[136.924389039617296,37.307218778713398,0.0],[136.923985861893186,37.307323851773752,0.0],[136.923590740350988,37.307301268827693,0.0],[136.923435410468812,37.307409798194577,0.0],[136.923236292199192,37.307457110483092,0.0],[136.922994278549396,37.307480180408852,0.0],[136.922935701603905,37.30749050741013,0.0],[136.922823891691593,37.307557931632687,0.0],[136.922619036046001,37.307749439643203,0.0],[136.922331263997791,37.307868597949387,0.0],[136.922023469910414,37.307976361811797,0.0],[136.921870440893088,37.308004237915682,0.0],[136.921753841076594,37.308011621977208,0.0],[136.921577828724509,37.307932409296512,0.0],[136.921393326840104,37.307801341636328,0.0],[136.921171373562998,37.307600403995259,0.0],[136.920986612441396,37.307610158220712,0.0],[136.920896426493812,37.307633963374393,0.0],[136.92070427202151,37.307800119703352,0.0],[136.920618761593886,37.30787350335563,0.0],[136.920512894127199,37.308014679367787,0.0],[136.920512894127199,37.308014679367787,0.0]]]]}},{"type":"Feature","properties":{"口座番号":""},"geometry":{"type":"MultiPolygon","coordinates":[[[[136.913718670346697,37.302122684217693,0.0],[136.913972024476095,37.302258394047442,0.0],[136.914288906621408,37.302371710718567,0.0],[136.9145636012517,37.302451144530217,0.0],[136.914802557055907,37.3026769343128,0.0],[136.914992275142112,37.302868826761042,0.0],[136.915020457365614,37.302874518712848,0.0],[136.915295435781303,37.302869471049547,0.0],[136.915562783428697,37.303038999336273,0.0],[136.915766530079111,37.303253448399133,0.0],[136.91583660269481,37.30338313350186,0.0],[136.915723348831989,37.303518062010113,0.0],[136.915737318458895,37.30355751580197,0.0],[136.916040313667594,37.303608846057067,0.0],[136.916357428602993,37.303654573376157,0.0],[136.916561887925809,37.303655005630922,0.0],[136.916865424332286,37.303543006203448,0.0],[136.917168885418107,37.303453533934537,0.0],[136.917169090083888,37.303391582092523,0.0],[136.917141074975092,37.303335202780367,0.0],[136.917141149407087,37.3033126748375,0.0],[136.91726807322479,37.303307310346881,0.0],[136.91739512714841,37.303262521819001,0.0],[136.917482677048014,37.303224408415801,0.0],[136.9175786946237,37.303184059959378,0.0],[136.917459211579313,37.303071167923036,0.0],[136.91738206761309,37.302947100901328,0.0],[136.917340026378213,37.302868163986027,0.0],[136.917347206772888,37.302828754934588,0.0],[136.917424945331305,37.302772598419793,0.0],[136.917679143878701,37.302654860941708,0.0],[136.917876735813508,37.302598956215938,0.0],[136.918067351392494,37.302520508402203,0.0],[136.918208485417495,37.302481380593093,0.0],[136.91822271553059,37.302441986284727,0.0],[136.918279135727005,37.302436472683432,0.0],[136.9183077810508,37.302301364175072,0.0],[136.918392827739211,37.302166373987127,0.0],[136.918456686591412,37.302042603353343,0.0],[136.918365349124201,37.301946667314347,0.0],[136.918304144200306,37.301906551503059,0.0],[136.918217536549605,37.301873140767853,0.0],[136.918080895134409,37.30183286645704,0.0],[136.917944164839696,37.301819625528779,0.0],[136.9177778221094,37.301806885375157,0.0],[136.917625230600606,37.301900056021232,0.0],[136.917413670093794,37.301916506734543,0.0],[136.917216544644788,37.301831611021143,0.0],[136.916955912485292,37.301763477082133,0.0],[136.916772962765208,37.301656082431712,0.0],[136.916624928575288,37.301650137746101,0.0],[136.916469974874389,37.301604754062197,0.0],[136.916272963335814,37.301486064856867,0.0],[136.915977344376699,37.30133900636293,0.0],[136.9159633750279,37.30129955258564,0.0],[136.915970645717294,37.301233110070797,0.0],[136.91601208203889,37.30106874264947,0.0],[136.915987337295604,37.300877201320809,0.0],[136.916024234975907,37.300805752721658,0.0],[136.91602308475089,37.300727465106831,0.0],[136.916006359020713,37.300668856600332,0.0],[136.915937429389601,37.300620275158423,0.0],[136.915768067587095,37.30066835168158,0.0],[136.91564810456299,37.300701889472613,0.0],[136.915539402784788,37.300741083064182,0.0],[136.915380052941401,37.300746376867188,0.0],[136.915379996728603,37.300763272829407,0.0],[136.915513479506387,37.300904356843247,0.0],[136.915604812085604,37.301000295082197,0.0],[136.91570334468841,37.301051192301721,0.0],[136.915822896739087,37.301141558179118,0.0],[136.915829741077999,37.301203524980643,0.0],[136.915646326371387,37.301236928268438,0.0],[136.915568756599214,37.30124239574743,0.0],[136.9153851730469,37.301326486511847,0.0],[136.91518741385471,37.301433074975691,0.0],[136.915074368149988,37.301506051061807,0.0],[136.914947090580313,37.301618420954597,0.0],[136.914763355151194,37.30174756663321,0.0],[136.914593832184892,37.301842950137939,0.0],[136.914346775845303,37.301932536099493,0.0],[136.914269148805488,37.301954898680478,0.0],[136.913916546494107,37.30198230632125,0.0],[136.913725758247409,37.302111435314778,0.0],[136.913718670346697,37.302122684217693,0.0],[136.913718670346697,37.302122684217693,0.0]]]]}},{"type":"Feature","properties":{"口座番号":""},"geometry":{"type":"MultiPolygon","coordinates":[[[[136.927787218709312,37.312239902075078,0.0],[136.927868344676,37.312389992818822,0.0],[136.927917952020096,37.312311244665302,0.0],[136.927967630485909,37.312209968562499,0.0],[136.928108653014192,37.312210252929553,0.0],[136.928179164279101,37.312210395050037,0.0],[136.928235840086302,37.312126028987088,0.0],[136.928356082427399,37.312007998813861,0.0],[136.928504511013188,37.311895657262298,0.0],[136.928540086241298,37.31179435252664,0.0],[136.928617879056105,37.311721292800307,0.0],[136.928801562041514,37.311609021780228,0.0],[136.928837154475303,37.311502084965682,0.0],[136.928837296403401,37.311457029102939,0.0],[136.928929119745391,37.311406525437519,0.0],[136.92903525777291,37.311288466221278,0.0],[136.929049448479788,37.311260334622112,0.0],[136.929098965239604,37.311209745867693,0.0],[136.929211888054112,37.311176180391463,0.0],[136.929423861395691,37.311035805058943,0.0],[136.929565147042013,37.310951607929049,0.0],[136.929600702713202,37.310855934835629,0.0],[136.929749021146193,37.310777383590249,0.0],[136.929897215640892,37.310738256044878,0.0],[136.930137302171403,37.31062609576113,0.0],[136.930320927347708,37.310530718297919,0.0],[136.930547086798811,37.310362209164609,0.0],[136.930702524633091,37.310261142839977,0.0],[136.930907617563804,37.31006443090066,0.0],[136.93109862517781,37.309862058540688,0.0],[136.931176518917511,37.309755205180608,0.0],[136.931416933828189,37.309536034537267,0.0],[136.931579630088294,37.309367397221507,0.0],[136.931685901317195,37.309204279674013,0.0],[136.931735747903303,37.309046682048567,0.0],[136.931742973963196,37.308990376181661,0.0],[136.931743306893196,37.308883368439091,0.0],[136.931743517163909,37.308815784600668,0.0],[136.93176496745329,37.308720082815697,0.0],[136.931800449202001,37.308646936959072,0.0],[136.931822039502208,37.30850617926567,0.0],[136.931836666527602,37.308337247638853,0.0],[136.931865289909098,37.308202135907372,0.0],[136.931929114369808,37.308083990058797,0.0],[136.932035243022511,37.307965928053392,0.0],[136.932099102006902,37.307836518131552,0.0],[136.932148438626399,37.307668921316193,0.0],[136.931959001774089,37.30766988663958,0.0],[136.931845761075493,37.307695295362727,0.0],[136.931691847300897,37.307734398703843,0.0],[136.931345425818307,37.307698346681221,0.0],[136.931308874100012,37.307851647929439,0.0],[136.9312242899843,37.307918504351463,0.0],[136.93106218451689,37.308036301911748,0.0],[136.930960593257112,37.308109733122812,0.0],[136.930885481344205,37.30812133955645,0.0],[136.930709212694694,37.308120988240361,0.0],[136.930474188278708,37.30808839886415,0.0],[136.930396268235995,37.307992259253631,0.0],[136.930286860261702,37.307898989858423,0.0],[136.9301317443134,37.307898679931071,0.0],[136.930080302840793,37.307904861539711,0.0],[136.929990653197308,37.307964233933667,0.0],[136.92994200563291,37.307996451824401,0.0],[136.929818995753891,37.308118115998859,0.0],[136.929778247766308,37.308161288368609,0.0],[136.929644201272197,37.308229993766908,0.0],[136.929496135406708,37.308229697125299,0.0],[136.92931380613021,37.308285358935443,0.0],[136.929249147883212,37.308399669212619,0.0],[136.929251519600001,37.308542347040301,0.0],[136.929279201845105,37.30861945673319,0.0],[136.929383540918991,37.308736413726898,0.0],[136.929522288298898,37.308857746049817,0.0],[136.929627864578492,37.309045477729249,0.0],[136.929696638178996,37.309213732634298,0.0],[136.929761493648698,37.309339323177987,0.0],[136.92976691461061,37.309392826511008,0.0],[136.92974708359219,37.309509110113012,0.0],[136.929720896815212,37.309600854211112,0.0],[136.929684981679003,37.309714606778982,0.0],[136.929647607289411,37.309769561724728,0.0],[136.92955707201989,37.309814834822298,0.0],[136.929422824584293,37.309821184520167,0.0],[136.929345143279704,37.309829131665502,0.0],[136.929231860711212,37.309857577276802,0.0],[136.929173957727613,37.309888244359954,0.0],[136.929104419849494,37.310008257853113,0.0],[136.929015016948313,37.310088199015013,0.0],[136.928863903458392,37.310125583131281,0.0],[136.9287066664603,37.310133526762208,0.0],[136.92861173212961,37.310141746915981,0.0],[136.92847910625639,37.310220357165917,0.0],[136.928381853354807,37.310289728091213,0.0],[136.928157377093214,37.310500715417163,0.0],[136.928068713267493,37.310664008525983,0.0],[136.928033113960709,37.310736137429387,0.0],[136.928003510259089,37.311049341438761,0.0],[136.927999110888408,37.311173740706707,0.0],[136.928074953879388,37.311315311375878,0.0],[136.928168307039499,37.311484908866078,0.0],[136.928205954791309,37.311624057739813,0.0],[136.9281710841814,37.311746474403812,0.0],[136.928142777751987,37.311829442311982,0.0],[136.928092945539589,37.311934899395737,0.0],[136.927995044499909,37.312053597039181,0.0],[136.92791011294031,37.312136571420687,0.0],[136.927790620698886,37.312237247025401,0.0],[136.927787218709312,37.312239902075078,0.0],[136.927787218709312,37.312239902075078,0.0]]]]}}]}